tree
version=v4
num_class=1
num_tree_per_iteration=1
label_index=0
max_feature_idx=42
objective=binary sigmoid:1
feature_names=url_length hostname_length registrable_domain_length path_length query_length subdomain_count dot_count hyphen_count underscore_count slash_count digit_count letter_count special_character_count percent_encoded_count parameter_count is_https is_http has_ip_address has_ipv4 has_ipv6 has_punycode has_at_symbol has_non_default_port has_fragment contains_login contains_signin contains_verify contains_verification contains_secure contains_account contains_password contains_update contains_payment contains_wallet contains_bank contains_confirm contains_auth contains_oauth url_entropy hostname_entropy digit_ratio special_character_ratio hostname_to_url_length_ratio
feature_infos=[13:71] [4:62] [4:62] none none none [1:3] [0:7] none none [0:40] [5:65] [5:12] none none none none [0:1] [0:1] none [0:1] none none none [0:1] none [0:1] none [0:1] [0:1] none [0:1] [0:1] none [0:1] [0:1] [0:1] none [2.4930310703612504:4.7034651896016477] [1.3787834934861753:4.6258446875449124] [0:0.76923076923076927] [0.084507042253521125:0.41176470588235292] [0.30769230769230771:0.87323943661971826]
tree_sizes=3441 3460 3457 3460 3444 3467 3458 3457 3460 3465 3480 3445 3458 3472 3446 3466 3489 3449 3473 3460 3483 3472 3487 3460 3466 3442 3469 3485 3489 3460 3477 3467 3473 3483 3474 3482 3474 3463 3461 3459 3466 3478 3455 3458 3459 3469 3465 3454 3478 3464 3478 3456 3479 3462 3459 3475 3471 3478 3459 3477 3459 3487 3474 3455 3493 3430 3461 3487 3483 3483 3456 3459 3473 3460 3472 3457 3432 3456 3469 3445 3482 3421 3460 3425 3427 3467 3440 3434 3437 3458 3456 3430 3424 3468 3444 3407 3448 3449 3428 3419 3471 3418 3448 3465 3440 3467 3434 3404 3436 3407 3463 3435 3428 3447 3439 3439 3412 3426 3454 3447 3443 3424 3444 3434 3431 3426 3428 3436 3442 3425 3436 3447 3408 3426 3417 3399 3435 3458 3432 3425 3423 3436 3401 3444 3428 3457 3408 3417 3429 3416 3424 3417 3431 3425 3448 3427 3434 3435 3428 3432 3438 3417 3443 3393 3420 3416 3429 3435 3425 3438 3409 3421 3444 3427 3420 3408 3423 3417 3423 3439 3416 3419 3405 3440 3421 3419 3415 3425 3459 3406 3417 3427 3456 3478 3428 3436 3426 3465 3433 3401 3470 3425 3467 3435 3418 3416 3417 3453 3412 3442 3416 3437 3436 3423 3434 3421 3450 3459 3398 3441 3427 3417 3445 3413 3427 3435 3415 3435 3440 3424 3413 3414 3410 3463 3427 3444 3420 3407 3473 3434 3411 3443 3440 3409 3429 3433 3419 3426 3433 3439

Tree=0
num_leaves=31
num_cat=0
split_feature=0 10 10 6 41 0 12 39 10 39 38 12 40 10 12 39 0 39 0 41 39 38 38 39 39 40 40 41 0 38
split_gain=1302.66 557.94 336.276 257.278 180.623 147.82 85.6429 63.2827 42.6309 41.2043 38.7473 35.6134 33.6697 29.9898 28.9296 23.6735 22.8248 22.361 20.983 20.3194 20.2886 26.1641 16.9984 18.9483 15.7071 15.2134 14.3903 16.1072 14.3278 12.5234
threshold=23.500000000000004 4.5000000000000009 2.5000000000000004 1.5000000000000002 0.29289215686274517 31.500000000000004 5.5000000000000009 3.1230102876585404 4.5000000000000009 3.250814583693912 3.5842434495629507 5.5000000000000009 0.043961352657004842 1.0000000180025095e-35 5.5000000000000009 3.5219916518807821 28.500000000000004 3.833320691584952 27.500000000000004 0.267948717948718 3.4572159468017696 3.6962861127732456 3.5285632774845577 2.9201119644709261 3.6254072918469564 0.075961538461538483 0.043961352657004842 0.28102564102564109 21.500000000000004 3.5771824039098052
decision_type=2 2 2 2 2 2 2 2 2 2 2 2 2 2 2 2 2 2 2 2 2 2 2 2 2 2 2 2 2 2
left_child=1 4 3 5 7 6 24 12 11 13 -9 18 -1 -6 -3 -8 -5 -7 -4 -17 26 -22 23 -14 25 29 28 -28 -12 -2
right_child=2 14 8 16 9 17 15 10 -10 -11 20 -13 22 -15 -16 19 -18 -19 -20 -21 21 -23 -24 -25 -26 -27 27 -29 -30 -31
leaf_value=-0.031284895334549985 0.02602898429255782 0.05453797039606792 -0.0028626844815402793 -0.040285091033698373 -0.060017833639456959 0.042425548558196698 0.022942173984663378 0.0089571181150032344 0.090676615823543916 -0.0045193062639686185 -0.02868531972783751 0.07476390211815373 -0.012966248945354395 -0.024563878095244879 0.099088172756500462 0.047203930700384568 -0.0098180385652253486 0.068262307659693086 0.066197996158031389 -0.047765477803718308 0.045714334650153621 -0.00938959593733402 -0.0153739519832858 0.060613095598077621 0.021181479666476946 -0.029715630562942578 -0.0085427101388043918 0.075034341825555656 -0.016285421884118557 0.009446535703128929
leaf_weight=1137.4703766703606 124.27541315555573 108.79661804437637 33.999234557151794 170.94588804244995 440.54224640130997 288.09602808952332 202.28645956516266 171.7620844244957 166.11834806203842 43.498454511165619 422.40478825569153 69.290701687335968 17.248242437839508 68.986684083938599 54.792657315731049 280.10388040542603 95.992592990398407 118.06331986188889 16.25845605134964 5.7478427290916434 23.008263647556305 337.97505879402161 116.48592668771744 17.758456945419312 415.81919372081757 23.494514048099518 144.99026507139206 6.003539264202117 519.43352442979813 1358.350790977478
leaf_count=4551 497 435 136 684 1763 1152 809 687 664 174 1690 277 69 276 219 1120 384 472 65 23 92 1352 466 71 1663 94 580 24 2078 5433
internal_value=-1.32859e-08 -0.0207757 0.0223933 0.0175849 -0.0250327 0.0220316 0.017329 -0.0200618 0.0742909 -0.0512299 -0.0135012 0.0515222 -0.0283358 -0.0552176 0.0694596 0.0360315 -0.029329 0.0499358 0.0194786 0.0452943 -0.0161546 -0.0058774 -0.00619237 0.0243596 0.0125789 0.0102039 -0.0195493 -0.00521967 -0.0218466 0.0108365
internal_weight=7000 3631.16 3368.84 3083.18 3467.57 2816.24 2410.08 2914.54 285.667 553.027 1625.58 119.548 1288.96 509.529 163.589 488.138 266.938 406.159 50.2577 285.852 1453.82 360.983 151.493 35.0067 1921.94 1506.12 1092.83 150.994 941.838 1482.63
internal_count=28000 14527 13473 12331 13873 11263 9639 11660 1142 2213 6503 478 5157 2039 654 1952 1068 1624 201 1143 5816 1444 606 140 7687 6024 4372 604 3768 5930
is_linear=0
shrinkage=1


Tree=1
num_leaves=31
num_cat=0
split_feature=0 10 10 6 41 0 7 39 7 10 38 7 7 40 39 10 12 41 0 0 7 39 38 39 6 39 38 39 38 39
split_gain=1176.04 503.966 304.297 232.246 163.276 134.567 64.2342 57.1447 51.8881 38.6933 34.9737 33.1781 31.6333 30.3986 27.9042 26.7672 26.3019 21.4037 20.6182 19.5128 18.3837 18.0137 15.3454 17.1194 13.4491 14.8104 24.4345 13.1044 12.3626 12.2243
threshold=23.500000000000004 4.5000000000000009 2.5000000000000004 1.5000000000000002 0.29289215686274517 30.500000000000004 1.0000000180025095e-35 3.1230102876585404 1.0000000180025095e-35 4.5000000000000009 3.5842434495629507 1.0000000180025095e-35 1.0000000180025095e-35 0.043961352657004842 3.833320691584952 1.0000000180025095e-35 5.5000000000000009 0.27429467084639503 28.500000000000004 27.500000000000004 1.5000000000000002 3.7201521494487664 3.5285632774845577 2.9201119644709261 1.5000000000000002 3.3215162127329263 3.7085114564352462 3.0937150727711624 4.1821713243925931 3.4572159468017696
decision_type=2 2 2 2 2 2 2 2 2 2 2 2 2 2 2 2 2 2 2 2 2 2 2 2 2 2 2 2 2 2
left_child=1 4 3 5 7 6 28 13 15 11 -9 19 24 -1 20 -6 -3 21 -5 -4 -7 -8 23 -15 25 -12 29 -10 -2 -27
right_child=2 16 9 18 8 14 17 10 27 -11 12 -13 -14 22 -16 -17 -18 -19 -20 -21 -22 -23 -24 -25 -26 26 -28 -29 -30 -31
leaf_value=-0.029728038668228103 0.011114326788569544 0.051850297917759983 -0.0013828878759791505 -0.038286625031744355 -0.060323614260018268 0.032948558600534542 0.028509594803369415 0.0085094500427555144 -0.039659502795445278 0.086323095795861948 -0.023151849162078388 0.072427757068492291 0.0072684698460729717 -0.012318452490852694 0.063325442284823272 -0.025122524224103923 0.094369092510342784 -0.038007551498521856 -0.0093273531042695739 0.063956409896312141 0.065870445093099153 0.052070180034052505 -0.014606123336183642 0.057636284649803575 -0.038246088150715105 1.4651596377891977e-05 -0.016472481994388437 -0.00029780887982587556 0.055250853364668277 0.039284887788032227
leaf_weight=1137.1921036690474 1816.8218815326691 108.71575212478638 35.996766969561577 170.87654936313629 398.20071960985661 349.71871340274811 333.22339694201946 171.758644759655 32.963074594736099 165.77735361456871 499.839390873909 66.696669533848763 139.7404363900423 17.247517123818398 133.92744337022305 62.477829843759537 54.658381044864655 10.493947744369505 95.990281283855438 16.740351974964142 48.254622027277946 107.2360725402832 116.4790423065424 17.742156326770782 75.468188092112541 119.73614226281643 595.13226702809334 58.97863857448101 16.005285024642944 23.747142255306244
leaf_count=4551 7267 435 144 684 1595 1399 1333 687 132 664 2000 267 559 69 536 250 219 42 384 67 193 429 466 71 302 479 2381 236 64 95
internal_value=1.0665e-07 -0.0197428 0.0212808 0.0167091 -0.0237871 0.0209343 0.0156592 -0.0190618 -0.048705 0.0706914 -0.0128274 0.0489942 -0.0153485 -0.0269254 0.0435839 -0.0555496 0.0660754 0.0325644 -0.0278702 0.0193578 0.0369404 0.0342458 -0.00588358 0.0231534 -0.0177539 -0.0165051 -0.0120071 -0.0144098 0.0114998 0.00651406
internal_weight=6997.84 3630.08 3367.76 3082.55 3466.7 2815.68 2283.78 2914.08 552.62 285.211 1625.42 119.434 1453.66 1288.66 531.901 460.679 163.374 450.953 266.867 52.7371 397.973 440.459 151.469 34.9897 1313.92 1238.45 738.616 91.9417 1832.83 143.483
internal_count=28000 14527 13473 12331 13873 11263 9135 11660 2213 1142 6503 478 5816 5157 2128 1845 654 1804 1068 211 1592 1762 606 140 5257 4955 2955 368 7331 574
is_linear=0
shrinkage=0.05


Tree=2
num_leaves=31
num_cat=0
split_feature=0 10 10 6 41 0 7 39 7 10 38 7 7 40 10 12 39 38 0 0 41 40 0 38 39 40 39 38 38 39
split_gain=1062.35 455.923 276.707 209.732 148.041 122.15 70.4142 51.6582 47.0804 35.4846 31.5733 30.1866 28.5604 27.4647 24.3506 24.235 20.34 19.1749 18.656 17.6836 17.4067 15.0093 14.8545 14.8489 13.6965 13.234 12.5619 20.1512 12.0511 11.8516
threshold=23.500000000000004 4.5000000000000009 2.5000000000000004 1.5000000000000002 0.29289215686274517 31.500000000000004 1.0000000180025095e-35 3.1230102876585404 1.0000000180025095e-35 4.5000000000000009 3.5842434495629507 1.0000000180025095e-35 1.0000000180025095e-35 0.043961352657004842 1.0000000180025095e-35 5.5000000000000009 3.5219916518807821 4.122235376922017 28.500000000000004 27.500000000000004 0.267948717948718 0.054093567251461992 35.500000000000007 3.6427819312973484 3.6215518189034177 0.075961538461538483 3.4572159468017696 3.6962861127732456 3.7622890633926835 3.0937150727711624
decision_type=2 2 2 2 2 2 2 2 2 2 2 2 2 2 2 2 2 2 2 2 2 2 2 2 2 2 2 2 2 2
left_child=1 4 3 5 7 6 24 13 14 11 -9 19 26 -1 -6 -3 -8 22 -5 -4 -18 23 -7 -15 25 -2 -12 -28 -27 -10
right_child=2 15 9 18 8 17 16 10 29 -11 12 -13 -14 21 -16 -17 20 -19 -20 -21 -22 -23 -24 -25 -26 28 27 -29 -30 -31
leaf_value=-0.028261466267773695 0.0095273038366106687 0.049362996074436886 -0.0013137428821515104 -0.036414658366260864 -0.057465006975630908 0.032567738580437849 0.020464692673695335 0.008084438508961702 -0.037733507949771226 0.082492420147258452 -0.019582379275276812 0.069089634596820576 0.0069048474392127386 0.044645357216243242 -0.023877664271982849 0.090284881573923947 0.042965373083119901 0.065375543672181596 -0.0088615995426128795 0.060954462739663796 -0.044985239832765089 -0.015140598511851995 0.056743547797031516 -0.017179147469248184 0.018784965124555068 -0.079694527143968977 0.039883035965068481 -0.011455246701617487 -0.0024399669519443931 -0.00028292016471512764
leaf_weight=1136.4124436974525 1433.6725133359432 108.48934552073479 35.996784090995789 170.68232363462448 397.133678779006 224.64221428334713 202.15216986835003 171.74898560345173 32.914459586143494 164.82403191924095 1004.6555311828852 66.429460451006889 139.7443864941597 24.727399900555611 62.449020832777023 54.283173054456711 279.5705511868 91.940031349658966 95.983798772096634 16.687788218259811 5.7412736117839804 110.68030825257301 88.597238406538963 15.994058549404143 465.6636611521244 7.7444240450859096 20.470981955528259 288.41865523159504 14.498361766338347 58.978405624628067
leaf_count=4551 5735 435 144 684 1595 900 809 687 132 664 4021 267 559 99 250 219 1120 369 384 67 23 443 355 64 1863 31 82 1154 58 236
internal_value=4.62613e-07 -0.0187714 0.0202355 0.0158826 -0.0226139 0.0198984 0.0156263 -0.0181166 -0.0463685 0.0674662 -0.012189 0.0466737 -0.0145849 -0.0255963 -0.0529011 0.0630101 0.0325984 0.0452985 -0.0264972 0.0184097 0.0411956 -0.00559153 0.0394057 0.0203627 0.0113209 0.00893353 -0.0168711 -0.00805291 -0.0293382 -0.0136971
internal_weight=6991.93 3627.1 3364.83 3080.89 3464.33 2814.22 2409.04 2912.85 551.476 283.938 1625.04 119.114 1453.29 1287.81 459.583 162.773 487.464 405.179 266.666 52.6846 285.312 151.402 313.239 40.7215 1921.58 1455.92 1313.55 308.89 22.2428 91.8929
internal_count=28000 14527 13473 12331 13873 11263 9639 11660 2213 1142 6503 478 5816 5157 1845 654 1952 1624 1068 211 1143 606 1255 163 7687 5824 5257 1236 89 368
is_linear=0
shrinkage=0.05


Tree=3
num_leaves=31
num_cat=0
split_feature=0 10 10 6 41 0 7 39 7 10 38 7 7 10 39 12 10 41 0 7 0 38 38 39 6 39 38 39 41 0
split_gain=960.142 413.011 252.667 189.469 134.591 111.551 52.3745 46.7349 42.8564 32.8286 28.5083 27.5896 25.7911 24.6765 23.7994 22.5853 22.2547 18.4129 16.9045 16.2539 16.0631 15.7467 13.4593 15.7681 12.0867 12.8079 21.5874 11.696 11.3683 10.0264
threshold=23.500000000000004 4.5000000000000009 2.5000000000000004 1.5000000000000002 0.29289215686274517 30.500000000000004 1.0000000180025095e-35 3.1230102876585404 1.0000000180025095e-35 4.5000000000000009 3.5842434495629507 1.0000000180025095e-35 1.0000000180025095e-35 1.0000000180025095e-35 3.833320691584952 5.5000000000000009 1.0000000180025095e-35 0.27429467084639503 28.500000000000004 1.5000000000000002 27.500000000000004 3.8101126321183503 3.5285632774845577 2.6435987411598707 1.5000000000000002 3.3215162127329263 3.7085114564352462 3.939700639726563 0.34166666666666673 21.500000000000004
decision_type=2 2 2 2 2 2 2 2 2 2 2 2 2 2 2 2 2 2 2 2 2 2 2 2 2 2 2 2 2 2
left_child=1 4 3 5 7 6 27 13 16 11 -9 20 24 29 19 -3 -6 21 -5 -7 -4 -8 23 -15 25 -12 -27 -2 -10 -1
right_child=2 15 9 18 8 14 17 10 28 -11 12 -13 -14 22 -16 -17 -18 -19 -20 -21 -22 -23 -24 -25 -26 26 -28 -29 -30 -31
leaf_value=-0.029038180022447041 0.010091631816056891 0.047050315391162389 -0.0012480530165449449 -0.034656388149673312 -0.054829550108055729 0.029701505250359906 0.0146018113885276 0.0076809027278388273 -0.0066327829566737665 0.079090957193614295 -0.021035229089290824 0.066057507206817523 0.0065595888305323806 -0.050180296111742545 0.05789731663120376 0.086717750310733088 -0.022700773104482905 -0.036083596421200376 -0.0084194156692162705 0.060734678287073629 0.05819774887821412 0.036445289104558805 -0.013549002089677575 0.037494603705221473 -0.035473781989885586 0.0067479518495454143 -0.014865166341604341 0.068060240452558846 -0.061460090477405152 -0.016656009602250665
leaf_weight=936.38647526502609 1823.5192909985781 108.13946709036827 35.996770054101944 170.38207590579987 395.45257300138474 348.87166196107864 110.09520302712917 171.73405343294144 81.120656222105026 163.35299499332905 499.38139462471008 66.014895871281624 139.74472242593765 6.2450559586286536 132.95165976881981 53.704453945159912 62.403403699398041 10.481901258230208 95.97377173602581 47.998640418052673 16.60634309053421 329.24314215779305 117.18025396764278 28.676955282688141 75.374115943908691 143.38128350675106 594.83197464048862 8.7431609630584699 10.70186699926853 198.07220011949539
leaf_count=3754 7296 435 144 684 1595 1399 441 687 325 664 2000 267 559 25 536 219 250 42 384 193 67 1321 469 115 302 574 2381 35 43 794
internal_value=9.94596e-07 -0.0178558 0.0192516 0.015102 -0.0215068 0.0189198 0.0141213 -0.017222 -0.0441984 0.0645529 -0.0115839 0.0445321 -0.0138613 -0.0243408 0.0395883 0.0602131 -0.0504506 0.0294089 -0.0252026 0.0334547 0.0175185 0.0309715 -0.00542939 0.0218158 -0.0160348 -0.0148509 -0.0106673 0.0103682 -0.0130229 -0.0268763
internal_weight=6982.76 3622.53 3360.23 3078.26 3460.69 2811.9 2282.08 2911.01 549.678 281.971 1624.45 118.618 1452.71 1286.56 529.822 161.844 457.856 449.82 266.356 396.87 52.6031 439.338 152.102 34.922 1312.97 1237.59 738.213 1832.26 91.8225 1134.46
internal_count=28000 14527 13473 12331 13873 11263 9135 11660 2213 1142 6503 478 5816 5157 2128 654 1845 1804 1068 1592 211 1762 609 140 5257 4955 2955 7331 368 4548
is_linear=0
shrinkage=0.05


Tree=4
num_leaves=31
num_cat=0
split_feature=0 40 10 6 41 0 7 39 7 10 7 38 12 7 10 40 39 40 38 0 41 0 0 39 40 39 38 38 38 38
split_gain=868.138 376.379 231.543 171.21 121.882 101.759 58.1999 42.9534 39.0551 30.6005 25.3139 25.3002 24.6936 23.5813 19.4727 19.1906 18.1807 17.6924 16.613 15.7887 15.2289 14.6199 13.3433 12.064 12.4194 11.4432 17.4444 11.4315 11.3819 11.3565
threshold=23.500000000000004 0.20942982456140355 2.5000000000000004 1.5000000000000002 0.29289215686274517 31.500000000000004 1.0000000180025095e-35 3.1230102876585404 1.0000000180025095e-35 4.5000000000000009 1.0000000180025095e-35 3.5842434495629507 5.5000000000000009 1.0000000180025095e-35 1.0000000180025095e-35 0.049390243902439034 3.6901884542810257 0.054093567251461992 4.122235376922017 34.500000000000007 0.267948717948718 27.500000000000004 35.500000000000007 3.6254072918469564 0.075961538461538483 3.4572159468017696 3.6962861127732456 3.5771824039098052 3.8616009670728046 3.8844896035761618
decision_type=2 2 2 2 2 2 2 2 2 2 2 2 2 2 2 2 2 2 2 2 2 2 2 2 2 2 2 2 2 2
left_child=1 4 3 5 7 6 23 15 14 10 21 -9 -3 25 -6 -1 20 -17 22 -5 -8 -4 -7 24 27 -13 -27 -2 -26 -22
right_child=2 12 9 19 8 18 16 11 -10 -11 -12 13 -14 -15 -16 17 -18 -19 -20 -21 29 -23 -24 -25 28 26 -28 -29 -30 -31
leaf_value=-0.025541472133284667 0.023202144570509155 0.0420683310689813 -0.001185650683642635 -0.027615310747036159 -0.052386588503919564 0.029285908507374742 0.025728209195463127 0.0070316222354732992 -0.012473516357704169 0.076045840567966205 0.063283791564491168 -0.017971801309474966 0.082839786767103865 0.0062317375334487246 -0.021937425550814352 0.024389941167695401 0.045564048375504568 -0.01643180937641469 0.060064406256846663 0.01684604383853423 0.013800907389580603 0.055651155268849631 0.052269832556729623 0.017735462719942231 -0.057309770459301329 0.037698350534037382 -0.010123446338552647 0.0073529266435163792 0.013336823480123067 -0.080043616160851927
leaf_weight=1138.3691754341125 124.17456375062466 121.66818259656429 35.996729359030724 244.20785754919052 393.25417241454124 223.70446342229843 342.71515069901943 171.21441864967346 91.25748199224472 161.44696459174156 65.4763572961092 1000.7937258481979 53.453224256634712 139.74195341765881 60.597851037979126 35.927141264081001 130.01540820300579 101.61286267638206 90.92380402982235 21.745352566242218 6.9936021864414197 16.500584661960602 87.982826799154282 415.27062928676605 13.728302463889124 20.420651078224182 288.26126258075237 1357.7333500534296 9.7506991326808912 5.9806814342737198
leaf_count=4570 497 491 144 981 1595 900 1376 685 366 664 267 4010 221 559 243 144 524 407 369 87 28 67 355 1663 55 82 1154 5433 39 24
internal_value=1.62362e-06 -0.0169916 0.0183232 0.0143633 -0.0206301 0.0179936 0.014101 -0.016548 -0.0423198 0.0619015 0.042545 -0.011145 0.0545132 -0.0132924 -0.048321 -0.02341 0.0295638 -0.00576867 0.0412595 -0.02398 0.0237152 0.0166789 0.0357738 0.0101906 0.00810935 -0.015376 -0.00695983 0.00868099 -0.0279706 -0.0294581
internal_weight=6970.92 3616.57 3354.35 3074.93 3441.45 2808.97 2406.36 2896.34 545.11 279.421 117.974 1620.43 175.121 1449.22 453.852 1275.91 485.705 137.54 402.611 265.953 355.689 52.4973 311.687 1920.66 1505.39 1309.48 308.682 1481.91 23.479 12.9743
internal_count=28000 14527 13473 12331 13815 11263 9639 11611 2204 1142 478 6490 712 5805 1838 5121 1952 551 1624 1068 1428 211 1255 7687 6024 5246 1236 5930 94 52
is_linear=0
shrinkage=0.05


Tree=5
num_leaves=31
num_cat=0
split_feature=0 40 10 6 39 0 39 7 10 38 40 41 12 7 7 41 0 40 38 38 39 7 39 0 41 0 6 39 41 38
split_gain=785.231 341.442 212.826 154.746 111.308 93.0058 42.9909 42.8916 28.7078 25.9762 23.8227 24.2848 23.3709 23.3031 20.6315 19.1307 18.7337 18.017 17.5051 17.1083 21.7213 15.7882 15.7199 14.7904 14.1221 13.7228 11.7961 11.2719 11.1094 10.8101
threshold=23.500000000000004 0.20942982456140355 2.5000000000000004 1.5000000000000002 2.8458951406467268 30.500000000000004 3.2731275256415033 1.0000000180025095e-35 4.5000000000000009 3.7037659297835499 0.049390243902439034 0.29289215686274517 5.5000000000000009 1.0000000180025095e-35 1.0000000180025095e-35 0.28102564102564109 35.500000000000007 0.049390243902439034 3.5180930346395796 3.4729297375596802 3.0232263396109507 1.0000000180025095e-35 3.7201521494487664 28.500000000000004 0.267948717948718 25.500000000000004 1.5000000000000002 2.9997906153230329 0.23606811145510839 3.8694540037139569
decision_type=2 2 2 2 2 2 2 2 2 2 2 2 2 2 2 2 2 2 2 2 2 2 2 2 2 2 2 2 2 2
left_child=1 4 3 5 15 7 10 -2 13 17 11 19 27 25 16 -1 -7 -8 -12 20 -6 26 24 -5 -9 -4 -11 -3 -22 -26
right_child=2 12 8 23 6 14 9 22 -10 21 18 -13 -14 -15 -16 -17 -18 -19 -20 -21 28 -23 -24 -25 29 -27 -28 -29 -30 -31
leaf_value=-0.029381092814104438 0.0093506551298859469 0.019654673632144549 -0.015093153521768189 -0.031692961127208888 -0.020878625782066521 0.022750233207666625 0.0011346316625859085 0.023354051405815882 0.07329941149850637 -0.013321055169427849 0.039884073891044002 -0.041278152464233935 0.080052347743285082 0.060730084455169579 0.049718916906987022 -0.04751264260482134 0.051020573017569494 0.041868856758655829 -0.0088193872231008986 -0.022536974767010803 0.038731269189669147 0.0051122193768996203 0.043284549976189142 -0.0071263555435858985 0.014697318152474029 0.037031769182297065 -0.041496363782923144 0.051489186956884973 -0.00013568110640751755 -0.077589712428165619
leaf_weight=262.68719053268433 1831.2773784995079 43.226649895310402 21.245326787233353 169.61008876562119 112.40655183792114 270.01840683817863 233.37190176546574 327.72905758023262 159.17840062081814 682.05091972649097 20.884702160954475 153.49545995891094 52.570892959833145 64.834366083145142 181.31942471861839 326.04776310920715 74.843376159667969 30.719192162156105 158.22617813944817 1219.4995495080948 27.675326824188232 114.74041549861431 107.46168394386768 95.914438650012016 6.4957493394613248 31.125863522291183 39.288340359926224 77.945613518357277 54.770029947161674 6.2035246789455414
leaf_count=1056 7331 175 85 684 452 1088 935 1318 664 2733 84 624 221 267 736 1328 304 123 634 4898 111 459 435 384 26 126 158 316 220 25
internal_value=2.36349e-06 -0.0161738 0.0174464 0.0136641 -0.0196319 0.0171171 -0.0155396 0.0127428 0.0594719 -0.00779735 -0.0204154 -0.0223888 0.0522115 0.0406925 0.0360646 -0.0394225 0.0288856 0.00587285 -0.00314046 -0.0203388 -0.00658154 -0.0121153 0.0266123 -0.0228189 0.0213494 0.0158863 -0.0148556 0.0401326 0.0129112 -0.0303844
internal_weight=6956.86 3609.61 3347.26 3070.87 3435.86 2805.35 2847.13 2279.17 276.384 1100.17 1746.96 1567.85 173.743 117.206 526.181 588.735 344.862 264.091 179.111 1414.35 194.852 836.08 447.89 265.525 340.428 52.3712 721.339 121.172 82.4454 12.6993
internal_count=28000 14527 13473 12331 13815 11263 11431 9135 1142 4408 7023 6305 712 478 2128 2384 1392 1058 718 5681 783 3350 1804 1068 1369 211 2891 491 331 51
is_linear=0
shrinkage=0.05


Tree=6
num_leaves=31
num_cat=0
split_feature=0 10 10 6 41 0 39 7 41 7 10 39 38 7 0 7 12 40 10 40 0 39 41 38 38 40 41 6 39 38
split_gain=710.406 310.476 196.08 139.895 102.513 85.1916 35.9167 34.0902 31.8444 27.2662 27.1112 25.9751 22.5152 21.5354 20.7878 19.8598 19.1003 18.7271 18.1441 14.3793 13.7435 13.0614 11.5472 11.4062 11.3238 10.44 10.06 10.0316 10.2915 17.5131
threshold=23.500000000000004 4.5000000000000009 2.5000000000000004 1.5000000000000002 0.29289215686274517 29.500000000000004 3.1230102876585404 1.0000000180025095e-35 0.20638945233265724 1.0000000180025095e-35 4.5000000000000009 3.5375986596785869 3.5842434495629507 1.0000000180025095e-35 35.500000000000007 1.0000000180025095e-35 5.5000000000000009 0.049390243902439034 1.0000000180025095e-35 0.054093567251461992 34.500000000000007 3.642260665190403 0.267948717948718 4.1275228043742151 3.9502039773024502 0.069366479550922219 0.34166666666666673 1.5000000000000002 3.3215162127329263 3.7085114564352462
decision_type=2 2 2 2 2 2 2 2 2 2 2 2 2 2 2 2 2 2 2 2 2 2 2 2 2 2 2 2 2 2
left_child=1 4 3 5 6 8 17 18 -2 14 13 25 -8 21 23 27 -3 -1 -6 -19 -5 -4 -13 24 -7 -10 -9 28 -14 -30
right_child=2 16 10 20 7 9 12 26 11 -11 -12 22 15 -15 -16 -17 -18 19 -20 -21 -22 -23 -24 -25 -26 -27 -28 -29 29 -31
leaf_value=-0.023242646323321285 0.0061003411378751701 0.041166190263513681 -0.0089448338431303096 -0.025128207560559463 -0.048183587290894558 0.024805273725408368 0.0072510540111055321 -0.004696535513606992 0.013476380845818321 0.04565622786266077 0.070805462671766725 0.032232973493866106 -0.018282377490446058 0.058365053710710948 0.048814800979930593 0.0060214799235084084 0.078353548849463883 0.023259478312546416 -0.019081206018584949 -0.013170586835955104 0.016357512784760088 0.041079580148210081 -0.03976926582884454 0.047205491589883408 0.0068000020448957706 -0.033260298721860218 -0.056514940235655654 -0.031560093292935354 0.006711675506427036 -0.012763747572180585
leaf_weight=1134.5767708271742 1233.4008448719978 106.59561440348625 27.120965987443924 243.23959118127823 387.93416377902031 210.52603822946548 171.69297534227371 80.941893026232719 569.68738913536072 227.31676134467125 156.61071240901947 283.95552332699299 498.06888809800148 64.106926560401917 74.32711698114872 139.73117657005787 51.073582664132118 35.884020492434502 62.13568414747715 110.4866735637188 21.748687848448753 25.148007392883301 5.6797203570604315 35.080146253108978 149.2174136787653 12.204843983054159 10.59198823571205 75.025664791464806 143.27795320749283 593.9633804410696
leaf_count=4570 4939 435 109 981 1595 846 687 325 2284 927 664 1147 2000 267 304 559 219 144 250 443 87 102 23 143 601 49 43 302 574 2381
internal_value=3.16059e-06 -0.0153983 0.0166158 0.0130008 -0.0185391 0.0162854 -0.0148131 -0.0385087 0.0112699 0.0314437 0.0572225 0.018586 -0.00987009 0.0389435 0.0245573 -0.0118973 0.0532122 -0.0210712 -0.0441658 -0.00423945 -0.0217233 0.0151233 0.030821 0.0199907 0.0173369 0.0124961 -0.0106928 -0.0138081 -0.01273 -0.00897883
internal_weight=6941.35 3601.98 3339.37 3066.38 3444.31 2801.4 2902.71 541.604 2104.93 696.467 272.987 871.527 1621.76 116.376 469.151 1450.07 157.669 1280.95 450.07 146.371 264.988 52.269 289.635 394.824 359.743 581.892 91.5339 1310.34 1235.31 737.241
internal_count=28000 14527 13473 12331 13873 11263 11660 2213 8442 2821 1142 3503 6503 478 1894 5816 654 5157 1845 587 1068 211 1170 1590 1447 2333 368 5257 4955 2955
is_linear=0
shrinkage=0.05


Tree=7
num_leaves=31
num_cat=0
split_feature=0 40 10 6 39 0 7 39 10 12 40 0 7 6 41 39 39 7 11 0 41 39 39 41 7 40 11 41 10 39
split_gain=642.908 282.808 181.02 126.484 94.3708 78.7042 44.0812 35.6426 25.7398 21.1318 20.0802 22.0625 19.9608 16.4075 16.0041 14.9798 14.4892 13.3593 12.978 12.3066 11.7084 10.7658 10.174 9.6744 9.63935 9.48204 9.28686 8.77339 8.70455 8.59354
threshold=23.500000000000004 0.20942982456140355 2.5000000000000004 1.5000000000000002 2.8458951406467268 31.500000000000004 1.0000000180025095e-35 3.2731275256415033 4.5000000000000009 5.5000000000000009 0.049390243902439034 21.500000000000004 1.0000000180025095e-35 1.5000000000000002 0.28102564102564109 3.4992275444280256 3.833320691584952 1.0000000180025095e-35 22.500000000000004 27.500000000000004 0.29289215686274517 3.9705743148392902 2.9997906153230329 0.267948717948718 1.0000000180025095e-35 0.03509852216748769 12.500000000000002 0.24068965517241384 1.0000000180025095e-35 3.6215518189034177
decision_type=2 2 2 2 2 2 2 2 2 2 2 2 2 2 2 2 2 2 2 2 2 2 2 2 2 2 2 2 2 2
left_child=1 4 3 5 14 6 21 10 12 22 11 20 19 17 -1 -8 -7 -9 25 -4 -6 29 -3 -17 -22 -5 -12 -14 -16 -2
right_child=2 9 8 18 7 16 15 13 -10 -11 26 -13 27 -15 28 23 -18 -19 -20 -21 24 -23 -24 -25 -26 -27 -28 -29 -30 -31
leaf_value=-0.026933769051833381 0.0065966894328382611 0.017282394241922402 -0.0018963769938327342 -0.030975079823232967 -0.022089611182485123 0.030065894171737762 0.012809047863078529 -0.007851438967186054 0.068526485719921343 0.075348271418539808 -0.012047081185383177 -0.011036376231038604 0.064985796309234831 -0.035428177469163158 -0.046740394157710911 0.033082332227672102 0.051191917669843226 0.0089062111782424389 -0.0054310565977599666 0.050590275309295801 -0.0447335941417559 0.074546446819560463 0.047659450086563498 -0.02130224949184303 -0.015644125107678212 0.03216280684598976 0.011145463434721885 0.016896066979383673 -0.022107623406532825 0.01444907473867971
leaf_weight=261.59835238754749 1454.1679425835609 42.938636392354965 35.982372760772705 166.94811069965363 958.35074043273926 283.07912296056747 154.98146650195122 913.796232432127 153.79940368235111 50.468988120555878 106.13808487355709 455.306461378932 51.694558680057526 48.458079248666763 280.34882512688637 318.22869111597538 113.78381945192814 136.72675402462482 91.33136722445488 16.194562897086143 109.80012069642544 6.1858777552843085 76.979953870177269 8.393015578389166 38.451426476240158 6.1661341041326514 72.747006505727768 11.615256354212759 41.125065460801125 458.21469025313854
leaf_count=1056 5824 175 144 677 3864 1152 624 3665 664 221 426 1831 218 196 1162 1294 472 547 366 67 455 25 316 34 155 25 292 49 166 1838
internal_value=3.95123e-06 -0.0146649 0.0158287 0.0123717 -0.0177945 0.0154966 0.0120861 -0.0140326 0.0551311 0.0482057 -0.0184833 -0.0203007 0.0372919 -0.00698254 -0.0361167 0.0256106 0.0361229 -0.00567041 -0.0206808 0.0143943 -0.0241124 0.00869117 0.0367825 0.0316848 -0.0371888 -0.0287262 -0.00261539 0.0561629 -0.0435892 0.00847815
internal_weight=6924 3593.23 3330.77 3061.48 3422.85 2797.03 2400.17 2839.77 269.286 170.388 1740.79 1561.91 115.487 1098.98 583.072 481.603 396.863 1050.52 264.446 52.1769 1106.6 1918.57 119.919 326.622 148.252 173.114 178.885 63.3098 321.474 1912.38
internal_count=28000 14527 13473 12331 13815 11263 9639 11431 1142 712 7023 6305 478 4408 2384 1952 1624 4212 1068 211 4474 7687 491 1328 610 702 718 267 1328 7662
is_linear=0
shrinkage=0.05


Tree=8
num_leaves=31
num_cat=0
split_feature=0 10 10 7 41 39 41 39 39 10 38 7 40 12 12 38 41 41 39 39 41 41 7 12 12 38 39 40 39 38
split_gain=581.924 257.376 167.49 86.8225 97.4736 86.5608 40.4658 34.827 31.9632 24.4949 21.5765 19.1417 19.0704 18.5372 17.6723 16.3822 15.849 15.3852 13.4225 11.4819 10.9517 10.6446 14.8409 10.4363 10.2638 9.77417 11.6937 9.59583 9.18857 15.8371
threshold=23.500000000000004 4.5000000000000009 2.5000000000000004 1.0000000180025095e-35 0.21132376395534294 2.8458951406467268 0.16100230414746547 3.6901884542810257 3.1230102876585404 4.5000000000000009 3.5842434495629507 1.0000000180025095e-35 0.049390243902439034 5.5000000000000009 5.5000000000000009 3.5226417724085599 0.28102564102564109 0.28102564102564109 3.642260665190403 3.9705743148392902 0.14160401002506268 0.267948717948718 1.5000000000000002 5.5000000000000009 5.5000000000000009 3.4729297375596802 3.0232263396109507 0.046536796536796543 3.4572159468017696 3.8101126321183503
decision_type=2 2 2 2 2 2 2 2 2 2 2 2 2 2 2 2 2 2 2 2 2 2 2 2 2 2 2 2 2 2
left_child=1 5 3 4 6 17 20 21 12 13 -10 23 16 18 -3 -14 25 -1 -4 24 -2 22 -5 28 -8 26 -7 -13 -12 -30
right_child=2 14 9 7 -6 8 19 -9 10 -11 11 27 15 -15 -16 -17 -18 -19 -20 -21 -22 -23 -24 -25 -26 -27 -28 -29 29 -31
leaf_value=-0.025389722050341425 0.044898370648056782 0.037726797114762151 -0.012953283772619943 0.017714166384415735 -0.031497544316340588 -0.017999276658523588 0.0080573676723754654 0.043182459358010718 0.0078253748965258947 0.066431724489874805 -0.014053258750831382 0.00062406289139166956 0.039844510260552773 0.05332982974947053 0.074129079579539445 -0.0091745597116633642 -0.035527662245258149 -0.041715021910514793 0.039104217502900572 0.069827625786383823 0.022103055534463067 -0.014884211730780993 0.049163650428958067 -0.029845403916205063 -0.010819898101877109 -0.021729258691997419 0.0093995039411194532 0.03762398006376861 0.014938942530438246 -0.011002505266398961
leaf_weight=262.65303626656532 73.73348605632782 105.2313137948513 25.108341738581657 350.98590564727783 151.07242041826248 110.78852917253971 1911.6646278202534 238.16397070884705 175.44546121358871 150.79301160573959 935.92379041016102 156.4409185051918 19.801860362291336 64.931441232562065 48.803205043077469 122.40111473202705 176.38517884910107 320.32340243458748 24.430720865726471 7.3801182657480231 184.62080010771751 21.716975674033165 42.001330494880676 83.884255215525627 74.824328988790512 688.68088075518608 60.051562801003456 19.733985051512718 80.723009929060936 216.97020497918129
leaf_count=1063 306 435 101 1422 615 448 7662 984 702 664 3761 626 80 277 219 491 728 1334 100 30 752 88 172 340 300 2785 242 79 324 870
internal_value=4.76965e-06 -0.0139674 0.0150825 0.0117746 0.00738216 -0.0168067 0.0099901 0.0279438 -0.0132126 0.0531936 -0.00876186 -0.0107102 -0.0195183 0.035755 0.0492602 -0.00234862 -0.0218753 -0.0343599 0.0127194 0.00757759 0.0286088 0.0191923 0.0210754 -0.01278 0.00734632 -0.0190736 -0.0083684 0.00476856 -0.0116196 -0.00396818
internal_weight=6905.67 3584.24 3321.43 3056.16 2403.3 3430.21 2252.22 652.868 2847.23 265.264 1669.12 1493.68 1178.11 114.471 154.035 142.203 1035.91 582.976 49.5391 1993.87 258.354 414.704 392.987 1317.5 1986.49 859.521 170.84 176.175 1233.62 297.693
internal_count=28000 14527 13473 12331 9665 13873 9050 2666 11476 1142 6702 6000 4774 478 654 571 4203 2397 201 7992 1058 1682 1594 5295 7962 3475 690 705 4955 1194
is_linear=0
shrinkage=0.05


Tree=9
num_leaves=31
num_cat=0
split_feature=0 40 10 7 41 39 41 20 39 39 10 38 12 40 0 38 40 38 41 7 39 41 41 39 39 41 7 12 38 7
split_gain=526.815 234.766 155.28 104.164 86.8991 78.8562 40.8425 37.1424 34.211 30.1729 22.9812 21.4258 19.4485 16.7893 19.1029 20.9693 15.9906 14.0206 13.8335 11.0995 10.7925 10.1819 9.75915 9.2543 9.24041 9.00016 13.6062 8.98791 8.96657 8.94305
threshold=23.500000000000004 0.20942982456140355 4.5000000000000009 1.0000000180025095e-35 0.21132376395534294 2.8458951406467268 0.16100230414746547 1.0000000180025095e-35 3.6901884542810257 3.2731275256415033 2.5000000000000004 3.6962861127732456 5.5000000000000009 0.049390243902439034 21.500000000000004 3.4729297375596802 0.049390243902439034 3.5180930346395796 0.28102564102564109 1.0000000180025095e-35 3.3238656213382543 0.14160401002506268 0.29289215686274517 3.8680144982828488 2.9997906153230329 0.267948717948718 1.5000000000000002 5.5000000000000009 3.5771824039098052 1.0000000180025095e-35
decision_type=2 2 2 2 2 2 2 2 2 2 2 2 2 2 2 2 2 2 2 2 2 2 2 2 2 2 2 2 2 2
left_child=1 5 3 4 6 18 21 8 10 13 25 16 24 14 22 -16 20 -15 -1 -13 -11 -2 -7 28 -3 26 -5 -19 -8 -24
right_child=2 12 -4 7 -6 9 23 -9 -10 11 -12 19 -14 17 15 -17 -18 27 -20 -21 -22 -23 29 -25 -26 -27 -28 -29 -30 -31
leaf_value=-0.024458618478984801 0.04378686818569328 0.015151198928625709 0.064495683996202188 0.016861692257190451 -0.029414831381159141 -0.020198631752128292 0.019586823528439434 -0.1077312666714106 0.043923763907993373 -0.010767512330708738 0.066761085699851883 -0.012262867510953318 0.071490599791274451 0.036350653271589241 0.022433709575940125 -0.013429106711056196 0.040833042819319591 -0.010784189878571798 -0.040025632715087307 0.0043378753217522339 0.011742138624827182 0.021938980376917432 -0.041426184162083213 0.028824553644581693 0.044248244155400213 -0.013557871857749383 0.047083594628246045 0.034344918124219505 0.0057854813957803749 -0.013298536355836756
leaf_weight=260.16369046270847 74.502103850245476 42.619868040084839 147.63393078744411 350.31161186099052 152.40881074965 954.62927742302418 125.61588092148304 4.941167175769805 267.60282184183598 93.921022430062294 26.082196772098541 733.92229196429253 48.059721753001213 20.74167500436306 45.270291179418564 409.11412326991558 30.191732883453369 146.00250352919102 316.12066425383091 116.70132121443748 122.97384175658226 187.62848056852818 108.01383300125599 48.221282377839088 75.837216541171074 20.955088421702385 41.672405689954758 11.934629812836645 1864.1532618999481 38.272040918469429
leaf_count=1056 312 175 664 1422 623 3864 504 21 1120 377 113 2950 221 84 182 1649 121 586 1328 467 493 767 455 195 316 85 172 48 7475 155
internal_value=5.58884e-06 -0.013306 0.0143733 0.0120347 0.00714809 -0.0161384 0.0095708 0.0288771 0.0298323 -0.0127073 0.0212429 -0.00622045 0.0446635 -0.0168139 -0.0184815 -0.0098561 0.00674055 -0.00229827 -0.0329979 -0.00998533 0.00199488 0.0281485 -0.0220415 0.00718129 0.0337794 0.0183679 0.0200746 -0.00737398 0.00665677 -0.0340673
internal_weight=6886.22 3574.49 3311.73 3164.1 2452.53 3407.97 2300.12 711.565 706.624 2831.69 439.021 1097.71 166.517 1733.98 1555.3 454.384 247.087 178.679 576.284 850.624 216.895 262.131 1100.92 2037.99 118.457 412.939 391.984 157.937 1989.77 146.286
internal_count=28000 14527 13473 12809 9876 13815 9253 2933 2912 11431 1792 4408 712 7023 6305 1831 991 718 2384 3417 870 1079 4474 8174 491 1679 1594 634 7979 610
is_linear=0
shrinkage=0.05


Tree=10
num_leaves=31
num_cat=0
split_feature=0 10 10 6 7 41 0 20 39 7 39 10 38 12 10 7 40 40 40 39 11 11 0 38 38 41 11 41 38 39
split_gain=476.984 213.837 144.969 96.9336 74.1971 73.2038 35.2602 33.7769 28.2806 25.0643 24.9367 21.545 18.3356 16.6241 14.6698 14.2773 13.4138 13.1928 12.0137 11.1101 17.3144 10.4396 10.2535 10.4185 9.18494 9.0718 8.65853 19.4202 11.4251 11.4086
threshold=23.500000000000004 4.5000000000000009 4.5000000000000009 1.5000000000000002 1.0000000180025095e-35 0.29289215686274517 33.500000000000007 1.0000000180025095e-35 3.6538767234763561 1.0000000180025095e-35 3.1230102876585404 2.5000000000000004 3.5842434495629507 5.5000000000000009 1.0000000180025095e-35 1.0000000180025095e-35 0.03509852216748769 0.049390243902439034 0.054093567251461992 3.6254072918469564 17.500000000000004 22.500000000000004 29.500000000000004 3.4209799704839883 3.6427819312973484 0.27429467084639503 14.500000000000002 0.23606811145510839 3.8870841666935103 3.3754072918469564
decision_type=2 2 2 2 2 2 2 2 2 2 2 2 2 2 2 2 2 2 2 2 2 2 2 2 2 2 2 2 2 2
left_child=1 5 3 4 6 10 19 8 11 14 17 25 -12 -3 -7 26 21 -1 24 20 -2 -5 23 -22 -19 -6 28 -28 29 -14
right_child=2 13 -4 16 7 9 -8 -9 -10 -11 12 -13 15 -15 -16 -17 -18 18 -20 -21 22 -23 -24 -25 -26 -27 27 -29 -30 -31
leaf_value=-0.019194062615456919 -0.040818690434174416 0.034630549469865199 0.06269705502038557 -0.027208087602130213 0.018746721858149483 -0.041084230717946285 0.034524293322174472 -0.10034527079162395 0.041140978098149643 -0.0085082671815477282 0.0074518897677614705 0.069321514257001296 -0.0040044623070831812 0.070665044967148524 -0.014740512648464384 0.005361669082431777 0.035680870737835116 0.042872659694855819 -0.011390359728778918 0.014582560627758185 0.041077011628039332 -0.0060993049698961892 0.01795349737419482 0.0046524337741256161 -0.008734693369345705 -0.033869046118448848 -0.0078023693893066529 -0.021510028549624485 -0.028621693204088285 0.026081958022471031
leaf_weight=1124.6079055070877 19.468346491456032 103.70953971147537 144.35912428796291 165.04666535556316 342.88023522496223 374.35691940784454 134.41524082422256 5.0369408726692191 296.54356680810452 90.946643486618996 171.64690084755421 21.262542530894279 158.50437143445015 46.293775379657745 61.531842082738876 139.66018648445606 11.414731994271277 21.277045950293541 110.13492292165756 501.85433921217918 19.918490871787071 90.794693514704704 177.14352591335773 1363.2173233479261 14.495416104793547 8.3927445262670499 637.27962562441826 434.58929298818111 36.070475459098816 39.326353564858437
leaf_count=4570 78 435 664 677 1397 1595 561 21 1251 368 687 94 638 219 250 559 47 86 443 2026 80 364 715 5464 58 34 2562 1754 145 158
internal_value=6.47673e-06 -0.0126771 0.0136991 0.0114589 0.014123 -0.015244 0.00970437 0.0286482 0.0296193 -0.0323839 -0.0121168 0.0204479 -0.00799828 0.0457515 -0.0373654 -0.009833 -0.0173508 -0.0173588 -0.00321359 0.00810168 0.00604283 -0.0197169 0.00662754 0.00517698 0.0219608 0.0174896 -0.0114582 -0.0133601 -0.00274225 0.00197635
internal_weight=6866.18 3564.43 3301.75 3157.39 2890.13 3414.43 2216.02 674.116 669.079 526.835 2887.59 372.536 1617.08 150.003 435.889 1445.43 267.256 1270.52 145.907 2081.6 1579.75 255.841 1560.28 1383.14 35.7725 351.273 1305.77 1071.87 233.901 197.831
internal_count=28000 14527 13473 12809 11721 13873 8924 2797 2776 2213 11660 1525 6503 654 1845 5816 1088 5157 587 8363 6337 1041 6259 5544 144 1431 5257 4316 941 796
is_linear=0
shrinkage=0.05


Tree=11
num_leaves=31
num_cat=0
split_feature=0 40 10 6 39 0 6 39 41 10 39 38 39 38 12 39 38 0 40 7 41 0 12 0 0 10 39 41 40 40
split_gain=431.931 195.276 135.772 86.8147 67.4293 57.4018 27.5843 23.367 22.7002 20.7122 20.6576 20.2048 20.1559 18.1562 18.1482 17.4282 16.5063 15.788 13.774 13.2409 12.8971 12.0786 10.1768 9.68553 8.54356 9.60509 8.42758 8.38446 8.21897 7.96443
threshold=23.500000000000004 0.20942982456140355 2.5000000000000004 1.5000000000000002 2.8458951406467268 29.500000000000004 1.5000000000000002 3.2731275256415033 0.20638945233265724 4.5000000000000009 3.833320691584952 3.4729297375596802 3.0232263396109507 3.7085114564352462 5.5000000000000009 3.5754580086502443 3.54641915521186 27.500000000000004 0.049390243902439034 1.5000000000000002 0.31414473684210531 17.500000000000004 5.5000000000000009 34.500000000000007 21.500000000000004 1.0000000180025095e-35 2.9997906153230329 0.21913109756097562 0.16247642991829042 0.04083333333333334
decision_type=2 2 2 2 2 2 2 2 2 2 2 2 2 2 2 2 2 2 2 2 2 2 2 2 2 2 2 2 2 2
left_child=1 4 3 5 20 8 7 11 -2 17 19 12 -6 18 26 29 -8 22 -9 -7 -1 -13 -4 -5 25 -14 -3 -19 -23 -10
right_child=2 14 9 23 6 10 16 13 15 -11 -12 21 24 -15 -16 -17 -18 27 -20 -21 -22 28 -24 -25 -26 -27 -28 -29 -30 -31
leaf_value=-0.027039709286869815 0.0042664682219782889 0.013235311327765415 -0.0035702798969437805 -0.020289434506594189 -0.012275854296190547 0.018205413438967564 -0.068592348452956628 0.0026783904441173199 0.011294666987698366 0.061017892805229818 0.042179799182067622 -0.040278675524025226 -0.00047344705313653775 -0.0081826501672164192 0.068292831483140373 0.025599182912898689 -0.024050291774078549 0.059172586788521497 0.03732708750021968 0.044250767473159668 -0.047492956987752855 -0.01585832002166674 0.03914633420235257 0.014559967128615493 0.040003456494831897 0.058088762884007862 0.041174852027426663 0.00030779420834196013 0.016136796903361294 -0.018803077398206622
leaf_weight=477.25447407364845 1231.3636007905006 42.29742194712162 33.938519567251205 240.03664581477642 136.86933350563049 483.65571697056293 23.504987075924873 236.3537310808897 578.98808492720127 141.0007658302784 143.58634293079376 50.503985166549683 52.470215439796448 779.33108928799629 45.469418346881866 262.12949250638485 180.68774600327015 47.072770461440086 32.644867852330208 54.273431748151779 91.918281361460686 1271.7735829204321 23.665635302662849 21.743627414107323 29.911350578069687 8.0799586027860624 74.579311847686768 6.9413074105978003 20.393834441900253 22.847292557358742
leaf_count=1991 4939 175 136 981 560 1978 99 948 2332 664 613 213 212 3133 221 1079 746 207 131 230 393 5154 105 87 120 33 316 30 82 92
internal_value=7.24323e-06 -0.0120792 0.0130588 0.0101307 -0.0146434 0.0127256 -0.0114776 -0.0100972 0.00862574 0.0482797 0.0253307 -0.013957 -0.000172074 -0.00431678 0.0414906 0.0148388 -0.0291776 0.0321884 0.00688325 0.0208332 -0.0303428 -0.0162909 0.0139791 -0.0173948 0.0181411 0.00734123 0.0310636 0.0516079 -0.0153534 0.0101521
internal_weight=6845.29 3554.04 3291.24 3038.62 3391.7 2776.84 2822.52 2618.33 2095.33 252.619 681.515 1570 227.331 1048.33 162.346 863.965 204.193 111.618 268.999 537.929 569.173 1342.67 57.6042 261.78 90.4615 60.5502 116.877 54.0141 1292.17 601.835
internal_count=28000 14527 13473 12331 13815 11263 11431 10586 8442 1142 2821 6374 925 4212 712 3503 845 478 1079 2208 2384 5449 241 1068 365 245 491 237 5236 2424
is_linear=0
shrinkage=0.05


Tree=12
num_leaves=31
num_cat=0
split_feature=1 10 10 6 12 41 1 20 39 38 39 10 38 12 40 1 10 40 38 39 39 38 40 11 38 40 39 41 12 6
split_gain=391.122 177.947 126.864 79.4066 63.2468 62.1306 30.4569 30.2677 25.1985 22.7791 20.8506 19.7991 17.4464 15.8151 13.916 17.2243 12.4592 11.6448 11.3849 12.1291 9.52772 10.5644 10.5309 9.18963 9.16467 9.15062 8.75231 9.21577 8.8776 8.64761
threshold=14.500000000000002 4.5000000000000009 4.5000000000000009 1.5000000000000002 5.5000000000000009 0.29289215686274517 24.500000000000004 1.0000000180025095e-35 3.6901884542810257 3.5771824039098052 3.2731275256415033 2.5000000000000004 3.5842434495629507 5.5000000000000009 0.049390243902439034 12.500000000000002 1.0000000180025095e-35 0.03509852216748769 3.4729297375596802 2.9691539917456269 3.6144040884350921 3.7719580414191989 0.075961538461538483 22.500000000000004 3.5771824039098052 0.054093567251461992 3.4992275444280256 0.267948717948718 6.5000000000000009 1.5000000000000002
decision_type=2 2 2 2 2 2 2 2 2 2 2 2 2 2 2 2 2 2 2 2 2 2 2 2 2 2 2 2 2 2
left_child=1 5 3 4 6 10 20 8 11 -7 14 26 -12 -3 15 -1 -11 23 19 -17 22 -22 24 -5 -2 -16 -6 28 -28 -14
right_child=2 13 -4 17 7 9 -8 -9 -10 16 12 -13 29 -15 25 18 -18 -19 -20 -21 21 -23 -24 -25 -26 -27 27 -29 -30 -31
leaf_value=-0.018975037848795423 0.01870452320677302 0.031820717427982238 0.0594429492106954 -0.025039406117836862 0.008053882184256133 -0.03609763743509501 0.031965280769831461 -0.095109723238877314 0.039758567668427877 -0.019947743803430191 0.021318841573750039 0.064837417552787033 -0.0060139594906865653 0.067778762348070565 0.021421243556082232 -0.011984613748488119 0.017401704896155227 0.033790097188333028 -0.010630160755992428 0.032938472967725986 0.068898569376127886 0.011769165532988679 -0.020615665726079917 -0.005199210533415973 0.0045485729110623582 -0.0066669540313804097 0.021004221657604707 -0.038528729949726087 0.050473299569916558 -0.031016703952920756
leaf_weight=1158.3745953440666 125.26235610246658 102.09592777490616 137.58678537607193 163.74778117239475 161.09922747313976 379.71326839923859 132.66190579533577 5.0932830274105063 250.15638592839241 111.28809504210949 57.898331716656685 22.872783705592155 961.24758277833462 43.653257682919502 35.673035025596619 27.492423489689827 27.933177217841148 11.35206764936447 414.5418646633625 33.13471731543541 8.2036273032426816 595.6614416539669 38.797603234648705 90.687628403306007 1310.6319945007563 154.92473204433918 191.64328540861607 5.8724051564931861 29.489070609211922 35.873477175831795
leaf_count=4725 504 435 664 677 655 1633 561 21 1079 467 232 105 3865 219 144 112 113 47 1678 133 33 2409 156 364 5261 624 788 24 125 147
internal_value=8.02772e-06 -0.011509 0.0124483 0.0103913 0.0128066 -0.0138294 0.00873766 0.0263115 0.0272469 -0.0297545 -0.0109591 0.0196312 -0.00536412 0.0425905 -0.014195 -0.0156867 -0.012454 -0.0157572 -0.00767038 0.0125673 0.00725518 0.0125453 0.00508895 -0.0179678 0.00578349 -0.00140986 0.016967 0.0232923 0.0249341 -0.00691348
internal_weight=6824.66 3543.84 3280.82 3143.23 2877.45 3398.1 2211.22 666.226 661.133 518.935 2879.16 410.977 1055.02 145.749 1824.14 1633.54 139.221 265.787 475.169 60.6271 2078.56 603.865 1474.69 254.435 1435.89 190.598 388.104 227.005 221.132 997.121
internal_count=28000 14527 13473 12809 11721 13873 8924 2797 2776 2213 11660 1697 4244 654 7416 6648 580 1088 1923 245 8363 2442 5921 1041 5765 768 1592 937 913 4012
is_linear=0
shrinkage=0.05


Tree=13
num_leaves=31
num_cat=0
split_feature=1 40 10 7 41 39 41 20 39 6 39 38 40 12 38 7 38 40 41 38 40 11 1 41 40 39 11 39 38 38
split_gain=354.215 162.61 118.861 74.7202 60.7574 57.4413 29.4862 26.8636 26.1544 24.0139 19.3732 19.7023 18.2493 17.0755 15.2934 14.1668 13.0239 11.6935 11.6232 10.9823 9.83869 9.67393 8.94041 8.87534 8.36894 8.14747 7.87738 7.77472 13.7513 8.11351
threshold=14.500000000000002 0.20942982456140355 4.5000000000000009 1.0000000180025095e-35 0.21132376395534294 2.8458951406467268 0.16100230414746547 1.0000000180025095e-35 3.6901884542810257 1.5000000000000002 3.1791996096509831 3.5842434495629507 0.082207207207207214 5.5000000000000009 3.54641915521186 1.0000000180025095e-35 3.4729297375596802 0.049390243902439034 0.31414473684210531 3.4209799704839883 0.17902930402930406 14.500000000000002 8.5000000000000018 0.12632978723404256 0.046536796536796543 3.9705743148392902 10.500000000000002 3.4572159468017696 3.6962861127732456 3.6634117814909573
decision_type=2 2 2 2 2 2 2 2 2 2 2 2 2 2 2 2 2 2 2 2 2 2 2 2 2 2 2 2 2 2
left_child=1 5 3 4 6 18 23 8 12 10 16 19 -5 -3 -11 27 17 21 26 -12 22 -7 -18 -2 -17 -8 -1 -13 29 -29
right_child=2 13 -4 7 -6 9 25 -9 -10 14 11 15 -14 -15 -16 24 20 -19 -20 -21 -22 -23 -24 -25 -26 -27 -28 28 -30 -31
leaf_value=0.0018801357454725769 0.055731781204261449 0.028592246257471962 0.057959225276487697 0.015065232771674772 -0.025064217944134212 -0.017278512812168828 0.0055875786320431662 -0.089542517769388957 0.037821549976291467 -0.065374790889804121 0.077280411066927124 -0.011551829113894791 0.057836890197965091 0.065580418735670665 -0.022047557852150072 0.002479763653951134 -0.037661625720060307 0.036878938743241114 -0.044361012581152992 0.0093243188025858969 0.037921967049286652 0.0051281447485929544 -0.015862206766024203 0.021053000121808871 0.038381024388223245 0.057984832607809005 -0.02631105023831894 0.012595024427783525 -0.0050565639024505067 0.078280732941891307
leaf_weight=26.238145962357521 20.007290184497833 115.22674641013145 134.14136292040348 405.7200470417738 149.8710628002882 98.077954605221748 2026.3729853332043 5.1381675004959098 257.57531404495239 22.976963683962822 6.2134467810392371 869.08306312561035 26.571970537304878 42.789350599050522 179.28879405558109 149.41619335114956 49.735217034816742 17.091145753860474 89.888977959752083 137.77739386260509 8.2135421186685544 94.667865723371506 865.83937191963196 237.04210326075554 18.211184069514275 7.4462675601243964 445.78073236346245 12.119442984461786 277.17307610809803 7.6804583668708792
leaf_count=108 87 491 664 1669 623 404 8143 21 1120 99 25 3508 123 221 746 598 213 70 393 552 33 384 3532 992 73 31 1883 49 1114 31
internal_value=8.83691e-06 -0.0109662 0.0118686 0.00989694 0.00577832 -0.0132869 0.00779607 0.0243608 0.0252092 -0.0103721 -0.00908645 -0.00531432 0.0176943 0.0386083 -0.0269694 -0.00721137 -0.0140034 -0.00275865 -0.0278821 0.0122567 -0.0165576 -0.0062734 -0.0170464 0.0237522 0.00638011 0.00577942 -0.024744 -0.00916522 -0.00218089 0.0380748
internal_weight=6803.38 3533.49 3269.89 3135.75 2440.74 3375.47 2290.87 695.005 689.867 2813.57 2611.3 1477.67 432.292 158.016 202.266 1333.68 1133.63 209.837 561.908 143.991 923.788 192.746 915.575 257.049 167.627 2033.82 472.019 1166.06 296.973 19.7999
internal_count=28000 14527 13473 12809 9876 13815 9253 2933 2912 11431 10586 5950 1792 712 845 5373 4636 858 2384 577 3778 788 3745 1079 671 8174 1991 4702 1194 80
is_linear=0
shrinkage=0.05


Tree=14
num_leaves=31
num_cat=0
split_feature=0 40 10 7 6 39 0 40 0 39 40 38 39 7 6 38 40 12 38 39 6 12 0 40 39 38 40 38 38 39
split_gain=320.791 149.018 111.463 68.1525 55.0676 54.9729 25.8603 25.6395 31.1473 21.6025 14.3623 15.5343 15.2886 14.9469 13.0379 13.593 12.0518 10.6493 10.2874 10.7343 10.2268 10.1085 8.9316 8.81215 8.46287 13.0558 10.5403 8.48116 8.33273 7.87515
threshold=23.500000000000004 0.24357284113381678 4.5000000000000009 1.0000000180025095e-35 1.5000000000000002 2.8458951406467268 33.500000000000007 0.049390243902439034 21.500000000000004 3.6901884542810257 0.054093567251461992 3.8841694071874975 3.2360563169422236 1.0000000180025095e-35 1.5000000000000002 3.4729297375596802 0.082207207207207214 5.5000000000000009 3.7618368601866696 3.4105065644434074 1.5000000000000002 6.5000000000000009 17.500000000000004 0.16247642991829042 3.591483651618089 3.7547497328258266 0.075961538461538483 3.4209799704839883 4.1342599164868217 3.1810996580484505
decision_type=2 2 2 2 2 2 2 2 2 2 2 2 2 2 2 2 2 2 2 2 2 2 2 2 2 2 2 2 2 2
left_child=1 5 3 4 6 -1 24 8 20 16 -9 12 23 -13 15 -10 -5 29 -14 -20 22 -18 -7 -12 26 -26 27 -2 -8 -3
right_child=2 17 -4 9 -6 7 28 10 14 -11 11 13 18 -15 -16 -17 21 -19 19 -21 -22 -23 -24 -25 25 -27 -28 -29 -30 -31
leaf_value=-0.026668086380073969 0.037051852601894614 0.022818321377572226 0.056555527493423942 0.014296099805293984 -0.017728459481131661 -0.03608864105729017 0.02322204466519058 0.02407017176629778 0.024457394686679033 0.034736537838159234 -0.0148180836136977 -0.03220251417218116 0.034308817586193682 0.049076614048546394 -0.023045074932399684 -0.0042641410015774065 0.062813504303679615 0.06656069803468824 -0.015114349562038771 0.027063610471684502 -0.031082543147252114 -0.01675775988952264 -0.014138811276026161 0.014349048742613483 0.073241619627235507 0.010538875732917294 -0.021437743911629049 0.0046779465953857968 0.054895753693822415 0.055161347323214649
leaf_weight=561.82105623185635 20.531378582119942 52.707608580589294 130.68536384403706 405.53686310350895 231.04606068134308 48.059327632188797 104.89871490001678 64.622257560491562 43.213932260870934 258.07038186490536 101.99686712026596 56.466125577688217 50.228827998042107 6.2859989553689948 88.16737699508667 881.51525147259235 22.406302914023403 37.409704923629761 33.718765333294868 27.296969830989838 105.5591951161623 4.8563623726367942 1299.5561478734016 34.708219274878502 8.412835165858267 628.65790094435215 38.287671163678169 1380.1778843104839 25.889811724424362 29.273836210370064
leaf_count=2399 83 226 664 1672 952 212 446 261 174 1133 412 229 204 27 362 3555 107 200 137 112 453 21 5294 142 34 2547 154 5545 115 128
internal_value=9.44328e-06 -0.0104508 0.0113142 0.00942448 0.0054961 -0.012377 0.00792759 -0.00955122 -0.0114042 0.0232867 0.00262348 -0.00183718 0.00378722 -0.0240606 -0.00467356 -0.00292194 0.0164594 0.0444547 0.0175506 0.00375505 -0.0160955 0.0486393 -0.0149216 -0.00741281 0.00656907 0.0113669 0.00444499 0.00515248 0.0294919 0.0343673
internal_weight=6782.07 3522.61 3259.46 3128.77 2437.9 3403.22 2206.86 2841.4 2466.07 690.87 375.324 310.702 247.95 62.7521 1012.9 924.729 432.8 119.391 111.245 61.0157 1453.17 27.2627 1347.62 136.705 2076.07 637.071 1439 1400.71 130.789 81.9814
internal_count=28000 14527 13473 12809 9876 13973 8924 11574 10050 2933 1524 1263 1007 256 4091 3729 1800 554 453 249 5959 128 5506 554 8363 2581 5782 5628 561 354
is_linear=0
shrinkage=0.05


Tree=15
num_leaves=31
num_cat=0
split_feature=0 40 10 7 41 41 41 20 39 40 7 38 40 41 40 38 39 40 12 39 38 10 38 41 38 38 39 39 0 7
split_gain=290.502 136.167 104.592 62.1473 51.2589 50.9072 25.0719 24.234 23.2888 19.9255 19.9163 19.3014 16.3438 27.323 20.5434 17.3619 17.4519 15.1543 10.5754 10.1355 9.48112 9.34848 8.75395 8.07534 7.77604 8.7869 7.47453 7.37655 7.12602 7.01091
threshold=23.500000000000004 0.24357284113381678 4.5000000000000009 1.0000000180025095e-35 0.29289215686274517 0.21132376395534294 0.16100230414746547 1.0000000180025095e-35 3.8224980385805121 0.082207207207207214 1.0000000180025095e-35 3.5771824039098052 0.049390243902439034 0.23606811145510839 0.054093567251461992 3.8841694071874975 3.2360563169422236 0.046536796536796543 5.5000000000000009 3.4992275444280256 3.6427819312973484 1.0000000180025095e-35 3.7618368601866696 0.12632978723404256 4.0539449931801803 3.5725465613326501 3.9705743148392902 3.1810996580484505 27.500000000000004 1.5000000000000002
decision_type=2 2 2 2 2 2 2 2 2 2 2 2 2 2 2 2 2 2 2 2 2 2 2 2 2 2 2 2 2 2
left_child=1 4 3 5 10 6 23 8 9 19 12 -6 13 24 20 16 -16 -12 27 -5 -14 -13 -18 -2 25 -1 -8 -3 -10 -21
right_child=2 18 -4 7 11 -7 26 -9 28 -11 17 21 14 -15 15 -17 22 -19 -20 29 -22 -23 -24 -25 -26 -27 -28 -29 -30 -31
leaf_value=0.0071056258815274083 0.052804642905333654 0.021810555359790578 0.055222196477692477 0.0061578146159869196 -0.032408402159795367 -0.023130609245339183 0.0050355835194012093 -0.085725283500588653 0.013496079034361778 0.055941384117798698 0.0024031913910484721 -0.017064140784885266 0.047508015100495647 -0.015724024074562391 -0.011392295901878888 -0.030655767928701269 0.031986184637923215 0.053428120617994193 0.06549429474418024 0.017690053108968661 0.0075762575678797574 0.0152819450996563 0.0025351389765585551 0.019302446039724242 0.026270320381881047 -0.0074245469108495917 0.055559601775259683 0.053316717478781805 0.046900104578702709 0.0360121473919131
leaf_weight=122.97177049517632 19.477800890803337 52.39398817718029 127.23671582341194 169.86980931460857 369.30292190611362 148.59429767727852 2024.573119610548 5.1567621380090705 18.637371703982353 33.532062768936157 162.07802325487137 109.68536746501923 28.235510513186455 1534.6576672047377 138.12222687900066 56.352253556251526 46.171736136078835 15.986942663788794 36.149823665618896 284.2812152504921 31.39123560488224 28.05010461807251 55.633536636829376 234.97423109412193 20.138210892677307 676.13783358037472 7.3468548208475104 28.784818589687347 111.37794375419617 63.957822501659393
leaf_count=498 87 226 664 694 1631 623 8143 21 82 161 651 467 115 6288 560 229 187 69 200 1195 126 114 226 992 81 2731 31 128 502 278
internal_value=1.01538e-05 -0.009958 0.0107859 0.00897478 -0.0117882 0.00522805 0.00707111 0.0222581 0.023075 0.0185883 -0.00921384 -0.0264507 -0.0102782 -0.0117881 -0.000291968 -0.00568096 0.000184919 0.00698429 0.0429994 0.0161708 0.0264854 -0.0104768 0.0158921 0.021867 -0.00441526 -0.00518856 0.00521826 0.0329822 0.0421117 0.0210551
internal_weight=6761.26 3512.24 3249.02 3121.78 3394.92 2434.97 2286.37 686.813 681.656 551.641 2887.88 507.038 2709.81 2353.91 355.906 296.28 239.927 178.065 117.329 518.109 59.6267 137.735 101.805 254.452 819.248 799.11 2031.92 81.1788 130.015 348.239
internal_count=28000 14527 13473 12809 13973 9876 9253 2933 2912 2328 11761 2212 11041 9598 1443 1202 973 720 554 2167 241 581 413 1079 3310 3229 8174 354 584 1473
is_linear=0
shrinkage=0.05


Tree=16
num_leaves=31
num_cat=0
split_feature=0 40 10 7 41 41 41 20 40 7 7 7 41 40 41 40 38 39 40 10 39 12 41 40 38 41 0 10 39 38
split_gain=263.093 124.465 98.1907 56.7257 47.0266 46.1079 22.8751 21.9128 21.7858 18.4003 18.4001 18.0086 14.9066 14.7848 24.7862 18.5825 15.7137 15.7581 13.8354 12.3866 11.7851 10.5042 10.4041 9.0641 8.64286 8.34159 8.33923 8.71722 8.45306 7.91236
threshold=23.500000000000004 0.24357284113381678 4.5000000000000009 1.0000000180025095e-35 0.29289215686274517 0.21132376395534294 0.14160401002506268 1.0000000180025095e-35 0.025657894736842109 1.5000000000000002 1.0000000180025095e-35 1.0000000180025095e-35 0.27429467084639503 0.049390243902439034 0.23606811145510839 0.054093567251461992 3.8841694071874975 3.2360563169422236 0.046536796536796543 1.0000000180025095e-35 3.833320691584952 5.5000000000000009 0.17192118226600989 0.057983193277310933 3.6427819312973484 0.34166666666666673 24.500000000000004 1.0000000180025095e-35 3.6396517497830132 3.7618368601866696
decision_type=2 2 2 2 2 2 2 2 2 2 2 2 2 2 2 2 2 2 2 2 2 2 2 2 2 2 2 2 2 2
left_child=1 4 3 5 11 6 -2 8 9 20 19 13 -10 14 -1 24 17 -17 -13 -6 -5 -3 23 -8 -15 -12 27 28 -24 -19
right_child=2 21 -4 7 10 -7 22 -9 12 -11 25 18 -14 15 -16 16 -18 29 -20 -21 -22 -23 26 -25 -26 -27 -28 -29 -30 -31
leaf_value=-0.0041965273785184295 0.034841773260527814 0.031659764588739599 0.053950844753872254 0.011581742555723759 -0.033357049957852401 -0.022086825776851202 0.011646216040339129 -0.081323397713946699 0.050209906645515494 0.037459204780052921 0.00058897203372775203 0.0022829347098769553 -0.031340538492272745 0.045371758814315155 -0.014973462092680188 -0.010829620216610141 -0.02919433793998796 0.03041380682875133 0.051244116295368271 -0.0087449187061598693 0.036205904787577924 0.06451202345585251 0.0088179945691074495 0.053084935048847925 0.0071960220125420445 -0.047582676829053296 0.0021534047756084861 -0.015038168473327937 0.028238538768013036 0.0024081589094676528
leaf_weight=818.87873622775078 70.114746689796448 80.367371335625648 123.81074477732182 426.13208836317062 353.34395723044872 147.8549907207489 396.03052361309528 5.1638280898332587 84.979505002498627 105.36915156245232 79.784367457032204 162.08480978012085 5.9991668462753287 28.09035649895668 1531.0974671393633 138.03595320880413 56.217929258942604 46.131800904870033 15.83866988122463 59.767004489898682 54.844189926981926 34.896990656852722 381.91193211078644 13.65117162466049 31.397278651595116 10.127571165561674 1324.1026910990477 32.796792179346085 65.665289297699928 55.638538330793381
leaf_count=3310 312 354 664 1779 1595 623 1627 21 397 464 325 651 25 115 6288 560 229 187 69 248 247 200 1535 58 126 44 5323 132 266 226
internal_value=1.08756e-05 -0.00948901 0.0102831 0.0085472 -0.0112281 0.00497273 0.00672422 0.0212853 0.0220675 0.0185353 -0.025335 -0.00876713 0.0448324 -0.00978046 -0.0112181 -0.000277481 -0.0054019 0.00017578 0.00664144 -0.0297963 0.0143896 0.041606 0.00583384 0.013027 0.0252228 -0.00483702 0.00420073 0.00984397 0.0116672 0.0151029
internal_weight=6740.13 3501.7 3238.43 3114.62 3386.43 2432.13 2284.27 682.488 677.324 586.345 503.023 2883.41 90.9787 2705.49 2349.98 355.512 296.024 239.806 177.923 413.111 480.976 115.264 2214.16 409.682 59.4876 89.9119 1804.48 480.374 447.577 101.77
internal_count=28000 14527 13473 12809 13973 9876 9253 2933 2912 2490 2212 11761 422 11041 9598 1443 1202 973 720 1843 2026 554 8941 1685 241 369 7256 1933 1801 413
is_linear=0
shrinkage=0.05


Tree=17
num_leaves=31
num_cat=0
split_feature=0 40 10 6 39 39 7 6 39 38 38 39 41 40 38 6 7 39 41 40 0 38 10 39 0 38 40 38 38 39
split_gain=238.286 114.206 92.2142 52.201 44.1554 41.8979 23.3816 17.8359 15.3427 16.2205 14.967 14.8738 14.728 18.9738 14.1324 13.3886 12.2131 11.5553 10.2869 10.0985 9.68145 9.49585 11.3496 9.10563 8.38343 8.12323 7.76109 7.46963 7.66676 7.44744
threshold=23.500000000000004 0.20942982456140355 4.5000000000000009 1.5000000000000002 3.8210925925175254 2.8458951406467268 1.0000000180025095e-35 1.5000000000000002 3.2731275256415033 3.4729297375596802 3.6962861127732456 3.0232263396109507 0.27429467084639503 0.078461538461538485 3.54641915521186 2.5000000000000004 1.5000000000000002 3.4572159468017696 0.31414473684210531 0.039230769230769243 29.500000000000004 3.9233088607576558 1.5000000000000002 2.9997906153230329 17.500000000000004 3.8101126321183503 0.03509852216748769 3.5842434495629507 3.6892128038702086 2.9161364536186212
decision_type=2 2 2 2 2 2 2 2 2 2 2 2 2 2 2 2 2 2 2 2 2 2 2 2 2 2 2 2 2 2
left_child=1 5 3 4 6 18 20 8 9 11 17 -7 13 16 -9 23 25 27 -1 -5 -2 -22 -23 -3 -11 -8 -14 -10 -29 -16
right_child=2 15 -4 19 -6 7 12 14 10 24 -12 -13 26 -15 29 -17 -18 -19 -20 -21 21 22 -24 -25 -26 -27 -28 28 -30 -31
leaf_value=-0.020644205542573471 0.0039995569207390246 0.0073812393306804296 0.052734156910030895 -0.015183049963978248 0.028835894209636045 -0.0086042559601722038 0.0012001587814609539 -0.060717522418550801 0.019624287232477451 -0.033121167529638604 -0.0059541915641609898 0.017661910026392374 -0.001479924043518607 0.057008584016242848 0.019517637323200613 0.063605380192272673 0.035756809424178609 0.040673285723013264 -0.039468896821938812 0.035493022356708176 0.020190361321132722 0.0018612946635777014 0.072765962253678471 0.036329910373166012 -0.011860029524157734 0.017259960384214595 -0.084847311072978465 -0.004523978649008894 0.036040912223021707 -0.021020418163085378
leaf_weight=461.13659244775772 1668.202508404851 41.734641194343567 120.42050850391388 251.99854938685894 283.38022568821907 134.7892100661993 106.87305776774883 22.00583490729332 59.495306804776192 48.108717501163483 804.86973218619823 89.809351980686188 6.2084142267703992 30.52488762140274 12.17105548083782 29.953968286514282 69.204336032271385 24.697108045220375 86.12637485563755 10.229973644018171 203.68820889294147 167.0342451184988 5.841138318181037 77.805270373821259 1279.0552933365107 299.10236474871635 5.0727572739124298 142.62472839653492 12.683869779109953 163.9108567237854
leaf_count=1991 6708 178 664 1045 1251 560 438 99 239 213 3248 365 25 153 53 178 306 100 393 43 839 693 25 356 5236 1262 21 574 51 693
internal_value=1.1458e-05 -0.0090428 0.00980401 0.00814032 0.0101078 -0.0109557 0.00803607 -0.00847787 -0.00737442 -0.0105278 -0.00268906 0.00189869 0.017536 0.0187965 -0.0229397 0.0337134 0.0163418 0.00828378 -0.0236068 -0.0132061 0.00563416 0.0128756 0.00425703 0.0262231 -0.0126307 0.0130322 -0.0389674 0.00455979 -0.00121109 -0.0182184
internal_weight=6718.76 3490.98 3227.78 3107.36 2845.13 3341.48 2561.75 2794.22 2596.13 1551.76 1044.37 224.599 516.986 505.705 198.088 149.494 475.18 239.501 547.263 262.229 2044.77 376.564 172.875 119.54 1327.16 405.975 11.2812 214.804 155.309 176.082
internal_count=28000 14527 13473 12809 11721 13815 10470 11431 10586 6374 4212 925 2205 2159 845 712 2006 964 2384 1088 8265 1557 718 534 5449 1700 46 864 625 746
is_linear=0
shrinkage=0.05


Tree=18
num_leaves=31
num_cat=0
split_feature=0 40 10 7 39 41 41 41 40 0 40 20 38 39 38 39 6 38 41 12 40 7 39 12 6 38 41 39 6 40
split_gain=215.79 105.671 86.6276 48.0393 40.4793 38.9096 20.6194 20.3937 20.3855 22.8833 13.5016 13.4248 10.2972 14.7005 9.85896 9.81423 9.68484 11.077 9.67965 9.58318 9.58012 8.99533 8.21101 8.0811 7.97991 7.13553 7.38651 7.52202 9.26056 7.46957
threshold=23.500000000000004 0.27149877149877155 4.5000000000000009 1.0000000180025095e-35 2.8458951406467268 0.21132376395534294 0.22967032967032971 0.14160401002506268 0.049390243902439034 21.500000000000004 0.025657894736842109 1.0000000180025095e-35 3.7854045649248205 3.2360563169422236 3.5180930346395796 4.004625174399993 1.5000000000000002 3.4729297375596802 0.31414473684210531 5.5000000000000009 0.082207207207207214 1.5000000000000002 3.8523331503537412 5.5000000000000009 1.5000000000000002 3.5771824039098052 0.17192118226600989 3.4534939707360945 1.5000000000000002 0.059714795008912663
decision_type=2 2 2 2 2 2 2 2 2 2 2 2 2 2 2 2 2 2 2 2 2 2 2 2 2 2 2 2 2 2
left_child=1 4 3 5 18 7 10 -2 9 24 21 20 13 14 -10 25 17 -11 -1 -14 -8 22 -5 -3 -6 -9 29 -28 -29 -27
right_child=2 23 -4 6 8 -7 11 15 12 16 -12 -13 19 -15 -16 -17 -18 -19 -20 -21 -22 -23 -24 -25 -26 26 27 28 -30 -31
leaf_value=-0.019683829922681348 0.032859887935838272 0.032333015064764874 0.051565745903607241 0.015615262461711927 -0.012391314026613075 -0.020496311106947818 0.008738844235574689 0.016455259052731624 0.031107982879996388 0.02262219394293721 0.050708274238079991 -0.074561945462976426 -0.011962751882411721 0.025784966603255872 -0.0051014471441376205 0.051589483411296967 -0.019551288601433309 -0.0033148420340441964 -0.038039014340984653 0.031908435972757089 0.044353110207772661 0.040512137683360407 0.040654193143913102 0.062805160429689671 -0.026863464094665026 0.0092581386957464248 -0.0012210913685318677 0.0067080548700458572 -0.015340389664273575 0.050020878304022069
leaf_weight=465.62657043337822 68.927336916327477 67.251997023820877 117.07700057327747 217.58470945060253 1336.2525845617056 146.61231598258018 276.98304422199726 128.08497308194637 21.919982984662056 43.184928610920906 53.381120800971985 4.6378682255744925 127.3702367991209 86.81829622387886 132.01791375875473 11.363379910588263 87.009659662842751 879.84632617235184 84.926612108945847 13.796023219823836 20.264108031988144 62.705458134412766 38.541744396090508 32.16243577003479 102.56239140033722 382.27136932313442 677.29234656691551 950.07127490639687 50.13668118417263 11.578921511769293
leaf_count=2020 312 302 664 926 5506 623 1159 518 91 174 260 19 521 354 538 50 362 3555 393 60 101 289 179 198 453 1575 2720 3826 202 50
internal_value=1.19025e-05 -0.00861648 0.00934619 0.00775192 -0.0101103 0.0044714 0.0195598 0.0060771 -0.00769765 -0.0093733 0.0274352 0.00984971 0.00304649 0.00933314 5.45937e-05 0.00524208 -0.00360457 -0.00210135 -0.0225152 -0.00767527 0.0111668 0.0235386 0.0193831 0.0421913 -0.0134229 0.00500263 0.00429444 0.00284768 0.00560285 0.0104565
internal_weight=6698.26 3480.75 3217.51 3100.44 3381.33 2426.34 674.098 2279.73 2830.78 2448.86 372.213 301.885 381.922 240.756 153.938 2210.8 1010.04 923.031 550.553 141.166 297.247 318.832 256.126 99.4144 1438.81 2199.44 2071.35 1677.5 1000.21 393.85
internal_count=28000 14527 13473 12809 14027 9876 2933 9253 11614 10050 1654 1279 1564 983 629 8941 4091 3729 2413 581 1260 1394 1105 500 5959 8891 8373 6748 4028 1625
is_linear=0
shrinkage=0.05


Tree=19
num_leaves=31
num_cat=0
split_feature=0 40 39 39 6 40 41 7 40 40 41 40 7 7 40 41 38 0 41 7 38 12 11 11 38 39 11 38 40 41
split_gain=195.426 96.754 77.8615 37.7555 37.1021 27.0757 24.6144 24.0097 16.6415 14.2583 13.993 14.9116 12.8635 12.5158 11.5567 10.393 10.3134 10.2744 9.05865 8.77921 8.19228 8.10563 7.93032 13.015 9.05373 10.6606 10.2435 10.8305 8.25136 7.68529
threshold=23.500000000000004 0.27149877149877155 3.8563805301751679 3.1230102876585404 1.5000000000000002 0.29520697167755999 0.28102564102564109 1.0000000180025095e-35 0.039230769230769243 0.1526806526806527 0.27429467084639503 0.078461538461538485 1.0000000180025095e-35 1.5000000000000002 0.046536796536796543 0.21913109756097562 3.5842434495629507 29.500000000000004 0.22361111111111112 1.0000000180025095e-35 3.8101126321183503 5.5000000000000009 14.500000000000002 16.500000000000004 3.8870841666935103 3.3754072918469564 12.500000000000002 3.8797789142116303 0.17902930402930406 0.27097902097902099
decision_type=2 2 2 2 2 2 2 2 2 2 2 2 2 2 2 2 2 2 2 2 2 2 2 2 2 2 2 2 2 2
left_child=1 3 4 6 5 7 -1 17 -6 15 11 13 16 20 -8 19 29 -2 -17 -4 -9 -3 24 -24 25 -18 27 -27 -28 -5
right_child=2 21 9 12 8 -7 14 10 -10 -11 -12 -13 -14 -15 -16 18 22 -19 -20 -21 -22 -23 23 -25 -26 26 28 -29 -30 -31
leaf_value=-0.011113540792799876 0.003772537572270418 0.031059009917355149 0.023493779591132097 0.011182314711699604 -0.014605809632675923 0.058444687280446619 -0.027587458422597907 0.00057587989502463465 0.041492913296900275 0.058822765189598628 -0.036908348504868412 0.046456099857893778 0.0077888027875441142 0.034933806661369436 -0.0049458308273666075 -0.066157148803645816 -0.0012063448911270914 0.012679450553525463 0.013503087461748546 0.046073031165291684 0.016566868948815316 0.062025683453646167 -0.015886023167768815 -0.0046334894986991264 -0.021128290346170042 0.024689671822734304 0.030423543209965029 -0.058715584469673891 0.096784193093638504 -0.017832018204865061
leaf_weight=1220.1658664047718 1720.286950647831 66.528789892792702 96.014418721199036 131.36605404317379 241.97617076337337 26.734823450446129 412.91527599096298 106.66021437942982 13.983809635043142 52.902668982744217 11.73226575553417 43.23622077703476 194.44119438529015 73.37149441242218 65.266659334301949 4.5163646042346981 172.35137341916561 398.8412397056818 17.009549602866173 78.042537093162537 321.5511664301157 30.968535780906677 435.92351120710373 625.97668614983559 40.80183307826519 10.831455901265146 23.771684437990192 6.0754705816507331 5.833882436156272 27.622093945741653
leaf_count=5059 6946 302 420 528 1010 156 1888 438 66 307 49 233 786 332 274 21 705 1664 78 379 1374 198 1782 2535 168 46 96 25 24 111
internal_value=1.2494e-05 -0.00820936 0.00891115 -0.00962859 0.0066532 0.00837646 -0.0148818 0.00787619 -0.011541 0.0357935 0.0171183 0.0182818 -0.00430216 0.0158531 -0.0244971 0.0295644 -0.00589007 0.00544891 -0.00321047 0.0336177 0.0125838 0.0408951 -0.0073375 -0.0092528 0.000495093 0.00452625 0.0257683 -0.00528184 0.0435001 0.00614146
internal_weight=6677.7 3470.84 3206.86 3373.34 2958.37 2702.41 1698.35 2675.68 255.96 248.486 556.551 544.819 1675 501.583 478.182 195.583 1480.55 2119.13 21.5259 174.057 428.211 97.4973 1321.57 1061.9 259.666 218.864 46.5125 16.9069 29.6056 158.988
internal_count=28000 14527 13473 14027 12268 11192 7221 11036 1076 1205 2426 2377 6806 2144 2162 898 6020 8610 99 799 1812 500 5381 4317 1064 896 191 71 120 639
is_linear=0
shrinkage=0.05


Tree=20
num_leaves=31
num_cat=0
split_feature=0 40 10 7 0 41 6 38 41 41 7 12 40 20 11 40 40 38 40 38 38 38 40 38 38 38 40 40 38 7
split_gain=176.966 88.6819 76.7092 40.246 33.9223 32.8763 21.641 22.0714 18.1182 18.116 14.7024 14.1197 12.5933 11.9894 9.63751 13.1101 18.1938 9.60075 8.42367 8.09976 7.98025 7.74232 7.7359 7.04725 6.82066 6.72313 6.67186 6.66779 5.65154 5.64541
threshold=23.500000000000004 0.20942982456140355 4.5000000000000009 1.0000000180025095e-35 17.500000000000004 0.21132376395534294 1.5000000000000002 3.54641915521186 0.22967032967032971 0.14160401002506268 1.0000000180025095e-35 5.5000000000000009 0.025657894736842109 1.0000000180025095e-35 16.500000000000004 0.049390243902439034 0.054093567251461992 3.8841694071874975 0.082207207207207214 4.1821713243925931 4.0179089951977423 3.6427819312973484 0.046536796536796543 4.0539449931801803 3.5725465613326501 3.5771824039098052 0.046536796536796543 0.061553030303030311 3.6467030064723334 1.5000000000000002
decision_type=2 2 2 2 2 2 2 2 2 2 2 2 2 2 2 2 2 2 2 2 2 2 2 2 2 2 2 2 2 2
left_child=1 4 3 5 27 9 10 -8 12 -2 14 -3 20 18 15 -6 21 -18 -10 25 28 -17 -9 24 -16 -11 -12 -1 -5 -30
right_child=2 11 -4 8 6 -7 7 22 13 19 26 -13 -14 -15 23 16 17 -19 -20 -21 -22 -23 -24 -25 -26 -27 -28 -29 29 -31
leaf_value=-0.028027167341655185 0.030972832840349619 0.021952096042189256 0.049394299182111946 0.066351867439906079 -0.011964280960851661 -0.019018202307693841 -0.055493593885773386 -0.017573697327215445 0.00780667000619285 0.015460654500170416 0.0021737980629247581 0.058910715277000883 0.048321589341290987 -0.071275947494727918 0.006882995078938906 0.043448052438953014 -0.0017360465593878075 -0.025983818426708501 0.041793875918024539 0.028226373201519696 0.030408032227357135 0.0072260936338233665 0.030399311968630296 0.026317240041704416 -0.0060005362363566477 0.0036395647640490229 0.02901631317669276 -0.0062611929738720963 0.0091556531875714286 0.03586553338840695
leaf_weight=270.81380707025528 67.758699849247932 109.74366058409214 110.67584019899368 5.0801376849412909 1408.0520846694708 145.37363463640213 41.842639163136482 176.67226529121399 275.65499751269817 127.80286954343319 222.27530758082867 33.802187815308571 51.439133435487747 4.6020212024450293 121.64121679961681 27.852026626467705 210.87492950260639 50.622527971863747 19.522121757268906 36.065769150853157 142.02716347575188 31.366831928491592 8.8231123834848386 19.652801379561424 660.77589710056782 2043.6514986157417 25.840687587857246 40.439846277236938 144.22253035008907 22.927989944815636
leaf_count=1266 312 491 664 21 5825 623 196 765 1159 518 899 221 260 19 494 115 854 207 101 155 654 126 36 79 2677 8268 105 171 612 107
internal_value=1.30103e-05 -0.00782125 0.00849495 0.0070282 -0.00948607 0.00403439 -0.00785923 -0.0226912 0.0179181 0.00550728 -0.00664587 0.0306551 0.0253878 0.00880595 -0.0077846 -0.00988623 -0.000762915 -0.0064301 0.0100545 0.00472563 0.0216339 0.0242621 -0.0152919 -0.00325476 -0.00399755 0.00433531 0.00496938 -0.0251992 0.0143984 0.0128194
internal_weight=6657.9 3461.09 3196.8 3086.13 3317.55 2420.65 3006.29 227.338 665.476 2275.28 2778.95 143.546 365.697 299.779 2530.84 1728.77 320.716 261.497 295.177 2207.52 314.258 59.2189 185.495 802.07 782.417 2171.45 248.116 311.254 172.231 167.151
internal_count=28000 14527 13473 12809 13815 9876 12378 997 2933 9253 11381 712 1654 1279 10377 7127 1302 1061 1260 8941 1394 241 801 3250 3171 8786 1004 1437 740 719
is_linear=0
shrinkage=0.05


Tree=21
num_leaves=31
num_cat=0
split_feature=0 40 10 7 39 41 41 41 41 40 38 20 40 11 0 39 12 40 7 10 40 38 39 39 28 38 40 38 38 41
split_gain=160.26 82.1234 72.0751 36.7235 32.5936 29.7762 20.7231 16.6877 16.6159 11.9366 10.926 10.8938 9.90718 9.33373 11.1634 8.4883 8.00549 7.82906 7.57056 7.01578 11.1073 10.5398 10.798 6.87448 6.39581 6.25937 6.15083 5.99419 5.84229 5.84944
threshold=23.500000000000004 0.27149877149877155 4.5000000000000009 1.0000000180025095e-35 3.1230102876585404 0.21132376395534294 0.28102564102564109 0.22967032967032971 0.14160401002506268 0.025657894736842109 3.5842434495629507 1.0000000180025095e-35 0.051956815114709856 14.500000000000002 21.500000000000004 4.004625174399993 5.5000000000000009 0.082207207207207214 1.5000000000000002 1.0000000180025095e-35 0.097167584579071611 3.8441697217888655 3.3924473170566602 3.8523331503537412 1.0000000180025095e-35 3.7483615029509889 0.22048611111111113 3.7483615029509889 3.4209799704839883 0.17192118226600989
decision_type=2 2 2 2 2 2 2 2 2 2 2 2 2 2 2 2 2 2 2 2 2 2 2 2 2 2 2 2 2 2
left_child=1 4 3 5 6 8 -1 9 -2 18 -6 17 25 19 -15 24 -3 -9 23 -12 -21 22 26 -5 28 -8 27 -22 -10 -30
right_child=2 16 -4 7 10 -7 12 11 15 -11 13 -13 -14 14 -16 -17 -18 -19 -20 20 21 -23 -24 -25 -26 -27 -28 -29 29 -31
leaf_value=-0.010202025409509045 0.029767096611363616 0.028970040833903307 0.048338345962609552 0.013476570421325641 0.0080429654552042675 -0.018158311022873352 -0.026629757007641669 0.0074270993414358721 0.030839710482413331 0.046942796839598219 -0.0071889603974317224 -0.068237623172288028 -0.004011704557546604 -0.014053681571180776 -0.0037734780217819962 0.048252320683759363 0.060655876055003201 0.040486932023448594 0.036643561636765895 0.027290562092573686 0.015941569266962417 -0.012550878977543574 0.057251965390402851 0.0368375061146319 0.061060206891917324 0.0059412007899607494 0.053004020708869781 -0.021130169060911294 0.0093932455747593145 0.0026685834600525915
leaf_weight=1215.3379494994879 66.997850731015205 65.295124217867851 107.51953209936619 215.02441284060478 174.52643153071404 144.66347585618496 392.32253736257553 275.26575596630573 20.304199561476707 50.330917075276375 112.48045855760574 4.5674395412206641 62.400101110339165 393.6520602107048 802.28881788253784 11.026011824607847 28.694342777132988 19.15416519343853 60.129569813609123 55.869934588670731 23.577556282281876 70.343277782201767 12.493504568934439 36.895540580153465 4.9469624906778327 15.326851010322569 5.9420468211174002 20.285404786467552 395.43471384048462 1774.7067258656025
leaf_count=5059 312 302 664 926 702 623 1832 1159 83 260 461 19 263 1613 3251 50 198 101 289 226 95 296 53 179 20 67 27 82 1640 7148
internal_value=1.32317e-05 -0.00745293 0.00809756 0.00669254 -0.00874359 0.00383698 -0.0136501 0.017133 0.0052366 0.0243472 -0.00379625 0.00838914 -0.0225651 -0.00517657 -0.00715728 0.00449173 0.0386435 0.00957788 0.0207028 0.0026934 0.00858998 0.000713118 0.0156899 0.016898 0.00427195 -0.0254052 0.00526416 -0.00120308 0.0041437 0.00389393
internal_weight=6637.8 3450.84 3186.97 3079.45 3356.85 2418.08 1685.39 661.368 2273.42 362.38 1671.46 298.987 470.049 1496.93 1195.94 2206.42 93.9895 294.42 312.05 300.992 188.512 132.642 62.2985 251.92 2195.39 407.649 49.805 43.863 2190.45 2170.14
internal_count=28000 14527 13473 12809 14027 9876 7221 2933 9253 1654 6806 1279 2162 6104 4864 8941 500 1260 1394 1240 779 553 257 1105 8891 1899 204 177 8871 8788
is_linear=0
shrinkage=0.05


Tree=22
num_leaves=31
num_cat=0
split_feature=0 40 10 38 0 7 41 7 41 41 40 40 41 38 10 12 41 38 38 40 40 7 40 38 38 41 38 12 40 7
split_gain=145.113 75.2475 67.7128 33.9112 29.672 22.2866 26.7368 14.9388 20.6298 10.6831 10.4751 16.4759 16.2962 11.6194 10.402 9.75705 8.26819 7.96558 7.53833 7.21524 22.4398 7.19171 7.04727 6.3245 6.58027 6.16784 6.12569 5.92737 5.88561 6.14983
threshold=23.500000000000004 0.24357284113381678 4.5000000000000009 4.133302367334573 17.500000000000004 1.0000000180025095e-35 0.21132376395534294 1.0000000180025095e-35 0.30217391304347835 0.22967032967032971 0.049390243902439034 0.054093567251461992 0.23606811145510839 3.8841694071874975 1.0000000180025095e-35 5.5000000000000009 0.14160401002506268 3.6809850782491051 3.6427819312973484 0.17902930402930406 0.18898809523809526 1.5000000000000002 0.046536796536796543 4.0539449931801803 3.5725465613326501 0.23606811145510839 3.5771824039098052 7.5000000000000009 0.14119601328903655 3.5000000000000004
decision_type=2 2 2 2 2 2 2 2 2 2 2 2 2 2 2 2 2 2 2 2 2 2 2 2 2 2 2 2 2 2
left_child=1 4 3 5 -1 6 16 8 10 14 12 18 23 19 21 -3 -2 -10 -12 25 -21 -7 -9 24 -6 -13 -18 -11 29 -5
right_child=2 15 -4 28 7 9 -8 22 17 27 11 13 -14 -15 -16 -17 26 -19 -20 20 -22 -23 -24 -25 -26 -27 -28 -29 -30 -31
leaf_value=-0.023224005476725203 0.024108262386102558 0.02549552219688539 0.047312067623692548 0.029432257134239373 0.0070556422434021925 0.013990463376573071 -0.018238994566322202 0.0016183718772046453 -0.052745273605071911 0.0081308290898763572 0.043207288936463813 -0.025277743257310623 -0.011627172547471925 -0.024922793337034434 0.051014920687412729 0.060055522779692949 0.014349662185831153 -0.0045582725690081448 0.0079570455254739936 0.098623289032754621 0.0038532262640272909 0.036369171912671056 0.027566375897046372 0.024744814650988385 -0.0055399420173319475 -0.00027143381668631608 0.0030422630268836927 -0.038829412127659294 -0.023696098573165337 -0.029979885101283649
leaf_weight=306.78655843436718 50.93275149166584 76.269240021705627 104.43797692656517 185.18095311522484 122.56757345795631 216.07360975444317 141.39348323643208 229.48372077941895 35.174801126122475 273.84984810650349 28.161807119846344 29.230926662683487 1551.8893727511168 55.534286081790924 25.774357736110687 27.890971258282661 127.43899504840374 11.341514214873312 32.867818564176559 7.2204399257898322 46.293478339910507 43.054101213812828 29.534636810421944 20.178305804729462 673.33612349629402 157.65566992759705 1991.9088785052299 6.8885963559150687 5.6625073403120032 4.4605626463890067
leaf_count=1442 236 354 664 853 498 939 612 930 174 1170 117 118 6479 229 136 200 518 52 132 29 194 208 127 81 2731 640 8060 30 26 21
internal_value=1.3619e-05 -0.00709995 0.00771911 0.00637335 -0.00840614 0.00500483 0.0028281 -0.00690606 -0.00797927 0.0139008 -0.00741565 0.000568836 -0.00861929 -0.0043093 0.0207218 0.0347497 0.00420062 -0.0409964 0.0242231 0.000452569 0.0166402 0.0177087 0.0045771 -0.00289939 -0.00360025 -0.00418267 0.00372219 0.00697855 0.026535 0.0280348
internal_weight=6618.47 3441.42 3177.06 3072.62 3337.26 2877.31 2311.67 3030.47 2771.45 565.641 2724.94 356.964 2367.97 295.935 284.902 104.16 2170.28 46.5163 61.0296 240.401 53.5139 259.128 259.018 816.082 795.904 186.887 2119.35 280.738 195.304 189.642
internal_count=28000 14527 13473 12809 13973 11909 9426 12531 11474 2483 11248 1459 9789 1210 1283 554 8814 226 249 981 223 1147 1057 3310 3229 758 8578 1200 900 874
is_linear=0
shrinkage=0.05


Tree=23
num_leaves=31
num_cat=0
split_feature=0 10 10 39 39 6 40 0 7 41 40 7 40 38 39 38 41 12 38 41 39 39 41 7 0 41 38 38 0 38
split_gain=131.385 69.1583 63.6101 31.2685 28.8676 25.9643 13.9015 14.6384 13.8401 10.8223 17.7542 10.9783 10.5255 9.03811 10.2691 9.16164 7.81088 7.79419 7.33832 7.30023 6.92107 6.34701 8.13723 6.64268 7.67878 6.97094 6.26875 6.25774 6.13863 8.9527
threshold=23.500000000000004 5.5000000000000009 4.5000000000000009 3.8224980385805121 2.8458951406467268 1.5000000000000002 0.049390243902439034 21.500000000000004 1.0000000180025095e-35 0.26393188854489169 0.078461538461538485 1.5000000000000002 0.03509852216748769 3.7854045649248205 3.2360563169422236 3.5180930346395796 0.31414473684210531 5.5000000000000009 3.4729297375596802 0.27681992337164757 3.0079457296242302 3.9705743148392902 0.21913109756097562 1.0000000180025095e-35 25.500000000000004 0.14434523809523811 3.3470203280915363 3.8101126321183503 29.500000000000004 3.9233088607576558
decision_type=2 2 2 2 2 2 2 2 2 2 2 2 2 2 2 2 2 2 2 2 2 2 2 2 2 2 2 2 2 2
left_child=1 4 3 5 16 8 7 -6 26 10 11 27 -11 14 15 -8 -1 20 -9 -15 -3 23 -23 24 -5 -26 -2 -10 -28 -30
right_child=2 17 -4 21 6 -7 13 18 9 12 -12 -13 -14 19 -16 -17 -18 -19 -20 -21 -22 22 -24 -25 25 -27 28 -29 29 -31
leaf_value=-0.016023285216777108 0.047839079498277377 0.0040617959684359018 0.046312055759087957 0.055183855978457187 -0.010548336462192911 -0.011169142263116508 0.03079249819826262 0.017064173256124086 -0.0010011224494033888 0.0053546881043534562 0.05420575488488788 0.032197046622825631 -0.076589177830251487 -0.011213722468080776 0.022677218946831119 -0.0037896387397815551 -0.032950032079158358 0.059469519236903558 -0.0035916140469729658 0.025726187816383941 0.039371819563196686 0.043262222295600623 -0.021973629135739775 0.029228419582545059 0.033965458007179448 0.0026648495201808224 0.0026629440909767721 0.013150987165437328 0.016957364246207141 0.0013642374275016783
leaf_weight=455.11130434274673 8.171870216727255 21.236020356416702 101.43520170450211 9.2978491932153684 1421.1168555170298 241.98042462766171 22.357729017734528 45.010452970862389 106.08242456614971 10.092044010758402 26.888903066515923 60.909383371472359 6.4064250588417044 123.16627331078053 86.167745694518089 133.56174689531326 80.158157095313072 26.78549787402153 961.93549513816833 15.004021018743513 40.050870001316071 50.94150285422802 5.2751817405223838 85.049765840172768 21.506985619664192 102.86664482951164 1664.3008993864059 296.2459250241518 199.9570005685091 170.57583753764629
leaf_count=2027 34 96 664 38 5959 1022 94 182 438 41 154 288 27 508 354 547 393 200 3909 64 194 256 24 417 104 431 6705 1278 834 718
internal_value=1.37771e-05 -0.00676454 0.00735626 0.00606769 -0.00791654 0.0044832 -0.00588824 -0.00728039 0.00596873 0.0133664 0.0147071 0.0124144 -0.0264645 0.00300109 0.00882469 0.00116919 -0.0185581 0.0369702 -0.0026683 -0.00720239 0.0271368 0.0221559 0.0371407 0.0183045 0.011354 0.00807743 0.00413426 0.00941948 0.00395875 0.00977902
internal_weight=6599.65 3431.66 3167.98 3066.55 3343.59 2791.61 2808.32 2428.06 2549.63 506.625 490.127 463.238 16.4985 380.258 242.087 155.919 535.269 88.0724 1006.95 138.17 61.2869 274.938 56.2167 218.721 133.671 124.374 2043.01 402.328 2034.83 370.533
internal_count=28000 14527 13473 12809 14037 11539 11617 10050 10517 2226 2158 2004 68 1567 995 641 2420 490 4091 572 290 1270 280 990 573 535 8291 1716 8257 1552
is_linear=0
shrinkage=0.05


Tree=24
num_leaves=31
num_cat=0
split_feature=10 11 38 39 6 12 41 39 38 38 39 40 6 10 0 11 0 39 0 38 39 39 39 0 0 10 39 41 38 38
split_gain=120.577 119.152 30.2124 30.1255 21.7229 18.0513 16.7141 10.3652 10.6798 9.87178 9.08721 9.07837 9.01402 7.99523 7.68739 7.31244 7.13677 8.10603 7.06576 6.717 7.76095 6.38955 6.29762 6.18713 6.10836 13.8092 6.74795 5.85484 5.56409 5.49436
threshold=5.5000000000000009 18.500000000000004 4.1655745823242958 3.1564536459234782 1.5000000000000002 5.5000000000000009 0.28102564102564109 3.4534939707360945 3.6850506496423425 3.5842434495629507 3.939700639726563 0.051956815114709856 1.5000000000000002 9.5000000000000018 38.500000000000007 14.500000000000002 24.500000000000004 3.6396517497830132 26.500000000000004 3.8870841666935103 3.4105065644434074 3.1810996580484505 3.7222170025823202 21.500000000000004 27.500000000000004 1.5000000000000002 3.2408350000536879 0.23861283643892342 3.5285632774845577 3.7483615029509889
decision_type=2 2 2 2 2 2 2 2 2 2 2 2 2 2 2 2 2 2 2 2 2 2 2 2 2 2 2 2 2 2
left_child=1 3 4 6 5 10 -1 9 -9 12 14 29 -5 21 16 19 17 -3 -7 20 -11 27 -10 -17 -18 26 -26 -2 -13 -8
right_child=13 2 -4 7 -6 18 11 8 22 15 -12 28 -14 -15 -16 23 24 -19 -20 -21 -22 -23 -24 -25 25 -27 -28 -29 -30 -31
leaf_value=-0.008976346272397219 -0.0079609973188618181 0.006997078915299524 0.030752670330231643 0.0078738236645705898 -0.010509254854853991 0.0060805016511830869 -0.024089875699558033 0.0334929586296061 -0.0002024643902775682 0.0010622660059017833 0.049506892208068906 -0.016425278767705557 -0.059352408613055213 0.057833048549803735 0.037265294628809079 -0.014188260776388593 -0.00026405197240596788 0.026202183317732566 0.01967600625738454 -0.023973707002862308 0.036678364329026374 0.043310268791293322 0.020300291447051484 -0.0057136498761399621 0.025793237099183991 0.042018633392591626 0.0035282517557815364 0.031684820732481113 0.013406672334510343 0.0064878908858845234
leaf_weight=1230.7558472007513 13.686241805553435 380.6974018663168 123.15226803719997 171.77707792818546 198.11879003047943 135.68922311067581 383.35153339803219 27.643490731716156 441.50389449298382 202.07537350058556 11.252395838499067 33.392948821187019 5.1354009956121436 52.761262997984886 17.695706456899643 335.42691950500011 857.64798180758953 64.210355907678604 323.19815941154957 24.258074074983597 16.548006102442741 73.519727572798729 40.925209566950798 601.74015767872334 35.823303788900375 25.59647274017334 679.94711638987064 29.139294013381004 29.384648904204369 15.276211708784102
leaf_count=5155 65 1535 600 692 833 573 1836 113 1825 832 51 144 21 371 85 1385 3453 262 1484 101 70 455 192 2462 147 110 2800 158 123 67
internal_value=1.42716e-05 -0.00108479 0.00652791 -0.00718707 0.00543506 0.00668276 -0.012019 -0.00280776 0.00326869 -0.00509186 0.0046963 -0.0201348 0.00592239 0.0416886 0.00445172 -0.00674311 0.00416763 0.00976881 0.0156559 0.000988365 0.00375811 0.0343673 0.00153682 -0.00874685 0.00260916 0.00593303 0.00464258 0.0190148 -0.00246168 -0.0229181
internal_weight=6581.33 6412.22 2853.03 3559.19 2729.88 2531.76 1692.16 1867.03 510.073 1356.96 2072.87 461.405 176.912 169.107 2061.62 1180.05 2043.92 444.908 458.887 242.881 218.623 116.345 482.429 937.167 1599.01 741.367 715.77 42.8255 62.7776 398.628
internal_count=28000 26951 11933 15018 11333 10500 7325 7693 2130 5563 8443 2170 713 1049 8392 4850 8307 1797 2057 1003 902 678 2017 3847 6510 3057 2947 223 267 1903
is_linear=0
shrinkage=0.05


Tree=25
num_leaves=31
num_cat=0
split_feature=10 11 7 39 7 6 41 39 40 7 40 41 40 0 10 6 41 38 38 38 10 38 39 0 39 39 0 39 38 39
split_gain=111.685 107.788 28.1017 27.366 16.5098 15.961 15.6268 12.6541 11.0964 11.3923 11.0394 9.47034 8.85428 8.07783 7.98271 7.65201 6.97818 6.69896 6.68025 7.9376 6.64726 6.29295 6.25126 6.15391 6.1377 5.91019 8.08311 5.82721 6.25837 7.15783
threshold=5.5000000000000009 18.500000000000004 1.0000000180025095e-35 3.1564536459234782 1.0000000180025095e-35 1.5000000000000002 0.30217391304347835 3.939700639726563 0.025657894736842109 1.5000000000000002 0.15707236842105265 0.21913109756097562 0.051956815114709856 38.500000000000007 9.5000000000000018 1.5000000000000002 0.24068965517241384 3.5842434495629507 3.5375986596785869 3.4693760755761058 3.5000000000000004 3.5771824039098052 3.3726053923572601 15.500000000000002 3.1810996580484505 3.8500864429761346 27.500000000000004 3.6637018666367642 3.6422606651904035 3.250814583693912
decision_type=2 2 2 2 2 2 2 2 2 2 2 2 2 2 2 2 2 2 2 2 2 2 2 2 2 2 2 2 2 2
left_child=1 3 5 6 15 7 -1 13 9 25 16 -10 -8 20 24 17 -6 18 19 -5 21 22 -3 -14 -2 -4 -27 28 29 -18
right_child=14 2 8 4 10 -7 12 -9 11 -11 -12 -13 23 -15 -16 -17 27 -19 -20 -21 -22 -23 -24 -25 -26 26 -28 -29 -30 -31
leaf_value=-0.0096200150271263107 0.018233438176772941 0.012469890730616218 0.0082598801454626062 0.020789953083180143 0.040909022236585275 -0.010407160480502461 -0.027903126674830026 0.035681967273046088 0.04964477215750987 0.02998479625037186 0.055121747846476013 0.0016098753324974486 -0.031090618656084281 0.037553263806805168 0.057130001463236768 -0.016869917937027148 -0.002461700340807844 -0.0049107379743605255 0.016557260860556984 -0.014309840317363371 0.062407658900260746 0.003414548547633265 0.064199739135747641 0.019613406500523834 0.042223857438191473 -0.01573792706599551 0.03897989431679634 0.027260286186090544 -0.0010892130738548466 0.043219393681564952
leaf_weight=1471.5968188792467 42.446331307291985 117.79706957936287 352.18140421807766 22.639732986688614 13.712702721357344 181.84705354273319 187.82781894505024 33.138862296938896 41.424441501498222 91.237595975399017 11.955659717321394 13.63967528939247 8.9683562517166155 18.367813125252724 50.790022097527981 119.96983447670937 16.108230501413345 1288.2924494296312 76.865937396883965 55.82251138985157 4.9014154821634284 1944.374430552125 6.1448151618242255 17.984496116638184 71.687799394130707 8.4332868754863721 33.800795897841454 25.251854062080383 216.41735281050205 18.337117150425911
leaf_count=6288 223 481 1517 92 77 769 921 161 238 443 71 64 40 90 371 514 65 5273 309 225 24 7909 25 76 455 39 173 107 886 74
internal_value=1.44049e-05 -0.00103265 0.0062151 -0.00684286 -0.00266986 0.00381006 -0.0114588 0.00502686 0.0164744 0.0140626 0.00803725 0.0377463 -0.0240575 0.00454116 0.04064 -0.0047364 0.00609496 -0.00372806 0.00608104 -0.00418204 0.00424869 0.00411087 0.0150346 0.00274203 0.0333019 0.0103794 0.0280539 0.00436599 0.00206145 0.0218568
internal_weight=6563.96 6399.04 2847.29 3551.75 1865.37 2306.57 1686.38 2124.72 540.717 485.653 301.783 55.0641 214.781 2091.59 164.924 1563.59 289.827 1443.62 155.328 78.4622 2073.22 2068.32 123.942 26.9529 114.134 394.415 42.2341 276.115 250.863 34.4453
internal_count=28000 26951 11933 15018 7693 9459 7325 8690 2474 2172 1280 302 1037 8529 1049 6413 1209 5899 626 317 8439 8415 506 116 678 1729 212 1132 1025 139
is_linear=0
shrinkage=0.05


Tree=26
num_leaves=31
num_cat=0
split_feature=10 11 38 39 6 7 7 40 10 6 38 38 39 39 38 40 29 10 28 39 7 40 39 38 38 40 10 38 39 38
split_gain=103.42 97.5075 26.1341 25.0078 18.2335 17.0792 15.7001 13.9054 12.8884 9.22542 12.9288 8.86896 10.894 9.74484 9.01845 8.5933 8.17569 7.97496 7.81344 7.64266 7.95097 7.56993 7.12246 8.40205 6.77871 6.52279 7.20867 6.82727 7.31284 10.3747
threshold=5.5000000000000009 18.500000000000004 4.133302367334573 2.8458951406467268 1.5000000000000002 1.0000000180025095e-35 1.5000000000000002 0.15707236842105265 2.5000000000000004 1.5000000000000002 3.54641915521186 3.4729297375596802 3.2526449285380048 3.0232263396109507 3.7085114564352462 0.16247642991829042 1.0000000180025095e-35 9.5000000000000018 1.0000000180025095e-35 3.6819433087818081 3.5000000000000004 0.10435571687840291 3.4105065644434074 3.6634117814909573 3.2466689551453567 0.075961538461538483 1.5000000000000002 3.5771824039098052 3.4996137735663471 3.7672796328537523
decision_type=2 2 2 2 2 2 2 2 2 2 2 2 2 2 2 2 2 2 2 2 2 2 2 2 2 2 2 2 2 2
left_child=1 3 4 -1 6 9 8 -7 16 11 -11 13 15 24 21 -13 18 -2 25 -4 -21 22 -14 -24 -5 26 27 -3 -29 -30
right_child=17 2 19 5 -6 7 -8 -9 -10 10 -12 12 14 -15 -16 -17 -18 -19 -20 20 -22 -23 23 -25 -26 -27 -28 28 29 -31
leaf_value=-0.016563654695163514 0.032254288659831758 0.015600938561653052 -0.02155125860376839 0.055515564177192014 -0.010143504553733387 0.0034707200118508003 0.028475522850570013 0.05528475046707048 0.040877782277934815 -0.05386146259892613 -0.01206559061091992 -0.010095091273331112 -0.00061272535004665036 0.017397499723208306 -0.005002423887202543 0.012443044748021511 0.064223326023634439 0.056460729976944159 0.053618835360574914 0.028433982895011367 -0.03774107366515627 0.050614972551204535 0.0036606723042020336 0.042688760310262044 -0.0064744553394972953 -0.030995842242351163 0.030215445610772496 0.00051647734970802566 0.02612173516830138 0.0052197818692448867
leaf_weight=527.04988385736942 112.01210311800241 126.94607350230217 8.6418626606464368 4.5718255490064612 192.71341636776924 351.74686850607395 74.206431463360786 13.44371661543846 24.941870585083961 20.348862782120705 203.92858797311783 1199.3956381380558 174.69374279677868 86.575086429715157 728.09462736546993 43.838362321257591 5.7639019340276709 48.871138446033001 8.1021037846803647 167.17540483176708 4.6658053249120703 9.2097587436437589 33.442200407385826 23.467077553272247 124.63116061687469 12.920063391327856 27.207541182637215 997.68695501983166 62.664986252784729 1127.914434030652
leaf_count=2424 678 520 36 19 814 1470 363 79 132 101 895 5008 707 355 2978 184 25 371 34 815 23 38 136 95 529 52 115 4042 255 4707
internal_value=1.47822e-05 -0.000982682 0.00591766 -0.00651464 0.00466888 -0.00475937 0.00582534 0.00537814 0.0051233 -0.00615524 -0.0158578 -0.00525898 -0.00620279 0.00441694 -0.0022282 -0.00930036 0.00474689 0.0396074 0.00460184 0.0243299 0.0266372 0.00615961 0.00439183 0.0197543 -0.00428095 0.00443323 0.00462865 0.00432796 0.00367399 0.00631994
internal_weight=6546.87 6385.99 2841.55 3544.44 2661.07 3017.39 2468.35 365.191 2394.15 2652.2 224.277 2427.92 2212.14 215.778 968.907 1243.23 2369.21 160.883 2363.44 180.483 171.841 240.813 231.603 56.9093 129.203 2355.34 2342.42 2315.21 2188.27 1190.58
internal_count=28000 26951 11933 15018 11059 12594 10245 1549 9882 11045 996 10049 9146 903 3954 5192 9750 1049 9725 874 838 976 938 231 548 9691 9639 9524 9004 4962
is_linear=0
shrinkage=0.05


Tree=27
num_leaves=31
num_cat=0
split_feature=10 11 7 41 7 40 41 41 38 40 7 41 10 40 40 41 7 38 41 11 39 38 40 40 38 0 41 39 39 38
split_gain=95.6923 88.199 24.3879 23.6972 18.5404 15.9055 13.2809 11.7203 10.1576 10.0581 9.69988 8.94004 7.98517 7.39862 13.3825 11.098 7.18114 6.60366 6.25602 6.24597 7.26907 6.30014 17.4752 6.87034 6.00744 6.00457 7.46997 6.93788 5.91609 6.88864
threshold=5.5000000000000009 18.500000000000004 1.0000000180025095e-35 0.28801843317972359 1.0000000180025095e-35 0.046536796536796543 0.21132376395534294 0.14160401002506268 3.5771824039098052 0.025657894736842109 1.5000000000000002 0.21913109756097562 9.5000000000000018 0.049390243902439034 0.054093567251461992 0.23606811145510839 1.5000000000000002 3.6427819312973484 0.21913109756097562 10.500000000000002 3.0270779758999535 3.7618368601866696 0.09449404761904763 0.10435571687840291 3.4729297375596802 24.500000000000004 0.17192118226600989 3.6396517497830132 3.6637018666367642 4.0233010727352676
decision_type=2 2 2 2 2 2 2 2 2 2 2 2 2 2 2 2 2 2 2 2 2 2 2 2 2 2 2 2 2 2
left_child=1 3 6 4 13 24 7 -3 -5 10 -4 -11 18 15 17 -1 -7 -15 -2 -16 -21 22 -22 -23 -6 27 -27 -9 29 -26
right_child=12 2 9 8 5 16 -8 25 -10 11 -12 -13 -14 14 19 -17 -18 -19 -20 20 21 23 -24 -25 28 26 -28 -29 -30 -31
leaf_value=-0.0022463307177377403 0.046478618248609639 0.02527233990369257 0.0095891014913775455 -0.021349873887058474 0.045650797045658942 0.042628808235983251 -0.014447173340753751 0.0061662214343962555 -0.005303384710813608 0.047859186820218197 0.027861658341768486 0.00084016079543909139 0.055821852753858148 0.040307192424590271 0.016007056779506871 -0.0094389259447336237 -0.012638144534178926 0.0067143147507957779 0.021899212765051756 -0.022058789596516866 -0.031826878736644318 0.0074477503052474362 0.020278735357588593 -0.013990550533482733 2.3714802594166468e-05 0.0081692660118819482 0.00036411184048238911 0.023864817919736332 0.02682021570541537 -0.052174039695122347
leaf_weight=824.65416833758354 41.655038192868233 64.108693063259125 392.17769849300385 333.7944837808609 7.7491760402917853 39.441718444228172 99.735245332121849 380.03320224583149 139.97810432314873 39.669517755508423 89.135937377810478 13.567046940326689 47.00623644143343 27.440113380551338 37.506514087319374 1533.8013000637293 6.9069008082151404 31.336301490664482 68.392514608800411 55.296283692121506 20.802024155855179 53.145431637763977 71.058073610067368 125.9088322520256 201.71696710586548 401.98699244856834 1291.1379308700562 64.815655082464218 20.05832876265049 6.5252319723367682
leaf_count=3355 292 315 1729 1637 32 212 440 1535 615 238 443 64 371 115 158 6455 35 126 386 228 84 216 292 528 820 1690 5213 266 83 27
internal_value=1.48532e-05 -0.000935247 0.00563311 -0.00620232 -0.00459286 0.0076138 0.00339885 0.00420712 -0.0166089 0.0152541 0.0129731 0.0358766 0.0385714 -0.00583242 0.00026088 -0.00692397 0.0343929 0.0223973 0.031203 -0.00331636 -0.00553809 -0.00216606 0.00847925 -0.00762741 0.00235569 0.00357546 0.00221724 0.00874495 0.000886133 -0.00161189
internal_weight=6530.54 6373.49 2836.37 3537.12 3063.35 282.398 2301.82 2202.08 473.773 534.55 481.314 53.2366 157.054 2780.95 422.494 2358.46 46.3486 58.7764 110.048 363.717 326.211 270.914 91.8601 179.054 236.05 2137.97 1693.12 444.849 228.301 208.242
internal_count=28000 26951 11933 15018 12766 1209 9459 9019 2252 2474 2172 302 1049 11557 1747 9810 247 241 678 1506 1348 1120 376 744 962 8704 6903 1801 930 847
is_linear=0
shrinkage=0.05


Tree=28
num_leaves=31
num_cat=0
split_feature=10 11 39 41 7 6 7 10 10 10 7 34 39 11 7 39 39 41 0 41 39 39 39 41 0 28 0 39 41 0
split_gain=88.5895 79.784 22.4245 21.6408 16.7683 15.0192 13.9442 11.9235 8.83895 7.96937 7.75963 6.95898 6.48839 8.11037 6.29919 6.17924 6.13129 6.07907 5.74889 5.69415 5.62568 5.62466 5.52365 6.41664 5.4341 5.30232 5.24367 5.1436 4.94165 4.75194
threshold=5.5000000000000009 18.500000000000004 3.9022431950643792 0.28801843317972359 1.0000000180025095e-35 1.5000000000000002 1.0000000180025095e-35 1.5000000000000002 1.0000000180025095e-35 9.5000000000000018 1.0000000180025095e-35 1.0000000180025095e-35 2.6435987411598707 10.500000000000002 1.5000000000000002 3.4996137735663471 3.4534939707360945 0.21913109756097562 35.500000000000007 0.21913109756097562 3.3929372919485519 3.3510810516731371 3.4729297375596802 0.17974358974358975 27.500000000000004 1.0000000180025095e-35 24.500000000000004 3.6396517497830132 0.31414473684210531 23.500000000000004
decision_type=2 2 2 2 2 2 2 2 2 2 2 2 2 2 2 2 2 2 2 2 2 2 2 2 2 2 2 2 2 2
left_child=1 3 5 4 11 6 18 -6 10 17 28 12 -1 -14 -9 20 29 -2 25 -4 21 -8 24 -24 -7 26 27 -3 -5 -15
right_child=9 2 19 8 7 22 15 14 -10 -11 -12 -13 13 16 -16 -17 -18 -19 -20 -21 -22 -23 23 -25 -26 -27 -28 -29 -30 -31
leaf_value=-0.020643499082304017 0.045550211540301554 0.0058088720696101463 0.030159993415388681 -0.018674212856738478 0.002918517949993182 -0.009075241835528474 0.0062457454825482154 0.040152746526271606 -0.00051387363215140195 0.055210300914676158 -0.0046922704994984696 -0.059406809156381246 0.019354090429719341 -0.0059957557372448825 -0.011979178991959046 0.017065977984837839 0.00060525894221380959 0.021040052497690628 0.020550934048617991 -0.0085017676041849316 -0.0066137031060641482 0.041472126405383399 0.012921714340049096 -0.020044703088876265 0.018461854808558817 0.055470646088906922 0.0018401930160311692 0.021245016139765729 -0.03288531371796085 -0.02234265413843315
leaf_weight=68.37521980702877 40.410649672150612 379.56154972314835 107.26319235563278 232.81637632846832 239.18455228209496 45.217180147767067 47.914352431893349 35.571695193648338 78.008765891194344 45.196462474763393 76.851417452096939 5.984734818339347 33.628577962517738 2252.3682004362345 6.9221002012491217 325.99631607532501 371.44826033711433 67.645448632538319 49.615049436688423 10.451686471700667 62.52644456923008 14.8420033454895 17.174917235970497 105.00342711806297 29.672016739845276 4.862782582640647 1567.9100441336632 62.912189319729805 82.973980963230133 45.352202624082565
leaf_count=295 292 1534 554 1159 975 200 201 199 332 371 324 25 142 9376 35 1532 1525 386 240 50 266 64 69 443 123 20 6378 259 437 194
internal_value=1.50439e-05 -0.000890084 0.00536275 -0.00590535 -0.00436959 0.00443584 0.00547693 0.00725453 -0.0158865 0.0375804 -0.0189407 -0.00554859 -0.00543227 -0.00504746 0.0316606 0.0134389 -0.00535489 0.0302063 0.00373683 0.0267273 0.00400102 0.0145769 -0.00885681 -0.0154105 0.00183529 0.00332287 0.00319673 0.00800363 -0.0224082 -0.00631841
internal_weight=6513.66 6360.41 2830.92 3529.49 3058.84 2713.21 2516.14 281.678 470.651 153.253 392.642 2777.16 2771.17 2702.8 42.4938 451.279 2669.17 108.056 2064.86 117.715 125.283 62.7564 197.068 122.178 74.8892 2015.25 2010.38 442.474 315.79 2297.72
internal_count=28000 26951 11933 15018 12766 11329 10494 1209 2252 1049 1920 11557 11532 11237 234 2063 11095 678 8431 604 531 265 835 512 323 8191 8171 1793 1596 9570
is_linear=0
shrinkage=0.05


Tree=29
num_leaves=31
num_cat=0
split_feature=10 11 38 39 6 39 41 24 7 10 7 41 10 0 41 10 6 38 38 38 39 41 39 7 10 10 39 38 39 38
split_gain=82.0005 72.1621 22.0446 19.9184 13.6459 12.3596 12.251 11.464 11.4321 10.7978 10.531 8.51684 7.94836 7.05586 7.31103 6.28108 6.13821 6.00327 6.2116 6.71079 5.96752 5.93488 5.44745 6.18352 5.91258 5.33038 5.38765 5.90888 5.1916 7.25825
threshold=5.5000000000000009 18.500000000000004 4.1655745823242958 3.1564536459234782 1.5000000000000002 3.9699956519455788 0.30217391304347835 1.0000000180025095e-35 1.0000000180025095e-35 2.5000000000000004 1.5000000000000002 0.24068965517241384 9.5000000000000018 34.500000000000007 0.20761494252873566 1.0000000180025095e-35 1.5000000000000002 3.5842434495629507 3.5375986596785869 3.4693760755761058 3.1810996580484505 0.23606811145510839 3.6637018666367642 1.5000000000000002 3.5000000000000004 1.0000000180025095e-35 3.2203127661787532 3.879456487392646 3.3276521565353132 3.4842291702451242
decision_type=2 2 2 2 2 2 2 2 2 2 2 2 2 2 2 2 2 2 2 2 2 2 2 2 2 2 2 2 2 2
left_child=1 3 4 6 5 7 -1 9 16 10 13 -10 20 14 -3 -8 17 18 19 -5 21 -2 23 24 -13 26 -18 -28 29 -16
right_child=12 2 -4 8 -6 -7 15 -9 11 -11 -12 22 -14 -15 28 -17 25 -19 -20 -21 -22 -23 -24 -25 -26 -27 27 -29 -30 -31
leaf_value=-0.0079749943633041828 -0.03541127631800544 0.0015715688684846006 0.026364949951448304 0.019500879154794568 -0.0085151574497355723 0.062512851552632573 -0.024372055355177974 0.07129891126054104 0.042041820502180638 0.035632911662320958 0.023248217930008936 0.00318886101171547 0.054623281328306884 0.017808636331628019 0.033240611883707666 0.0012299887979467618 0.013854468886518501 -0.0040023749526266516 0.016515759799981499 -0.012811667641230061 0.038573707832277239 0.021544466702540854 0.026534705981432122 -0.033089719475451466 0.057202265371096829 0.019546002732392195 -0.03032616198466799 -0.0036907566299737449 0.010939726692501713 -0.0011195238474645053
leaf_weight=1457.4945570528507 5.2526766359806052 1651.952677115798 116.88547074794769 22.576547130942345 196.12011693418026 9.3647846132516843 179.82258002460003 6.4963450729846945 16.293030455708504 28.061067506670952 72.255150437355042 239.8539933860302 43.44254282861948 87.52911514043808 16.638957366347313 27.638702586293221 11.822875007987021 1284.7342013716698 76.792396515607834 55.740224063396454 65.487661466002464 35.388932973146439 26.306027755141258 11.561163067817686 5.1759009063243857 10.358310788869856 65.893624380230904 30.441647127270699 438.9760155826807 201.46496491134167
leaf_count=6288 27 6767 600 92 833 49 917 29 103 156 363 981 371 415 69 120 51 5273 309 225 455 196 115 49 32 43 287 133 1835 817
internal_value=1.50085e-05 -0.00084716 0.00510476 -0.00562177 0.00418739 0.00517883 -0.00959314 0.00496435 -0.00206216 0.00479177 0.00444122 0.0068899 0.0366079 0.0038742 0.00334598 -0.0209613 -0.00378087 -0.00288057 0.00641111 -0.00349686 0.0292335 0.0141833 0.00486538 0.00264381 0.00432982 -0.0147185 -0.0180001 -0.0219095 0.007807 0.00150178
internal_weight=6497.82 6348.25 2825.74 3522.51 2708.86 2512.74 1664.96 2503.37 1857.55 2496.88 2468.82 299.19 149.572 2396.56 2309.03 207.461 1558.36 1439.84 155.109 78.3168 106.129 40.6416 282.897 256.591 245.03 118.516 108.158 96.3353 657.08 218.104
internal_count=28000 26951 11933 15018 11333 10500 7325 10451 7693 10422 10266 1280 1049 9903 9488 1037 6413 5899 626 317 678 223 1177 1062 1013 514 471 420 2721 886
is_linear=0
shrinkage=0.05


Tree=30
num_leaves=31
num_cat=0
split_feature=10 11 38 39 6 40 39 24 29 40 6 38 0 38 7 12 7 40 39 10 38 10 39 39 38 39 38 0 39 40
split_gain=75.8951 65.2661 20.2093 18.3558 12.336 12.2549 11.5785 10.6089 11.06 10.7699 9.55796 10.8933 10.0583 9.23752 8.14737 7.97399 11.5349 9.85253 8.17952 7.9185 6.07215 5.90064 5.83812 5.83597 8.09162 7.20509 5.70818 6.71028 5.70222 5.59531
threshold=5.5000000000000009 18.500000000000004 4.1655745823242958 2.8458951406467268 1.5000000000000002 0.049390243902439034 3.9699956519455788 1.0000000180025095e-35 1.0000000180025095e-35 0.082207207207207214 1.5000000000000002 3.54641915521186 21.500000000000004 3.4693760755761058 1.5000000000000002 5.5000000000000009 1.5000000000000002 0.054093567251461992 3.6758507507459961 9.5000000000000018 3.5771824039098052 1.0000000180025095e-35 3.3510810516731371 3.4996137735663471 3.7672796328537523 3.591483651618089 3.3818344678678467 17.500000000000004 3.1810996580484505 0.17902930402930406
decision_type=2 2 2 2 2 2 2 2 2 2 2 2 2 2 2 2 2 2 2 2 2 2 2 2 2 2 2 2 2 2
left_child=1 3 4 -1 6 10 7 8 9 14 12 -12 26 -14 20 17 -17 -7 -18 28 22 -13 -3 -22 25 -25 -5 -28 -2 -19
right_child=19 2 -4 5 -6 15 -8 -9 -10 -11 11 21 13 -15 -16 16 18 29 -20 -21 23 -23 -24 24 -26 -27 27 -29 -30 -31
leaf_value=-0.014064698865033101 0.013574924980707493 0.011722678146836763 0.025331937872613092 0.010693038240223482 -0.0081035391337680503 0.020314836180758529 0.06127737814560779 0.069212043636613332 0.068697166850095998 0.035577660487147264 -0.050959333501562613 -0.013066189446150359 0.021979970382971711 -0.0015291882235772402 0.020828063500738694 0.02780153087901667 -0.072620443963626921 -0.0056717598295553595 0.019949456480219993 0.054058236336197919 0.00011433121515007045 0.0415386478491446 0.061119947199227302 0.015105854167364525 0.0042997962836316961 0.06039998482678402 -0.028132533553736978 -0.0071219323358513581 0.037581508373984829 0.0097111036017129768
leaf_weight=515.75065185129642 40.359714895486832 121.2614786028862 115.60266464948654 43.277866005897522 195.78667490184307 56.122812896966934 9.0830810964107496 6.3610467910766593 6.7032048702239981 27.368741005659103 19.353906944394112 198.55438683927059 43.689446434378624 958.60978515446186 70.193826749920845 58.286962002515793 5.3344157189130765 268.06624118983746 4.3179018944501877 41.744842663407326 1008.1409590542316 5.0738193094730368 6.2918103486299506 52.493880927562714 1190.8294660300016 10.543504208326338 39.219063222408295 1224.3375942707062 63.896661125123501 75.837666004896164
leaf_count=2424 223 499 600 184 833 231 49 29 31 155 101 885 177 3904 356 297 24 1094 23 371 4090 21 26 214 5007 44 197 5125 455 331
internal_value=1.51337e-05 -0.000806087 0.00485928 -0.00535126 0.00398436 -0.00385331 0.00492753 0.00472281 0.00455832 0.00438545 -0.00522712 -0.0151127 -0.00427252 -0.000504442 0.00403839 0.00358018 0.0194176 0.000890405 -0.0312099 0.0356563 0.00354519 -0.0117056 0.0141593 0.00294666 0.00522393 0.0226817 -0.00716251 -0.00777407 0.0282881 -0.00227953
internal_weight=6482.49 6336.49 2820.66 3515.83 2705.06 3000.08 2509.27 2500.19 2493.83 2487.12 2532.12 222.982 2309.13 1002.3 2459.75 467.966 67.9393 400.027 9.65232 146.001 2389.56 203.628 127.553 2262.01 1253.87 63.0374 1306.83 1263.56 104.256 343.904
internal_count=28000 26951 11933 15018 11333 12594 10500 10451 10422 10391 10594 1007 9587 4081 10236 2000 344 1656 47 1049 9880 906 525 9355 5265 258 5506 5322 678 1425
is_linear=0
shrinkage=0.05


Tree=31
num_leaves=31
num_cat=0
split_feature=10 11 38 40 41 6 0 12 7 7 10 10 39 38 7 11 40 39 7 38 41 0 38 39 41 38 39 38 39 11
split_gain=70.22 59.2084 21.2689 15.4963 17.4566 14.7492 11.6167 9.52892 12.7854 8.40956 7.97266 7.88475 7.35113 9.71361 7.13359 7.06241 9.85026 9.16352 6.84272 6.14547 5.88358 5.65224 5.63638 13.7333 5.42168 5.01249 4.99944 4.86785 4.93079 8.7481
threshold=5.5000000000000009 17.500000000000004 4.133302367334573 0.046536796536796543 0.28102564102564109 1.5000000000000002 29.500000000000004 5.5000000000000009 1.5000000000000002 1.0000000180025095e-35 1.0000000180025095e-35 9.5000000000000018 3.4534939707360945 3.5842434495629507 3.5000000000000004 14.500000000000002 0.054093567251461992 3.7222170025823202 1.0000000180025095e-35 3.6427819312973484 0.21913109756097562 33.500000000000007 3.8841694071874975 3.3215162127329263 0.20761494252873566 3.657326753133785 3.6396517497830132 3.8443087154995541 2.6435987411598707 10.500000000000002
decision_type=2 2 2 2 2 2 2 2 2 2 2 2 2 2 2 2 2 2 2 2 2 2 2 2 2 2 2 2 2 2
left_child=1 3 5 4 9 6 12 15 -9 -1 -8 20 13 -3 21 16 19 -17 -6 -5 -2 26 23 27 -14 -26 -4 28 -18 -30
right_child=11 2 14 7 18 -7 10 8 -10 -11 -12 -13 24 -15 -16 17 22 -19 -20 -21 -22 -23 -24 -25 25 -27 -28 -29 29 -31
leaf_value=-0.0064098703199481424 0.043199177260777114 0.0099959048085957111 -0.034157227370874427 0.038393416682529137 -0.019889691933168079 -0.0093424719541795286 0.0090294127024607342 0.026661324153841065 -0.047149106607214691 0.0068734662818530738 0.037935350052767221 0.053512834235700281 0.0021973188053530297 -0.0025486889383366657 -0.04128163185583171 -0.019570064509921339 -0.02251660620821155 0.038127553521124735 -0.0057733163011590878 0.0059074328599203127 0.018296562303182145 0.035320013690534849 -0.017538853447342972 0.024612062309099309 0.040465650332399399 0.0081582863852491371 0.018064260554708719 -0.052276128680777613 0.017102234448353765 -0.0065154312711617653
leaf_weight=1852.7791225910187 37.293298162519932 183.22029884159565 4.7700073271989814 27.186318606138229 344.89100334048271 230.56321637332439 524.84755557775497 60.303281024098396 6.4993672370910636 127.34053581953049 24.990257441997528 40.103409737348557 722.72560142725706 978.13975670933723 4.5638523697853079 73.237072139978409 27.74395914375782 7.5952256321907035 114.29568311572075 31.340760171413422 65.162450052797794 55.090695157647133 45.81053701043129 51.850101068615913 12.304539710283278 494.46832029521465 116.98917745798826 5.0815422534942618 54.15538914501667 142.05905893445015
leaf_count=7773 292 751 20 115 1761 991 2315 299 31 512 136 371 2943 3967 23 300 122 33 478 126 386 310 197 214 50 2086 562 21 229 586
internal_value=1.51077e-05 -0.000767075 0.00378781 -0.00590509 -0.0075925 0.00283531 0.0037901 0.00181944 0.0194802 -0.00555563 0.0103432 0.0347178 0.00228306 -0.000569609 0.0204383 -0.000711958 0.00210746 -0.0141486 -0.016376 0.0209974 0.027361 0.0220311 -0.0012766 0.00137562 0.00497763 0.00894272 0.0160184 -0.00388465 -0.00278667 3.06872e-06
internal_weight=6467.4 6324.84 3352.67 2972.17 2439.31 3171.26 2940.7 532.863 66.8026 1980.12 549.838 142.559 2390.86 1161.36 181.414 466.06 385.228 80.8323 459.187 58.5271 102.456 176.85 326.701 280.89 1229.5 506.773 121.759 229.04 223.958 196.214
internal_count=28000 26951 14154 12797 10524 13239 12248 2273 330 8285 2451 1049 9797 4718 915 1943 1610 333 2239 241 678 892 1369 1172 5079 2136 582 958 937 815
is_linear=0
shrinkage=0.05


Tree=32
num_leaves=31
num_cat=0
split_feature=10 11 38 12 39 7 10 38 29 39 40 38 36 7 38 39 11 39 0 11 40 7 39 0 38 38 38 12 38 38
split_gain=65.022 55.3044 18.4329 15.5356 13.141 11.7459 10.8116 10.3517 9.53183 8.22889 8.42949 7.75906 7.56422 7.10009 6.5885 6.74281 6.43508 6.37174 6.29325 5.48024 5.46935 5.24896 6.71538 7.61339 5.87766 5.63532 6.20123 5.53036 6.02754 5.22831
threshold=4.5000000000000009 17.500000000000004 4.133302367334573 5.5000000000000009 3.2526449285380048 1.5000000000000002 2.5000000000000004 3.5842434495629507 1.0000000180025095e-35 2.6435987411598707 0.049390243902439034 3.4324466276812697 1.0000000180025095e-35 2.5000000000000004 3.4209799704839883 3.0391486719030718 12.500000000000002 2.9321041277738069 34.500000000000007 9.5000000000000018 0.03509852216748769 1.0000000180025095e-35 3.7339845216307208 24.500000000000004 3.6422606651904035 3.6420882860777777 3.6427819312973484 5.5000000000000009 3.8175083389536781 3.5375986596785869
decision_type=2 2 2 2 2 2 2 2 2 2 2 2 2 2 2 2 2 2 2 2 2 2 2 2 2 2 2 2 2 2
left_child=1 4 5 17 9 6 8 29 12 -1 16 -12 14 -5 15 -3 -11 19 -16 -2 -7 22 23 25 -23 -9 -27 28 -28 -6
right_child=3 2 -4 13 7 20 -8 21 -10 10 11 -13 -14 -15 18 -17 -18 -19 -20 -21 -22 24 -24 -25 -26 26 27 -29 -30 -31
leaf_value=-0.017848535426719433 0.0087904894755230552 0.010963013231134537 0.019343362678031342 0.052074504954073342 -0.00019272657954201849 0.025244960301711264 0.032387252928050135 -0.032308572407146213 0.063734915934562875 -0.018399200308013109 0.030104816773880647 -0.0010967825480415114 0.055897442035703251 -0.0085616429293772327 0.0010140324064499748 0.064490855356837587 -0.0073517927883819268 0.024339133190773382 0.01424330018850261 -0.044686748165553833 -0.032507794582193501 0.054825197256338998 0.039706685849017216 -0.050506454610768838 0.00406648051676299 0.027519293000727925 0.0017246159019796226 -0.021665376101047663 -0.0083945368605687389 0.031195872828361906
leaf_weight=196.10805091261864 21.638945721089843 23.115607112646106 174.84562155604362 65.097417920827866 20.905688107013702 72.481308236718178 29.352763310074806 17.232209295034409 6.2189925014972678 144.97253003716469 22.05700321495533 206.12288346886635 6.4411902278661719 5.2144127041101447 2923.8938959389925 7.8919270634651175 1452.6739182472229 90.023127406835556 92.748215690255165 6.1529569178819647 4.3452595323324195 5.925889939069747 8.6220593899488431 8.9512471407651883 151.80521060526371 15.88284496963024 323.97778461873531 41.908486664295197 269.63924263417721 36.305945247411728
leaf_count=964 108 97 876 586 85 367 159 70 28 744 94 849 28 43 12061 33 6206 553 431 28 22 24 35 36 646 65 1325 184 1106 147
internal_value=1.50128e-05 -0.000854787 0.00353932 0.0289784 -0.00587761 0.00266666 0.00218645 -0.000855967 0.00189679 -0.00811571 -0.00707033 0.00191932 0.00177087 0.0475777 0.00165647 0.0245867 -0.00835425 0.0178784 0.00142077 -0.00304904 0.0219785 -0.00225125 -0.00414175 -0.0046997 0.00597346 -0.00408648 -0.0033399 -0.00411112 -0.00287182 0.0197262
internal_weight=6452.55 6264.43 3341.33 188.127 2923.09 3166.49 3089.66 901.157 3060.31 2021.93 1825.83 228.18 3054.09 70.3118 3047.65 31.0075 1597.65 117.815 3016.64 27.7919 76.8266 843.945 686.214 677.592 157.731 668.641 651.408 635.526 593.617 57.2116
internal_count=28000 26682 14102 1318 12580 13226 12837 3723 12678 8857 7893 943 12650 629 12622 130 6950 689 12492 136 389 3491 2821 2786 670 2750 2680 2615 2431 232
is_linear=0
shrinkage=0.05


Tree=33
num_leaves=31
num_cat=0
split_feature=10 39 0 7 20 41 40 6 10 36 39 10 38 0 41 7 38 38 41 41 38 40 11 40 10 40 38 39 38 38
split_gain=60.3978 49.5713 17.7138 15.9966 17.1138 15.9026 15.3702 12.4775 10.8374 9.19483 8.02517 7.95228 7.90234 8.16306 7.199 6.698 6.93421 7.63135 5.67737 5.52149 9.38509 9.25225 6.98403 12.5392 6.82335 6.02165 6.51127 5.62246 7.27143 6.27354
threshold=5.5000000000000009 3.4534939707360945 29.500000000000004 1.0000000180025095e-35 1.0000000180025095e-35 0.27888888888888896 0.074537037037037054 1.5000000000000002 1.0000000180025095e-35 1.0000000180025095e-35 3.5725465613326506 9.5000000000000018 3.6850506496423425 35.500000000000007 0.29099462365591405 1.0000000180025095e-35 3.4729297375596802 3.8694540037139569 0.21913109756097562 0.22967032967032971 3.5725465613326501 0.049390243902439034 13.500000000000002 0.075961538461538483 4.5000000000000009 0.054093567251461992 3.6427819312973484 3.038855503989351 3.4623003290109104 3.293716890073298
decision_type=2 2 2 2 2 2 2 2 2 2 2 2 2 2 2 2 2 2 2 2 2 2 2 2 2 2 2 2 2 2
left_child=1 2 5 7 6 15 9 12 -7 10 -5 18 -3 -14 -10 19 -17 -18 -2 20 27 -21 24 -24 -22 26 -23 29 -29 -1
right_child=11 3 -4 4 -6 8 -8 -9 14 -11 -12 -13 13 -15 -16 16 17 -19 -20 21 22 25 23 -25 -26 -27 -28 28 -30 -31
leaf_value=0.03621044886784397 0.041614129428478808 0.026037926852993228 0.016186105816425048 0.00063146987880448096 -0.081321180221521919 -0.0158153722462985 0.039503160200616519 -0.011143167619559918 0.045623342919542204 0.072566666764327922 0.014311617479310715 0.052612739129319547 0.0028221643288905492 0.022492605301942553 -0.0013189024030296412 0.060697964821667554 -0.00067851650895742047 0.025259078752823894 0.016604330606245506 -0.0074421661596618506 0.080055547017605616 0.035479695045564801 -0.0028461490241605859 -0.031662702518058562 0.00089178629206851801 -0.0010505852721759399 0.00048963009684679882 0.039540693787727274 0.008799247452387006 -0.0064289000909683747
leaf_weight=9.6204379796981794 35.285455472767353 39.897489428520203 105.03663072735071 157.65702705085278 4.8152210414409629 442.81030860543251 50.977269425988197 147.22636073827744 9.1848957389593107 5.9302783310413352 334.99774113297462 37.345152273774147 1518.7904196083546 54.640507161617279 73.72733311355114 5.5423281639814368 158.15468510985374 34.554250501096249 63.578122548758984 1434.3888269066811 4.915790840983389 26.236574485898018 1173.7874495685101 39.005177810788155 6.0992920845746994 213.91995856165886 26.956616163253784 22.979422301054001 118.07635606825352 83.49105803668499
leaf_count=40 292 163 445 671 21 2197 331 630 45 30 1606 371 6245 284 316 23 658 145 386 6104 20 112 4763 160 28 885 108 95 481 345
internal_value=1.49514e-05 -0.000696859 -0.00407488 0.00512326 0.0125302 -0.00462288 0.0133525 0.00279092 -0.012709 0.0106787 0.00993376 0.0329559 0.00406249 0.00350526 0.00388129 -0.00335683 0.00555813 0.0039723 0.0255306 -0.00391623 -0.00165819 -0.00585109 -0.00341296 -0.00377293 0.0362208 0.00269295 0.0177478 0.00751262 0.0138073 -0.00202333
internal_weight=6439.63 6303.42 3988.49 2314.93 554.378 3883.45 549.562 1760.55 525.723 498.585 492.655 136.209 1613.33 1573.43 82.9122 3357.73 198.251 192.709 98.8636 3159.48 1457.97 1701.5 1223.81 1212.79 11.0151 267.113 53.1932 234.167 141.056 93.1115
internal_count=28000 26951 16970 9981 2659 16525 2638 7322 2558 2307 2277 1049 6692 6529 361 13967 826 803 678 13141 5932 7209 4971 4923 48 1105 220 961 576 385
is_linear=0
shrinkage=0.05


Tree=34
num_leaves=31
num_cat=0
split_feature=10 11 38 39 28 40 39 39 38 40 6 24 10 38 6 39 41 0 38 38 39 38 41 41 38 0 39 39 41 0
split_gain=55.8342 45.4083 15.363 13.2467 11.1762 9.67888 9.53117 9.00599 8.69273 8.50857 8.45297 8.2417 7.89215 7.71154 12.0595 8.94521 6.96615 7.79518 6.2461 5.98433 5.7479 5.59617 5.47513 5.36338 5.07548 5.03906 4.93397 4.85342 5.00954 4.97143
threshold=5.5000000000000009 18.500000000000004 4.1655745823242958 2.8458951406467268 1.0000000180025095e-35 0.082207207207207214 3.9699956519455788 3.4534939707360945 3.6850506496423425 0.15849282296650721 1.5000000000000002 1.0000000180025095e-35 9.5000000000000018 3.4729297375596802 1.5000000000000002 3.0232263396109507 0.20761494252873566 29.500000000000004 3.8443087154995541 3.2466689551453567 3.3276521565353132 3.4842291702451242 0.21913109756097562 0.31414473684210531 4.1556453072410688 17.500000000000004 3.0391486719030718 3.4729297375596802 0.17573529411764707 27.500000000000004
decision_type=2 2 2 2 2 2 2 2 2 2 2 2 2 2 2 2 2 2 2 2 2 2 2 2 2 2 2 2 2 2
left_child=1 3 4 23 5 6 10 9 -9 13 11 16 22 14 15 19 17 -3 -11 -5 21 26 -2 -1 -19 -15 -18 29 -29 -12
right_child=12 2 -4 7 -6 -7 -8 8 -10 18 27 -13 -14 25 -16 -17 20 24 -20 -21 -22 -23 -24 -25 -26 -27 -28 28 -30 -31
leaf_value=-0.0098572282196443557 0.040757272019501946 -0.00055218188338481799 0.022275430661930329 0.053636350269220048 0.054626042574237178 0.03321386904140964 0.054620345690923583 0.030340751399902971 0.0013201862864556204 0.019755537176353564 -0.0079250627175763109 0.065676299912455979 0.052110112440306035 -0.023022788743531829 -0.051383925403941794 0.017882420281486296 0.0043206494187295295 0.007320936679573284 -0.017515369855091365 -0.0044971220441268282 0.010574888977149428 -0.0014289557058745441 0.015920650221875682 -0.024604102057783302 -0.037466395445512939 -0.0055336826113766245 0.059680939941349015 0.015722004315779105 -0.017186040001363104 0.01851644007539063
leaf_weight=433.99502319097519 34.252352334558964 1228.6325964182615 111.34148877859116 4.5897722393274298 10.573700636625288 26.454897433519363 8.8506531417369825 27.280432686209679 476.73284090310335 57.878228433430195 44.410924389958382 5.3082218617200843 35.857808083295822 41.997488439083099 9.5228629261255247 93.21254463493824 9.0182292163372058 510.58319920301437 13.950597181916235 124.7758052200079 481.43156695365906 203.95466317236423 63.007802799344063 71.866297096014023 6.4050290137529364 2132.8185260146856 7.2687174677848807 12.968444138765333 106.83809252083302 29.641295611858368
leaf_count=2031 292 4977 600 19 49 157 50 113 2017 249 199 25 371 207 53 385 38 2252 63 538 2064 829 386 393 32 8950 31 52 455 123
internal_value=1.49614e-05 -0.000662965 0.00407504 -0.00447073 0.00332236 0.00312008 0.00282026 -0.0032019 0.00289097 -0.00444079 0.00264702 0.00344148 0.0320596 -0.00494685 0.00371644 0.00607388 0.00330649 0.00161521 0.0125168 -0.0024346 0.00751406 0.000823306 0.0246674 -0.0119523 0.00676606 -0.00587141 0.0290274 -0.00740406 -0.0136239 0.00265883
internal_weight=6425.42 6292.3 2803.68 3488.62 2692.34 2681.77 2655.31 2982.76 504.013 2478.75 2646.46 2452.6 133.118 2406.92 232.101 222.578 2447.29 1745.62 71.8288 129.366 701.673 220.242 97.2602 505.861 516.988 2174.82 16.2869 193.859 119.807 74.0522
internal_count=28000 26951 11933 15018 11333 11284 11127 12594 2130 10464 11077 10248 1049 10152 995 942 10223 7261 312 557 2962 898 678 2424 2284 9157 69 829 507 322
is_linear=0
shrinkage=0.05


Tree=35
num_leaves=31
num_cat=0
split_feature=10 11 38 39 28 40 39 29 41 36 6 10 7 40 40 41 0 41 39 0 11 38 38 38 41 7 38 41 39 39
split_gain=51.5986 41.0589 14.0618 12.3621 10.2926 8.91141 8.89616 8.79731 8.48718 7.89741 8.06853 7.82423 7.65265 7.68657 6.45677 6.19714 6.53747 5.27396 4.99576 4.847 4.78326 4.97351 4.77908 4.77188 5.84085 6.00785 4.82726 4.65555 7.22471 4.6297
threshold=5.5000000000000009 18.500000000000004 4.1655745823242958 3.1564536459234782 1.0000000180025095e-35 0.082207207207207214 3.9699956519455788 1.0000000180025095e-35 0.30217391304347835 1.0000000180025095e-35 1.5000000000000002 9.5000000000000018 1.0000000180025095e-35 0.15707236842105265 0.051956815114709856 0.20761494252873566 29.500000000000004 0.21913109756097562 3.6396517497830132 15.500000000000002 19.500000000000004 3.8694540037139569 3.9914725034370799 3.9502039773024502 0.12220009955201594 1.0000000180025095e-35 4.1505187135146189 0.21913109756097562 3.8680144982828488 3.4729297375596802
decision_type=2 2 2 2 2 2 2 2 2 2 2 2 2 2 2 2 2 2 2 2 2 2 2 2 2 2 2 2 2 2
left_child=1 3 4 8 5 6 7 9 -1 10 15 17 -5 -14 -10 16 20 -2 22 -16 21 -3 -17 -18 -25 -26 -27 -20 -29 -12
right_child=11 2 -4 12 -6 -7 -8 -9 14 -11 29 -13 13 -15 19 18 23 -19 27 -21 -22 -23 -24 24 25 26 -28 28 -30 -31
leaf_value=-0.0060810828201598062 0.039909196445924285 -0.053944656087642054 0.021382238390271778 -0.0028562963803410841 0.052824202795625788 0.032080620320175127 0.053464270255566985 0.059609949428440029 -0.020646263500812913 0.056054156981392093 0.0022134435340805613 0.051619880916705031 0.0044107471545095644 0.04901399024731061 -0.025130283662493647 0.0036762410456486665 0.010983983443949186 0.015260648839013874 0.022987643129686243 0.020723042895077259 -0.0001661003403763933 -0.0033492681743635569 0.02259413556510274 0.055960383198910536 -0.0047703509313308141 0.015157501170833221 -0.040226806375833528 0.010752312762533845 -0.045942042141282308 -0.013736847245822746
leaf_weight=1438.3197086006403 33.256698407232761 8.4619505405426043 110.22201298177242 1550.5681035667658 10.392301023006437 26.030910700559616 8.596418768167494 6.7301403731107703 171.98173290491104 6.833345189690589 73.767304360866547 34.424765445291996 285.99789680540562 9.9967913106083852 8.5095041990280169 523.50116980075836 256.12759445607662 62.460438251495361 83.013975262641907 17.858366340398788 1207.6831581443548 11.401701152324675 35.657943338155746 4.8014710992574683 175.97491912543774 71.232383027672768 4.1643008589744559 49.481377214193344 6.3391804546117774 118.69879694283009
leaf_count=6288 292 34 600 6413 49 157 50 32 921 33 321 371 1209 71 40 2163 1100 386 363 76 4892 46 155 26 763 354 22 238 31 504
internal_value=1.48227e-05 -0.000630718 0.00387842 -0.00425425 0.00316091 0.00296822 0.00268252 0.0025174 -0.00741817 0.0023717 0.00223224 0.031177 -0.00144996 0.00591716 -0.017114 0.00301034 0.00141361 0.0238247 0.00699043 0.00592514 -0.000566382 -0.024903 0.00488265 0.00615795 0.00133276 0.000289318 0.0120985 0.0154796 0.0043139 -0.00762351
internal_weight=6412.49 6282.34 2799.11 3483.23 2688.89 2678.5 2652.47 2643.87 1636.67 2637.14 2630.31 130.142 1846.56 295.995 198.35 2437.84 1739.85 95.7171 697.994 26.3679 1227.55 19.8637 559.159 512.301 256.173 251.372 75.3967 138.835 55.8206 192.466
internal_count=28000 26951 11933 15018 11333 11284 11127 11077 7325 11045 11012 1049 7693 1280 1037 10187 7237 678 2950 116 4972 80 2318 2265 1165 1139 376 632 269 825
is_linear=0
shrinkage=0.05


Tree=36
num_leaves=31
num_cat=0
split_feature=10 39 0 20 7 40 41 6 10 36 10 39 38 0 41 38 7 39 38 41 11 41 38 11 10 10 39 38 38 38
split_gain=47.6669 37.629 13.9615 13.2653 14.8511 14.1211 12.5085 9.55466 9.35238 8.31246 7.74838 7.0119 6.82982 6.98912 6.3579 5.47664 5.40315 6.70929 6.7338 5.07406 4.88584 5.22136 8.28143 6.18623 11.5253 6.19257 4.91556 6.09344 5.58495 4.78477
threshold=5.5000000000000009 3.4534939707360945 29.500000000000004 1.0000000180025095e-35 1.0000000180025095e-35 0.074537037037037054 0.27888888888888896 1.5000000000000002 1.0000000180025095e-35 1.0000000180025095e-35 9.5000000000000018 3.5725465613326506 3.6850506496423425 35.500000000000007 0.29099462365591405 3.6540102171420124 1.0000000180025095e-35 2.9691539917456269 3.8694540037139569 0.21913109756097562 10.500000000000002 0.22967032967032971 3.5725465613326501 13.500000000000002 2.5000000000000004 4.5000000000000009 3.038855503989351 3.4623003290109104 3.293716890073298 3.978598834686681
decision_type=2 2 2 2 2 2 2 2 2 2 2 2 2 2 2 2 2 2 2 2 2 2 2 2 2 2 2 2 2 2
left_child=1 2 6 4 7 9 16 12 -8 11 19 -6 15 -14 -10 -3 20 -18 -19 -2 -1 22 26 25 29 -24 28 -28 -22 -25
right_child=10 3 -4 -5 5 -7 8 -9 14 -11 -12 -13 13 -15 -16 -17 17 18 -20 -21 21 -23 23 24 -26 -27 27 -29 -30 -31
leaf_value=0.01470667435205072 0.039068937895275616 0.0074796381048407752 0.014503486659297779 -0.078737832376622449 -3.1765731230846732e-05 0.037560277994200031 -0.014190933696872113 -0.0098128866933200332 0.043772694457917996 0.070063214536901716 0.051140440142364074 0.012800276813220036 0.0023939422934058287 0.020787596051659984 -0.00069342797320635105 0.044887276770075479 0.063470937344007869 -0.0006985608293636255 0.023718920596582094 0.014623746820979729 0.034361028808707027 -0.0055524478924226985 0.076142910280689632 -0.0025990818061633145 -0.04431463488863345 0.00057750718859774191 0.036790726822618684 0.0085064811630049184 -0.0059055052745673638 -0.042107782754589956
leaf_weight=36.741021230816841 32.29790947586298 22.116138935089111 104.30026426911354 4.7780623137950888 157.11349506676197 48.77677845954895 435.37671580910683 146.17420282959938 9.0277085751295072 5.5753545612096778 33.045105658471584 330.20410369336605 1516.0114204362035 53.466201230883598 73.391730889678001 17.5476443618536 4.8031500428915015 158.69153299182653 34.347007602453232 61.935406751930714 9.6035601049661619 1658.1208854317665 4.8934512287378293 1187.0643035173416 17.000334307551384 6.0796574354171753 22.708158805966377 117.94722434878349 83.348175957798958 7.7130832821130744
leaf_count=156 292 91 445 21 671 331 2197 630 45 30 371 1606 6245 284 316 72 20 661 145 386 40 7053 20 4821 71 28 95 481 345 31
internal_value=1.48889e-05 -0.000599756 -0.00354803 0.00448681 0.00465993 0.0118973 -0.00403493 0.00242656 -0.0112672 0.00935769 0.0303077 0.00866317 0.00353839 0.00302054 0.00417711 0.0240291 -0.00291675 0.00509841 0.003646 0.0230022 -0.00341996 -0.0036338 -0.00144935 -0.00309737 -0.0034358 0.0342759 0.00717675 0.0130728 -0.00174526 -0.00285414
internal_weight=6400.2 6272.92 3971.16 2301.76 2296.99 541.67 3866.86 1755.32 517.796 492.893 127.278 487.318 1609.14 1569.48 82.4194 39.6638 3349.06 197.842 193.039 94.2333 3151.22 3114.48 1456.36 1222.75 1211.78 10.9731 233.607 140.655 92.9517 1194.78
internal_count=28000 26951 16970 9981 9960 2638 16525 7322 2558 2307 1049 2277 6692 6529 361 163 13967 826 806 678 13141 12985 5932 4971 4923 48 961 576 385 4852
is_linear=0
shrinkage=0.05


Tree=37
num_leaves=31
num_cat=0
split_feature=10 39 20 39 41 36 6 0 10 7 41 38 12 39 41 7 11 38 31 39 38 39 41 39 38 39 39 38 0 38
split_gain=44.2997 33.7324 14.6492 16.2873 12.705 10.5853 10.778 10.1508 9.24465 7.93185 8.20482 7.33857 6.61862 7.46711 6.40508 6.36885 5.99563 5.54341 5.45948 5.30818 5.36836 8.71378 5.2141 5.50008 6.48793 9.41864 6.23173 5.36358 5.0709 4.95559
threshold=6.5000000000000009 3.4534939707360945 1.0000000180025095e-35 3.9705743148392902 0.27888888888888896 1.0000000180025095e-35 1.5000000000000002 29.500000000000004 1.0000000180025095e-35 1.5000000000000002 0.267948717948718 3.6850506496423425 5.5000000000000009 2.9852281360342525 0.29099462365591405 2.5000000000000004 10.500000000000002 3.5754877035188977 1.0000000180025095e-35 2.5610525396418251 3.5842434495629507 3.23966092346532 0.24621212121212124 2.7237043259426157 3.4209799704839883 2.8493281730667497 3.0850088017388173 3.4465204238139759 33.500000000000007 3.8563805301751684
decision_type=2 2 2 2 2 2 2 2 2 2 2 2 2 2 2 2 2 2 2 2 2 2 2 2 2 2 2 2 2 2
left_child=1 4 3 5 7 6 9 16 -6 11 -11 -3 13 17 -10 -14 -1 -2 28 -18 21 22 23 27 26 -26 -25 -21 -13 -30
right_child=12 2 -4 -5 8 -7 -8 -9 14 10 -12 18 15 -15 -16 -17 19 -19 -20 20 -22 -23 -24 24 25 -27 -28 -29 29 -31
leaf_value=0.013340158866421287 0.022389237243895365 0.023815025984452225 -0.082408348422850886 0.031960868485202763 -0.013507774939317548 0.063755346881963243 -0.0085421015394860599 0.013263759934335363 0.044134403920995768 0.026550417763095847 -0.022110240620674404 0.0028071270714883885 0.054518713199902313 0.032614791878616739 -0.00018523078645952927 -0.031564149454922266 -0.021110852293713671 -0.054494851827766581 0.055766192265277958 0.011491728725334474 -0.0039867472356931591 0.013855622623502102 -0.0043565552957547443 0.0097787877608306473 -0.050461249897609556 0.00067881978523125068 0.052282798236360811 0.079102432909210485 0.046069467530387299 0.010283288825062981
leaf_weight=57.667756415903568 4.5217873528599721 45.889834463596344 4.8570055961608878 52.825910396873951 433.05500248074532 7.3559386283159247 167.02322684973478 103.36385497450829 9.1638325899839383 67.785352915525436 9.9319627135992032 1831.6111505031586 39.438217580318451 35.833196759223938 73.842799842357635 2.2724665999412528 39.630509376525879 4.8689044117927551 5.0001185834407798 8.0755414366722089 2333.6978733465075 107.9156653881073 514.48399683833122 53.745551019906998 9.3666684776544553 232.13746473193169 10.271731227636336 4.6066689789295188 10.637455493211744 106.8057180121541
leaf_count=270 28 190 22 344 2198 37 718 443 46 382 42 7761 435 283 319 23 176 26 22 35 9686 439 2212 224 40 960 44 20 49 526
internal_value=1.48193e-05 -0.000474282 0.00433478 0.00451757 -0.00325743 0.00387383 0.0036776 -0.00217027 -0.0105779 0.00465994 0.0203318 0.00405094 0.0354634 0.022214 0.0047076 0.0498288 -0.00264344 -0.0174738 0.00358679 -0.00292158 -0.00270142 0.000487547 -0.00124495 0.00378603 0.00244673 -0.00130463 0.0165987 0.0360505 0.00345293 0.0135246
internal_weight=6387.68 6300.75 2309.72 2304.87 3991.02 2252.04 2244.68 3474.96 516.062 2077.66 77.7173 1999.94 86.9346 45.2239 83.0066 41.7107 3371.6 9.39069 1954.05 3313.93 3274.3 940.603 832.688 318.204 305.521 241.504 64.0173 12.6822 1949.05 117.443
internal_count=28000 27205 10093 10071 17112 9727 9690 14549 2563 8972 424 8548 795 337 365 458 14106 54 8358 13836 13660 3974 3535 1323 1268 1000 268 55 8336 575
is_linear=0
shrinkage=0.05


Tree=38
num_leaves=31
num_cat=0
split_feature=10 11 39 40 41 28 40 29 40 7 7 41 39 12 39 0 0 6 7 41 41 38 38 38 41 41 38 38 11 40
split_gain=41.1522 30.6138 12.3353 11.8723 10.5413 10.3381 8.03436 8.0052 7.21598 7.56854 6.88966 9.70815 6.57521 6.54892 6.90588 6.54735 6.22597 7.11091 6.10245 6.03875 5.94442 5.90023 6.04522 5.88485 5.34784 8.61125 5.57567 5.5853 4.93622 8.58943
threshold=6.5000000000000009 18.500000000000004 3.9022431950643792 0.049390243902439034 0.31142241379310348 1.0000000180025095e-35 0.080540540540540564 1.0000000180025095e-35 0.054093567251461992 1.0000000180025095e-35 1.5000000000000002 0.267948717948718 3.250814583693912 5.5000000000000009 2.9852281360342525 21.500000000000004 37.500000000000007 1.5000000000000002 2.5000000000000004 0.20761494252873566 0.21913109756097562 3.6427819312973484 3.8455070432369092 3.2827785645955903 0.16823899371069184 0.15075757575757578 4.2654321889523965 4.1066632247880905 19.500000000000004 0.057983193277310933
decision_type=2 2 2 2 2 2 2 2 2 2 2 2 2 2 2 2 2 2 2 2 2 2 2 2 2 2 2 2 2 2
left_child=1 3 5 4 15 6 7 16 21 -10 -11 -12 -6 14 -2 -1 17 19 -15 28 24 -5 -23 -17 25 -4 27 -27 -3 -30
right_child=13 2 20 8 12 -7 -8 -9 9 10 11 -13 -14 18 -16 23 -18 -19 -20 -21 -22 22 -24 -25 -26 26 -28 -29 29 -31
leaf_value=-0.0061423917020231233 -0.01645815202257659 -0.023790870620066611 0.034089319788036719 0.035909991688374214 -0.018624506401456083 0.051441439156523543 0.028918442893512121 0.057566999209708813 -0.0011773230582554375 0.026158685846326912 0.041798832417506607 -0.061996700311377551 0.03107540396440836 0.054157075647705222 0.031681511131301777 0.043564117106555819 0.021589497119334194 -0.0075126032094231564 -0.02924593434800778 0.0065132203620690615 -0.016337029785143016 -0.0028328004115124039 0.052019508918145808 -0.0014870191507129248 0.034398716911855531 -0.049010807915614518 -0.064402963972342242 0.015041222907171622 0.00083346002937312921 0.029523873074422492
leaf_weight=1609.6974089592695 9.4598285183310491 19.858449712395668 21.367156229913235 28.178697556257248 169.90020300447941 10.873329743742941 28.661566972732544 6.5365031510591498 444.57283138483763 46.751974731683731 3.7389330118894559 5.6676540970802307 6.9261461496353141 37.758972197771072 35.064162753522396 7.2950983047485343 40.618390306830406 187.67311970889568 2.328459918498992 697.4367818236351 10.227692693471907 32.15717776119709 5.9528330266475669 1141.3898276984692 53.538049973547459 4.3543523848056855 3.8876416459679595 15.585256934165953 1662.4714325219393 26.503277599811554
leaf_count=7019 54 80 128 121 929 54 182 32 1914 292 25 26 28 435 283 30 212 809 23 2962 53 130 24 4706 317 20 24 82 6893 113
internal_value=1.47856e-05 -0.000451019 0.00345687 -0.00356373 -0.00484324 0.00278654 0.00258838 0.00230264 0.00305975 0.00100747 0.0183031 -0.02074 -0.0166778 0.0346527 0.0214535 -0.00408459 0.00216553 0.00186137 0.0493127 0.00259247 0.0199484 0.0185622 0.0057352 -0.00120091 0.0237072 0.0110418 -0.00962615 0.00105373 0.000992275 0.00128367
internal_weight=6376.43 6291.82 2789.59 3502.23 2935.21 2680.63 2669.76 2641.1 567.02 500.731 56.1586 9.40659 176.826 84.6114 44.524 2758.38 2634.56 2593.94 40.0874 2406.27 108.96 66.2887 38.11 1148.68 98.7325 45.1944 23.8273 19.9396 1708.83 1688.97
internal_count=28000 27205 11961 15244 12712 11337 11283 11101 2532 2257 343 51 957 795 337 11755 11069 10857 458 10048 624 275 154 4736 571 254 126 102 7086 7006
is_linear=0
shrinkage=0.05


Tree=39
num_leaves=31
num_cat=0
split_feature=10 39 20 39 0 39 11 36 41 7 10 38 39 7 12 39 12 7 38 39 41 39 38 11 38 38 38 7 11 38
split_gain=38.2095 28.3187 13.1395 14.3083 11.0995 9.85662 10.4804 9.78317 8.21421 8.06304 8.26965 7.73091 9.05625 7.38618 6.47863 6.39086 6.01741 5.85751 5.46545 12.1558 5.94953 5.33036 8.8798 5.4875 4.98015 9.6104 4.85392 4.64095 7.43271 6.79671
threshold=6.5000000000000009 3.4534939707360945 1.0000000180025095e-35 3.9705743148392902 29.500000000000004 2.6435987411598707 10.500000000000002 1.0000000180025095e-35 0.27888888888888896 1.0000000180025095e-35 1.0000000180025095e-35 3.7719580414191989 3.591483651618089 1.5000000000000002 5.5000000000000009 2.9852281360342525 5.5000000000000009 2.5000000000000004 3.4729297375596802 3.0850088017388173 0.27097902097902099 3.4992275444280256 3.6979571675716261 21.500000000000004 3.8563805301751684 3.9290085322349744 3.5754877035188977 1.0000000180025095e-35 14.500000000000002 3.6537086989875935
decision_type=2 2 2 2 2 2 2 2 2 2 2 2 2 2 2 2 2 2 2 2 2 2 2 2 2 2 2 2 2 2
left_child=1 4 3 7 5 -1 -7 9 18 11 13 12 -3 21 15 26 -13 -16 19 -8 -21 23 -23 -11 -15 -26 -2 -10 -29 -30
right_child=14 2 -4 -5 -6 6 8 -9 27 10 -12 16 -14 24 17 -17 -18 -19 -20 20 -22 22 -24 -25 25 -27 -28 28 29 -31
leaf_value=-0.014394379029261304 0.022160759253570195 0.0083411629176710477 -0.078957414882767807 0.030311658730822866 0.013161592851206164 0.014894974045701427 -0.001289866935010413 0.06192935674497934 -0.014366951231044657 -0.0021264227057059713 0.025085796170725767 0.0016031777550717643 0.049832596982896944 0.059111758186921139 0.05381052496929474 0.03076359628106938 -0.0093978843418621189 -0.027152810386919225 -0.0031354197434073161 0.026968692077570345 -0.023678674899171952 0.074739846307881636 0.0045769120222647645 -0.046057573338774575 -0.027617437003060737 0.025803723304617845 -0.049296332720625613 0.0084255995090425275 0.011396033071839378 -0.030403089633222209
leaf_weight=194.11478909850121 4.507988974452017 159.05034784972668 4.7649338394403449 51.130920834839344 103.70888628065586 81.510465137660503 260.5784924030304 7.1564929187297812 241.86220382153988 23.75715871155262 68.503825604915619 1423.9732035025954 14.336857348680494 7.8307161778211585 36.142919912934303 34.323962204158306 136.19119435548782 2.3811405822634688 2916.4457453712821 62.772576421499252 6.3885253816843024 4.5718021094799033 330.87780180573463 10.143337488174437 10.149180218577383 49.381862670183182 5.0262675881385803 67.632146596908569 13.996079146862028 31.871869415044785
leaf_count=990 28 652 22 344 446 378 1117 37 1262 98 430 5932 60 39 435 283 590 23 12148 264 26 19 1500 43 53 274 26 292 58 131
internal_value=1.48522e-05 -0.000428754 0.00398581 0.00415786 -0.00298134 -0.00341314 -0.00283437 0.00356244 -0.00323562 0.00337587 0.00893421 0.00175598 0.011772 0.00640062 0.0338455 0.0207043 0.000642864 0.0488062 -0.00244557 0.00365595 0.0222903 0.00362366 0.00553315 -0.015271 0.0216269 0.0166962 -0.01551 -0.0104527 -0.00211156 -0.0176486
internal_weight=6365.08 6282.7 2301.82 2297.05 3980.88 3877.17 3683.06 2245.92 3601.55 2238.77 505.216 1733.55 173.387 436.712 82.3823 43.8582 1560.16 38.5241 3246.19 329.74 69.1611 369.35 335.45 33.9005 67.3618 59.531 9.53426 355.362 113.5 45.8679
internal_count=28000 27205 10093 10071 17112 16666 15676 9727 15298 9690 2456 7234 712 2026 795 337 6522 458 13555 1407 290 1660 1519 141 366 327 54 1743 481 189
is_linear=0
shrinkage=0.05


Tree=40
num_leaves=31
num_cat=0
split_feature=10 0 40 39 28 31 41 41 38 38 29 12 12 11 39 39 12 39 38 0 38 11 0 38 38 39 38 11 40 40
split_gain=35.4773 26.0202 15.1414 13.9966 11.3218 8.209 7.77104 7.5749 7.37281 7.14515 6.88946 6.581 6.39719 6.38468 6.26783 5.90806 5.63136 5.55234 7.33648 7.53096 5.82599 13.6979 11.2007 5.56063 5.47841 8.74429 5.39351 5.28794 4.81933 4.68335
threshold=6.5000000000000009 27.500000000000004 0.057983193277310933 3.2360563169422236 1.0000000180025095e-35 1.0000000180025095e-35 0.30217391304347835 0.21913109756097562 3.5587990918365411 4.1904138032371039 1.0000000180025095e-35 7.5000000000000009 5.5000000000000009 10.500000000000002 3.2408350000536879 2.9852281360342525 7.5000000000000009 3.6396517497830132 3.8151919711705227 22.500000000000004 3.8287448374091375 13.500000000000002 21.500000000000004 3.7483615029509889 3.8694540037139569 3.3293288462733837 3.7888323397754475 12.500000000000002 0.051956815114709856 0.12973352033660593
decision_type=2 2 2 2 2 2 2 2 2 2 2 2 2 2 2 2 2 2 2 2 2 2 2 2 2 2 2 2 2 2
left_child=1 3 4 6 5 9 26 -4 -5 10 14 -9 15 -10 -3 -2 -14 20 -19 -20 21 22 23 -15 25 -22 -1 -26 -8 -23
right_child=12 2 7 8 -6 -7 28 11 13 -11 -12 -13 16 17 -16 -17 -18 18 19 -21 24 29 -24 -25 27 -27 -28 -29 -30 -31
leaf_value=-0.0046029730358128256 -0.014633666877701221 0.021781861466729613 0.034989591689589171 0.013589635518802757 0.063032351897259489 0.071678455587692397 -0.017650057710908232 0.02189591935160571 0.040659331848950729 0.02374183507058622 0.060521994955752605 -0.05856480517517481 0.053477728422720583 0.030347479707525472 0.0022112949812568192 0.02986076302494102 -0.025255103446724683 0.035068139238654698 -0.032015618945085839 0.0051530000039726673 -0.030548853392267435 0.00010595110659374231 0.074332808088064861 -0.0025127632955539922 -0.022357956715929855 -0.0061731986581994112 0.0088177587439760407 -0.00089603220684033279 0.0048124282655702694 -0.047719356945943175
leaf_weight=1896.390079267323 9.5889865458011609 42.59087847173214 61.93963685631752 100.64776626229286 8.2741691619157773 4.5067961663007727 169.37619479000568 6.236969441175459 9.5350312218070012 44.318081304430962 5.2274869084358206 4.2889385521411896 34.588758900761604 27.606085225939751 1037.8677849024534 33.612020663917065 2.4307300299406043 19.636660844087601 14.191027030348776 343.60503116995096 42.810579426586628 1239.3678893893957 9.4079871252179128 24.125157430768013 29.826514773070812 261.69738958030939 77.938256770372391 760.22106613963842 27.797645464539528 5.1401792615652075
leaf_count=8246 54 179 406 410 45 24 938 40 60 253 27 23 435 113 4541 283 23 83 58 1495 176 5106 46 99 129 1079 324 3162 122 21
internal_value=1.48192e-05 -0.000407602 0.00616212 -0.00198565 0.0047567 0.00433169 -0.00501842 0.0283255 0.00029485 0.00406309 0.0032598 -0.010889 0.0330551 -0.000185239 0.00298275 0.0199847 0.0483081 -0.00032545 0.0053119 0.00367881 -0.00121192 0.00104355 0.0241494 0.0150229 -0.00390238 -0.00960016 -0.00407318 -0.00170628 -0.0144833 -9.15813e-05
internal_weight=6354.79 6274.57 1215.25 5059.32 1142.79 1134.51 2171.5 72.4655 2887.82 1130 1085.69 10.5259 80.2205 2787.17 1080.46 43.201 37.0195 2777.64 377.433 357.796 2400.2 1305.65 61.1392 51.7312 1094.56 304.508 1974.33 790.048 197.174 1244.51
internal_count=28000 27205 5538 21667 5069 5024 9630 469 12037 5000 4747 63 795 11627 4720 337 458 11567 1636 1553 9931 5385 258 212 4546 1255 8570 3291 1060 5127
is_linear=0
shrinkage=0.05


Tree=41
num_leaves=31
num_cat=0
split_feature=10 11 10 24 40 29 28 0 6 38 38 39 40 12 12 36 39 7 7 39 38 38 0 6 40 10 39 38 38 39
split_gain=32.9208 24.1235 9.97562 9.96227 9.6613 8.75156 7.73469 7.69819 8.67336 15.9191 6.81354 6.63092 6.62023 6.38759 6.31589 5.7111 5.46464 5.42174 5.38212 6.84802 5.3674 5.45959 5.15705 5.05117 4.87059 4.67635 5.46132 4.51397 4.46801 5.27024
threshold=6.5000000000000009 18.500000000000004 2.5000000000000004 1.0000000180025095e-35 0.049390243902439034 1.0000000180025095e-35 1.0000000180025095e-35 17.500000000000004 1.5000000000000002 3.54641915521186 4.1904138032371039 3.9699956519455788 0.054093567251461992 5.5000000000000009 5.5000000000000009 1.0000000180025095e-35 2.9852281360342525 2.5000000000000004 1.5000000000000002 3.6758507507459961 3.6427819312973484 3.8455070432369092 21.500000000000004 1.5000000000000002 0.075961538461538483 1.0000000180025095e-35 3.0780788756308879 3.3670668758459548 3.4693760755761058 2.9691539917456269
decision_type=2 2 2 2 2 2 2 2 2 2 2 2 2 2 2 2 2 2 2 2 2 2 2 2 2 2 2 2 2 2
left_child=1 4 3 5 7 6 10 -1 22 -10 11 15 20 -14 16 23 -2 -16 -15 -20 -6 -22 -9 24 27 26 -11 -3 29 -24
right_child=14 2 -4 -5 12 -7 -8 8 9 25 -12 -13 13 18 17 -17 -18 -19 19 -21 21 -23 28 -25 -26 -27 -28 -29 -30 -31
leaf_value=-0.013364563064938032 -0.013805664792661269 0.036918327349055223 0.026578525226257352 0.062960578692686495 0.034367900703178612 0.061719317602858537 0.047079196866852191 -0.0046215945859141737 -0.044097437401715414 0.0063912271748953172 0.020105849502953143 0.038942666953896837 -0.0013114700026751081 0.021503410947479706 0.053157454219356415 0.049942653674386925 0.028972802656382315 -0.023528190343738577 -0.063370133356267885 0.023393161711815911 -0.0026426465763989648 0.049489330444479403 -0.0033218512291513383 -0.0061571326436577756 -0.027846239290262462 0.03996648311384516 -0.013085946232493501 0.0022728841553379389 -0.00078324092526598226 0.027241870234783489
leaf_weight=217.40820069611073 9.6541593968868238 9.4382790774106962 44.470811083912849 6.8426626175642005 27.917053744196892 6.2359821498394004 9.6604469269514066 1443.5498880892992 34.444353714585304 46.812849774956703 52.450948461890221 12.03173518180847 434.24220503121614 54.936985470354557 33.095078650861979 6.1306421607732764 32.927715174853802 2.4774321466684333 4.5515460520982725 4.545349694788456 32.129946649074554 5.9526159614324561 25.455032587051392 193.12799741327763 13.37680873274803 5.0844800174236289 155.67669662833214 2425.7570336610079 963.60895782709122 31.631130412220955
leaf_count=1213 54 41 310 36 121 33 50 6164 198 230 294 75 1875 331 435 32 283 23 22 29 130 24 106 834 54 21 710 10202 3940 130
internal_value=1.48563e-05 -0.000387304 0.00308761 0.00270565 -0.00315644 0.00255453 0.00241898 -0.00431251 -0.00358531 -0.0126176 0.00225992 0.001908 0.00283349 0.000862443 0.0322655 0.00173972 0.0192741 0.0478167 0.0156047 -0.020018 0.0177142 0.00550601 -0.00269823 0.00162785 0.00224188 -0.00739388 -0.00858309 0.00240716 2.19413e-05 0.0136133
internal_weight=6345.63 6267.47 2779.52 2735.05 3487.95 2728.21 2721.97 2923.67 2706.26 242.018 2712.31 2659.86 564.276 498.276 78.1544 2647.83 42.5819 35.5725 64.0339 9.0969 65.9996 38.0826 2464.25 2641.7 2448.57 207.574 202.49 2435.2 1020.7 57.0862
internal_count=28000 27205 11961 11651 15244 11615 11582 12712 11499 1159 11532 11238 2532 2257 795 11163 337 458 382 51 275 154 10340 11131 10297 961 940 10243 4176 236
is_linear=0
shrinkage=0.05


Tree=42
num_leaves=31
num_cat=0
split_feature=10 11 12 0 24 6 7 41 7 7 39 41 40 40 41 38 38 39 40 38 39 38 40 38 38 39 39 7 38 39
split_gain=30.707 23.1961 12.2635 9.72123 8.77249 7.4255 7.40956 11.4041 6.58018 6.42158 5.9446 8.69557 6.86944 8.15915 5.56077 5.73007 5.25196 4.97905 4.93277 5.12299 4.62556 5.87002 4.61697 4.4733 4.3682 4.72104 4.36617 4.33101 4.27236 4.20314
threshold=4.5000000000000009 17.500000000000004 5.5000000000000009 33.500000000000007 1.0000000180025095e-35 1.5000000000000002 1.0000000180025095e-35 0.31414473684210531 1.5000000000000002 2.5000000000000004 3.7339845216307208 0.21913109756097562 0.049390243902439034 0.054093567251461992 0.35147058823529415 3.6809850782491051 3.8841694071874975 3.1893099855025779 0.078461538461538485 3.8731810575635239 3.1830947672697021 4.1342599164868217 0.046536796536796543 3.4842291702451242 3.4209799704839883 3.0391486719030718 3.8273923320043042 1.5000000000000002 3.7543026367411141 3.9694087061514027
decision_type=2 2 2 2 2 2 2 2 2 2 2 2 2 2 2 2 2 2 2 2 2 2 2 2 2 2 2 2 2 2
left_child=1 6 20 4 5 18 7 10 22 -4 11 -1 -13 23 15 -9 17 -15 24 -20 -2 -22 -8 -14 25 -3 -23 -26 -19 -21
right_child=2 3 9 -5 -6 -7 8 14 -10 -11 -12 12 13 16 -16 -17 -18 28 19 29 21 26 -24 -25 27 -27 -28 -29 -30 -31
leaf_value=-0.022937558412497991 0.001357976386448052 0.0094381101762536692 0.047523771462335627 0.01275369151592331 0.061653316055223263 -0.0075546991276284562 0.0026013352579000392 -0.032438196913008005 -0.034562332304314873 -0.0124111515823777 0.037428905859994109 -0.00484417691769476 0.055827878007833565 -0.0029367410806068225 0.01906059259907299 0.0079784467558398128 -0.017285771807403438 0.025385184845796594 -0.01279018147342331 0.031801637552413685 0.029138227949483748 -0.070208849082299352 0.0207873007971172 0.014387310411250093 0.0014158541662205933 0.055692748998135692 0.007330246449199539 0.016115522463532438 0.0024560024240525588 -0.025528508619386887
leaf_weight=60.49787150323391 51.864541240036488 21.859934747219089 46.565854217857122 208.93177759647369 6.0713005140423766 211.29380263388157 233.85786980390549 65.062712579965591 10.749252416193483 4.9435713291168204 8.600156366825102 2081.9659891575575 7.4428315907716742 170.82661890983582 7.1813485175371161 10.135759696364401 41.186008632183075 34.661918148398399 10.609435662627218 34.555477529764175 46.838803097605705 2.5730918794870359 41.021822012960911 52.071658879518509 2746.2296233475208 7.3786020427942267 6.1663403138518333 51.040170878171921 49.084491804242134 3.5229805931448928
leaf_count=247 277 92 586 1089 32 928 967 391 47 43 35 9112 35 712 42 52 173 142 50 200 325 20 212 214 11390 33 67 266 199 22
internal_value=1.4615e-05 -0.000543865 0.0217135 0.00231533 0.00161012 0.00149201 -0.00382796 -0.0046712 0.00381459 0.0417716 -0.00406955 -0.00421243 -0.00374763 0.00267831 -0.0229761 -0.0269906 -0.000720704 0.00195927 0.00215684 0.0179364 0.0120974 0.0221192 0.00531533 0.0195698 0.00188503 0.0211109 -0.0154991 0.00168407 0.0119462 0.0264975
internal_weight=6334.79 6175.84 158.952 3301.49 3092.56 3086.49 2874.35 2588.72 285.629 51.5094 2506.34 2497.74 2437.24 355.274 82.3798 75.1985 295.759 254.573 2875.2 48.6879 107.443 55.5782 274.88 59.5145 2826.51 29.2385 8.73943 2797.27 83.7464 38.0785
internal_count=28000 26682 1318 14102 13013 12981 12580 11354 1226 629 10869 10834 10587 1475 485 443 1226 1053 12053 272 689 412 1179 249 11781 125 87 11656 341 222
is_linear=0
shrinkage=0.05


Tree=43
num_leaves=31
num_cat=0
split_feature=10 39 20 39 0 36 39 11 7 0 41 38 12 41 7 39 31 40 0 40 7 38 38 38 40 41 38 41 38 38
split_gain=28.6869 20.6374 11.5673 11.2542 8.87143 8.55724 7.48252 8.96259 6.42587 6.30746 6.22993 6.16626 6.0871 5.12666 5.10386 4.94153 4.92206 4.5629 8.06877 5.25134 6.78146 4.85897 4.50789 5.39226 5.1464 4.25907 4.25184 4.04726 4.0339 3.98855
threshold=6.5000000000000009 3.4534939707360945 1.0000000180025095e-35 3.9705743148392902 29.500000000000004 1.0000000180025095e-35 2.6435987411598707 10.500000000000002 1.5000000000000002 17.500000000000004 0.26393188854489169 3.6850506496423425 5.5000000000000009 0.12632978723404256 2.5000000000000004 2.9852281360342525 1.0000000180025095e-35 0.046536796536796543 27.500000000000004 0.032795698924731186 1.0000000180025095e-35 4.1904138032371039 3.4086220332190753 3.4324466276812697 0.12310606060606062 0.35147058823529415 3.5754877035188977 0.25462962962962971 4.2285685937444528 3.3299574648874768
decision_type=2 2 2 2 2 2 2 2 2 2 2 2 2 2 2 2 2 2 2 2 2 2 2 2 2 2 2 2 2 2
left_child=1 4 3 5 6 8 22 -8 11 -9 -10 -3 15 -13 -14 26 17 19 27 21 -21 -15 25 -24 -25 -1 -2 -19 -20 -11
right_child=12 2 -4 -5 -6 -7 7 9 10 29 -12 13 14 16 -16 -17 -18 18 28 20 -22 -23 23 24 -26 -27 -28 -29 -30 -31
leaf_value=-0.020404901775454939 0.022350340922077286 0.020456915811118442 -0.075144691325612994 0.027461413357583987 0.011947981192849171 0.059137374884169785 0.014023004548311513 -0.01363799253629938 0.022760032099719836 0.0089350451389721471 -0.018620433396052415 0.035256157747051403 0.052579637886349742 0.0010708423522111956 -0.021131910538531189 0.027629247828722121 0.052155779961947604 0.0017438657509271462 0.033647434292959987 -0.027357883075380257 0.01699019173030375 0.023531659077490202 0.022981759719856061 -0.0036537280106740816 -0.051264742402440833 0.017600572502172535 -0.043982910907225559 0.037945643356454596 -0.022848055071107664 -0.0026427120421793002
leaf_weight=118.78214944899082 4.5194373503327352 46.229655921459198 4.6746545284986487 48.321551062166691 102.96036188304424 6.7852222174406043 81.022815369069576 129.25017024576664 66.443567171692848 76.061305820941925 10.538227438926695 11.522834926843641 30.41968597099185 1828.8384710997343 2.5448353588581076 31.918504558503628 4.8441427499055854 141.66089788079262 37.157732293009758 33.40843354165554 11.617764055728911 24.399941727519035 16.386361673474312 40.605452060699463 6.5980994403362265 7.8593709617853156 5.1899078860878944 8.1654416695237142 3.4532853364944449 3382.4875987842679
leaf_count=624 28 193 22 344 446 37 378 701 391 334 45 65 435 7708 23 283 22 654 233 136 52 124 78 213 30 45 26 43 24 14263
internal_value=1.43897e-05 -0.000353483 0.00342728 0.00358814 -0.00253687 0.003072 -0.00292333 -0.00242199 0.00290128 -0.00279337 0.0170954 0.00239336 0.0308384 0.00199666 0.0468892 0.018128 0.0018136 0.00169685 0.00907512 0.000956649 -0.0159151 0.00136656 -0.0125922 -0.00173021 -0.0103088 -0.0180463 -0.0131066 0.00371684 0.0288434 -0.00238809
internal_weight=6324.67 6250.08 2288.06 2283.39 3962.01 2235.07 3859.05 3668.82 2228.28 3587.8 76.9818 2151.3 74.5924 2105.07 32.9645 41.6278 2093.55 2088.7 190.437 1898.26 45.0262 1853.24 190.231 63.5899 47.2036 126.642 9.70935 149.826 40.611 3458.55
internal_count=28000 27205 10093 10071 17112 9727 16666 15676 9690 15298 436 9254 795 9061 458 337 8996 8974 954 8020 188 7832 990 321 243 669 54 697 257 14597
is_linear=0
shrinkage=0.05


Tree=44
num_leaves=31
num_cat=0
split_feature=10 7 41 20 10 40 41 36 11 39 12 41 40 38 0 11 38 7 40 38 39 38 41 38 39 38 39 39 38 39
split_gain=26.6026 18.7606 16.794 10.6496 13.399 10.268 7.8286 7.58111 7.38952 6.44982 5.98696 5.9056 5.5083 16.947 8.76084 7.91851 4.94382 4.92892 4.83631 4.64204 8.77614 6.2167 4.63844 4.84708 4.56123 4.55089 5.68737 4.64907 5.65673 4.3752
threshold=6.5000000000000009 1.0000000180025095e-35 0.22967032967032971 1.0000000180025095e-35 2.5000000000000004 0.049390243902439034 0.31414473684210531 1.0000000180025095e-35 12.500000000000002 3.5725465613326506 5.5000000000000009 0.12632978723404256 0.17902930402930406 3.9691044588670015 24.500000000000004 15.500000000000002 3.8455070432369092 2.5000000000000004 0.21525096525096529 3.6467030064723334 3.2408350000536879 3.657326753133785 0.35147058823529415 3.6809850782491051 2.9852281360342525 3.4209799704839883 3.0780788756308879 3.038855503989351 3.5587990918365411 3.4996137735663471
decision_type=2 2 2 2 2 2 2 2 2 2 2 2 2 2 2 2 2 2 2 2 2 2 2 2 2 2 2 2 2 2
left_child=1 2 11 4 7 6 -4 9 16 19 24 -1 15 18 -15 -13 -7 -12 -14 20 -3 -21 23 -8 -2 26 -17 -27 -29 -20
right_child=10 3 5 -5 -6 8 22 -9 -10 -11 17 12 13 14 -16 25 -18 -19 29 21 -22 -23 -24 -25 -26 27 -28 28 -30 -31
leaf_value=0.032820657778965014 -0.012388166323995982 0.0012846420017855222 -0.0056747673571494184 -0.064490566174140257 0.031098696761147199 0.00052733310181259476 -0.031937699727339904 0.06261945942555 0.013090326321887872 0.010345986314111348 0.052289376232327593 -0.02151081461445313 0.072546580258560686 -0.067934207498048724 0.029920227760104025 0.0077843720508988887 -0.020985021739436002 -0.019755389953305804 0.0078181949657101703 -0.042373584800215747 0.033648720617769953 -0.00030248411505274142 0.019256285446088428 0.0082529332836217672 0.026778707428274054 -0.0093182720412091774 0.050977557843593695 0.011670841615817242 0.0005044046119366941 0.070481804386135424
leaf_weight=14.418732225894926 9.7483217194676381 71.622492969036102 1761.8694159835577 5.2560081705451003 53.648837685585022 225.66365295648575 56.014354944229126 5.7279170900583258 118.3421137034893 324.41400470584631 29.092679504305128 40.211718916893005 9.3112334385514277 6.4514120519161207 3.5437112003564835 42.758367210626602 30.292152851819992 2.5849754139780989 9.7132827788591367 8.9925854951143247 29.605121985077858 372.75854557752609 6.0415795147418967 8.6619648933410627 31.301617868244648 114.38770891726017 9.2741625905036909 118.21845482289791 2792.2069977894425 3.9055321961641303
leaf_count=87 54 311 7861 25 445 973 355 34 491 1624 435 166 42 34 31 179 133 23 51 38 122 1573 36 46 283 475 41 485 11526 21
internal_value=1.42766e-05 -0.000335952 -0.00144031 0.00646643 0.0068967 -0.00478815 -0.00632949 0.00529988 0.00275838 0.00489324 0.0300797 0.000894497 0.000748358 0.0210922 -0.0332405 0.000533468 -0.00201864 0.0464103 0.0447756 0.00123066 0.0107499 -0.00129352 -0.0226413 -0.0265551 0.0174776 0.000821567 0.015483 0.000569362 0.000957974 0.0257885
internal_weight=6316.04 6243.31 5371.29 872.026 866.77 2206.89 1832.59 813.121 374.298 807.393 72.7276 3164.4 3149.98 32.9252 9.99512 3117.06 255.956 31.6777 22.93 482.979 101.228 381.751 70.7179 64.6763 41.0499 3076.85 52.0325 3024.81 2910.43 13.6188
internal_count=28000 27205 23033 4172 4147 9895 8298 3702 1597 3668 795 13138 13051 179 65 12872 1106 458 114 2044 433 1611 437 401 337 12706 220 12486 12011 72
is_linear=0
shrinkage=0.05


Tree=45
num_leaves=31
num_cat=0
split_feature=10 39 20 39 0 36 6 39 11 38 38 12 39 41 24 38 39 31 0 38 7 38 39 38 39 41 38 38 38 10
split_gain=24.6516 17.3577 9.80523 9.98944 7.85838 7.5932 7.1852 6.41443 7.94743 6.0219 7.62509 5.88734 5.73185 5.64716 5.19495 5.17098 6.76515 5.00214 4.92201 5.89839 4.76481 4.53333 11.8697 4.49269 4.2121 4.14574 6.33171 4.12512 4.8256 4.55931
threshold=6.5000000000000009 3.4534939707360945 1.0000000180025095e-35 3.9705743148392902 29.500000000000004 1.0000000180025095e-35 1.5000000000000002 2.6435987411598707 10.500000000000002 3.6850506496423425 3.6819433087818085 5.5000000000000009 3.5071353490160777 0.27888888888888896 1.0000000180025095e-35 3.5842434495629507 3.2731275256415033 1.0000000180025095e-35 33.500000000000007 3.8563805301751684 2.5000000000000004 3.6637018666367642 3.3084829020490516 4.0043543155378369 2.9852281360342525 0.26006441223832533 3.6540102171420124 3.4086220332190753 3.4324466276812697 1.5000000000000002
decision_type=2 2 2 2 2 2 2 2 2 2 2 2 2 2 2 2 2 2 2 2 2 2 2 2 2 2 2 2 2 2
left_child=1 4 3 5 7 6 9 27 -9 10 12 24 -3 15 17 16 -10 18 -11 -20 -13 22 -17 -21 -2 26 -24 -1 -29 -30
right_child=11 2 -4 -5 -6 -7 -8 8 13 14 -12 20 -14 -15 -16 21 -18 -19 19 23 -22 -23 25 -25 -26 -27 -28 28 29 -31
leaf_value=-0.016951911008309638 -0.011702160005812664 0.0028973161058535573 -0.070222459341329785 0.026108947778784239 0.011332010725248079 0.056890060292223016 -0.0073613599280452531 0.013278445936533038 -4.2543550430018238e-05 0.0021238863784040097 0.081985462200537373 0.052007515834755907 0.044543273643359943 -0.0086268238183795642 0.051743586780962407 -0.011109094091344368 0.015412220190807097 0.051492383207761262 0.045881750632942829 -0.0020651653674808568 -0.01848960434830085 -0.0019389411895670964 -0.0048732620875201514 0.016961198197812288 0.025942874841744869 0.026640801319714413 0.023168769555402535 0.021996856915559842 -0.0026913391861600865 -0.045333142433783946
leaf_weight=125.02568903565407 9.8023689612746221 29.583438277244568 4.5438350662589064 47.012473672628403 102.62631516158581 6.4740390107035628 165.4932921230793 80.846132501959801 833.00933429598808 1863.1641725450754 4.6653003841638556 27.820016920566562 11.463657230138777 347.93568353354931 5.4648461639881125 427.15964375436306 77.388063997030258 5.2881754785776129 11.691629081964491 54.516481801867485 2.6228341460227957 1770.0311631038785 78.785227715969086 72.008294396102428 30.709891624748707 20.94041819870472 27.038330987095833 16.463885292410851 39.451918616890907 7.4527317583560935
leaf_count=669 54 124 22 344 446 37 718 378 3552 7999 20 435 48 1743 30 1801 317 25 57 270 23 7369 320 399 283 86 110 78 209 34
internal_value=1.40987e-05 -0.000319369 0.00315366 0.0033001 -0.00232315 0.0028192 0.00266176 -0.002687 -0.00222426 0.00346782 0.0214128 0.0293192 0.0145282 -0.00257413 0.00306014 -0.00192301 0.00127118 0.00292756 0.00279924 0.011903 0.0459338 -0.00317432 -0.00712189 0.0087632 0.0168343 0.00631389 0.00229159 -0.0116846 -0.00129213 -0.00946674
internal_weight=6306.48 6235.52 2281.37 2276.83 3954.15 2229.81 2223.34 3851.53 3663.13 2057.85 45.7124 70.9551 41.0471 3582.29 2012.13 3234.35 910.397 2006.67 2001.38 138.216 30.4429 2323.95 553.924 126.525 40.5123 126.764 105.824 188.394 63.3685 46.9047
internal_count=28000 27205 10093 10071 17112 9727 9690 16666 15676 8972 192 795 172 15298 8780 13555 3869 8750 8725 726 458 9686 2317 669 337 516 430 990 321 243
is_linear=0
shrinkage=0.05


Tree=46
num_leaves=31
num_cat=0
split_feature=10 7 41 20 10 40 41 36 11 12 39 41 40 38 0 11 7 39 38 41 38 38 39 38 38 39 39 0 38 38
split_gain=22.8344 16.5359 14.2825 8.97085 12.2562 8.94422 6.94508 6.76459 6.75009 5.78263 5.46888 5.45093 5.01928 15.5333 7.72662 7.1815 4.61039 4.50477 4.48315 4.34639 4.61853 4.3132 7.75264 5.58514 4.25434 5.19368 4.20149 4.14799 6.04927 4.10808
threshold=6.5000000000000009 1.0000000180025095e-35 0.22967032967032971 1.0000000180025095e-35 2.5000000000000004 0.049390243902439034 0.31414473684210531 1.0000000180025095e-35 12.500000000000002 5.5000000000000009 3.5725465613326506 0.11884584342211461 0.17902930402930406 3.9691044588670015 24.500000000000004 15.500000000000002 2.5000000000000004 3.2360563169422236 3.8455070432369092 0.35147058823529415 3.2466689551453567 3.6467030064723334 3.2408350000536879 3.657326753133785 3.4209799704839883 3.0780788756308879 3.3215162127329263 17.500000000000004 3.6809850782491051 3.4324466276812697
decision_type=2 2 2 2 2 2 2 2 2 2 2 2 2 2 2 2 2 2 2 2 2 2 2 2 2 2 2 2 2 2
left_child=1 2 11 4 7 6 -4 10 18 -2 21 -1 15 17 -15 -13 -11 -14 26 20 -8 22 -3 -23 25 -17 -7 -22 -29 -26
right_child=9 3 5 -5 -6 8 19 -9 -10 16 -12 12 13 14 -16 24 -18 -19 -20 -21 27 23 -24 -25 29 -27 -28 28 -30 -31
leaf_value=0.046719187695464709 0.016208658492791694 0.0015299318990029372 -0.0052640142993363144 -0.05997210402484815 0.029965376403766609 -0.0016855744653885207 -0.050909096027548631 0.060628350401107194 0.012491152426572862 0.051733144038462978 0.0096472865287875551 -0.020513949431500554 0.0025459398281730129 -0.063537616754547291 0.028895119875222287 0.007675877774527648 -0.017322918475530222 0.055377588981997045 -0.020046572351259812 0.019073977233315505 0.0035020379751173323 -0.040146600742518801 0.031998068724543582 -0.00025762846656413166 -0.039322043932572326 0.04920132767117829 0.022118077585064549 -0.040088395482387101 0.0082731623024791014 0.0006299012575931252
leaf_weight=6.4532179012894622 39.995766527950764 71.541059792041779 1756.6668242812157 5.1069881394505492 52.240054652094841 204.99059823155403 13.754380166530607 5.4241808280348769 118.23392225801945 26.600036103278402 322.22488638013601 40.078722402453423 5.2523529827594784 6.5565842092037183 3.4508132115006447 42.906911551952362 2.6585541591048232 17.405874826014042 30.203579962253571 6.0519607216119757 15.280654698610304 8.9871253371238691 29.482576325535774 372.54879865050316 6.4480390548706046 9.1325528323650342 20.38080969452858 25.52064348757267 8.6603580564260465 3023.7880710735917
leaf_count=42 337 311 7861 25 445 887 89 34 491 435 1624 166 24 34 31 180 23 90 133 36 98 38 122 1573 27 41 86 168 46 12503
internal_value=1.38632e-05 -0.000303594 -0.00133993 0.00610062 0.00649187 -0.00443378 -0.00587635 0.00497836 0.00261272 0.0285661 0.00460329 0.000812762 0.000718866 0.0202166 -0.0316644 0.000514883 0.0454584 0.0431308 -0.00195724 -0.0214054 -0.0252807 0.0012352 0.0104217 -0.00119722 0.00078832 0.0149633 0.00046704 -0.0181539 -0.0278351 0.000544888
internal_weight=6298.03 6228.77 5361.22 867.556 862.449 2199.74 1825.93 810.209 373.809 69.2544 804.784 3161.47 3155.02 32.6656 10.0074 3122.35 29.2586 22.6582 255.575 69.268 63.216 482.56 101.024 381.536 3082.28 52.0395 225.371 49.4617 34.181 3030.24
internal_count=28000 27205 23033 4172 4147 9895 8298 3702 1597 795 3668 13138 13096 179 65 12917 458 114 1106 437 401 2044 433 1611 12751 221 973 312 214 12530
is_linear=0
shrinkage=0.05


Tree=47
num_leaves=31
num_cat=0
split_feature=10 0 40 28 39 6 12 38 29 40 40 38 38 7 39 39 38 11 38 38 38 6 0 38 39 38 39 0 39 38
split_gain=21.1153 14.9813 11.5883 9.79472 8.27581 7.07528 6.89303 6.66019 5.84339 5.78449 7.70275 5.452 5.3534 5.32914 5.2424 5.95972 5.84309 5.02101 4.2657 6.29298 4.49979 6.49188 6.15011 6.41398 5.06813 4.89049 6.95182 4.18225 3.81741 5.00705
threshold=6.5000000000000009 27.500000000000004 0.057983193277310933 1.0000000180025095e-35 3.2360563169422236 1.5000000000000002 6.5000000000000009 3.5587990918365411 1.0000000180025095e-35 0.41042780748663105 0.40824915824915831 4.0604182568245646 3.7888323397754475 3.5000000000000004 3.2408350000536879 3.8224980385805121 3.999117158513001 10.500000000000002 4.1904138032371039 4.0839003475882114 4.030877617342794 1.5000000000000002 35.500000000000007 3.98109432205518 3.7877426501774445 3.8250573474530047 3.3256116827850262 32.500000000000007 2.6435987411598707 3.3470203280915363
decision_type=2 2 2 2 2 2 2 2 2 2 2 2 2 2 2 2 2 2 2 2 2 2 2 2 2 2 2 2 2 2
left_child=1 4 3 8 6 7 12 -6 14 10 -2 -7 28 -4 -3 18 -17 -9 19 20 22 -22 23 24 25 -16 -27 -21 -1 -30
right_child=9 2 13 -5 5 11 -8 17 -10 -11 -12 -13 -14 -15 15 16 -18 -19 -20 27 21 -23 -24 -25 -26 26 -28 -29 29 -31
leaf_value=-0.01094109795552986 0.024566678864804369 0.020195573367683798 0.027971937194909757 0.060178447061755659 0.013706195965899627 -0.010852494097302387 -0.043459579457390297 0.037809785899618607 0.057147552613469467 0.051476223117902634 -0.04897897480705829 0.045542057122778805 0.0093004852299892974 -0.040885668772896164 -0.00439602029505073 0.047556207472095775 0.0086661045796514215 0.00029014918851935048 0.049201166715379975 -0.023007155057876431 0.017409839471278662 -0.016687449194464181 0.018089655341549837 -0.011607993553518528 -0.045294017275259696 0.055619817967906465 0.0041888649764278999 0.0071168896122131738 0.00680186445398385 -0.0040897681856642406
leaf_weight=186.34902715682983 45.167611889541149 42.239381015300751 64.012460768222809 7.5821412801742545 97.859905406832695 171.65421628952026 10.91926249861717 8.9476758316159231 4.9894052296876898 18.664815578609705 3.8648104965686789 4.395442195236682 77.134797155857086 2.9389255344867697 212.00058044493198 10.335049688816069 147.51572226732969 2593.0957178846002 4.5101172924041739 44.442117393016815 81.863859266042709 16.829273298382759 45.367175556719303 116.80108536779881 5.800842121243476 6.6898739933967581 367.77847115695477 15.554470703005789 112.24386598169804 1761.5899074599147
leaf_count=988 471 179 450 45 400 778 49 60 28 302 22 20 321 19 886 46 804 10779 23 196 366 70 237 503 25 28 1558 75 522 7750
internal_value=1.3582e-05 -0.000288631 0.00473757 0.00354036 -0.00148636 0.000267488 -0.00383433 0.000900766 0.00315786 0.0277872 0.0187697 -0.00944449 -0.00363189 0.0249493 0.00291686 0.00223825 0.0112124 0.000419168 0.00069453 0.000454946 0.00155569 0.0115955 0.000242315 -0.000899578 0.00121222 0.00167222 0.00510768 -0.0151973 -0.00411609 -0.00343735
internal_weight=6289.14 6221.44 1197.25 1130.3 5024.19 2875.95 2148.24 2699.9 1122.72 67.6972 49.0324 176.05 2137.32 66.9514 1117.73 1075.49 157.851 2602.04 917.638 913.128 853.131 98.6931 754.438 709.071 592.27 586.469 374.468 59.9966 2060.18 1873.83
internal_count=28000 27205 5538 5069 21667 12037 9630 11239 5024 795 493 798 9581 469 4996 4817 850 10839 3967 3944 3673 436 3237 3000 2497 2472 1586 271 9260 8272
is_linear=0
shrinkage=0.05


Tree=48
num_leaves=31
num_cat=0
split_feature=10 7 41 20 10 10 24 41 36 0 41 12 39 39 38 39 38 38 41 38 39 39 10 38 0 10 38 38 38 39
split_gain=19.8993 15.3988 11.2146 10.3058 14.0204 9.5696 6.73035 6.27756 6.13024 5.36897 4.96667 4.93679 8.0421 4.38535 4.18465 6.82877 4.92497 4.06154 4.71309 3.90285 8.80318 8.1462 6.0466 9.32663 6.57913 6.33775 11.4002 6.23179 5.12138 4.84342
threshold=9.5000000000000018 1.0000000180025095e-35 0.22967032967032971 1.0000000180025095e-35 2.5000000000000004 1.0000000180025095e-35 1.0000000180025095e-35 0.30217391304347835 1.0000000180025095e-35 27.500000000000004 0.11884584342211461 6.5000000000000009 3.6819433087818081 3.5725465613326506 3.6467030064723334 3.2408350000536879 3.657326753133785 3.7618368601866696 0.26393188854489169 3.4209799704839883 2.750814583693912 3.038855503989351 3.5000000000000004 3.9702989661229862 24.500000000000004 1.0000000180025095e-35 3.8694540037139569 4.1904138032371039 3.5558672161174503 3.0780788756308879
decision_type=2 2 2 2 2 2 2 2 2 2 2 2 2 2 2 2 2 2 2 2 2 2 2 2 2 2 2 2 2 2
left_child=1 2 10 4 6 7 8 -4 13 11 -1 12 -6 14 15 -3 -16 -15 -19 29 -21 -22 25 -24 -25 28 -27 -26 -23 -12
right_child=-2 3 5 -5 9 -7 -8 -9 -10 -11 19 -13 -14 17 16 -17 -18 18 -20 20 21 22 23 24 27 26 -28 -29 -30 -31
leaf_value=0.045404886056435723 0.047230815387584224 0.0017048587803827472 -0.0046385168597192225 -0.064616923345440017 0.037961405176955981 0.0029943622170326245 0.067184932520596041 -0.016102099435995797 0.059424201681799585 0.042955351593020996 0.0072746988514725448 -0.056192809245187228 -0.024823412291219288 0.049119925790066805 -0.038001076863011934 0.030346559849148455 -0.00052772622182884171 0.0090439019265854004 -0.021985951444891669 0.082098398344756171 -0.01258015447922211 0.011630127837584986 0.033571696895299784 -0.032833656452451718 0.038831346105073009 -0.022174151374581404 0.0023611070396536817 -0.023668801819665183 0.0006961881808536009 0.047589638412359733
leaf_weight=6.2152147442102423 22.234877210110426 71.469323560595512 1672.4465743005276 5.1355711743235579 17.457662366330631 411.46323043853045 4.2840819358825675 128.60696324706078 5.020730346441268 33.604261219501495 43.329326197504997 2.3522269427776328 7.2054723948240271 6.0548285543918601 8.9802194684743863 29.359591037034988 370.93749165534973 298.75376224517822 12.759989768266676 3.2967495918273917 117.2147678732872 111.64917479455471 34.743626244366169 12.173008017241957 10.602831751108171 83.323669344186783 109.644755423069 6.393152028322219 2626.174240604043 8.9970084577798826
leaf_count=42 371 311 7430 26 143 1821 26 789 32 365 182 14 67 26 38 122 1566 1528 53 14 491 459 191 62 84 341 468 56 10841 41
internal_value=1.34701e-05 -0.00015425 -0.00115286 0.00600436 0.00642208 -0.00388537 0.00468134 -0.00545709 0.00434802 0.0296135 0.000752052 0.0130176 0.0196185 0.00400164 0.000989703 0.0100448 -0.00141349 0.00856121 0.00777288 0.000664436 0.00043697 0.000350459 0.000856572 0.0160707 -0.00477495 0.000524792 -0.00823321 0.0153215 0.00114208 0.0142065
internal_weight=6281.88 6259.65 5386.27 873.375 868.24 2212.52 807.62 1801.05 803.336 60.6196 3173.76 27.0154 24.6631 798.315 480.747 100.829 379.918 317.569 311.514 3167.54 3115.22 3111.92 2994.7 63.9126 29.169 2930.79 192.968 16.996 2737.82 52.3263
internal_count=28000 27629 23312 4317 4291 10040 3702 8219 3676 589 13272 224 210 3644 2037 433 1604 1607 1581 13230 13007 12993 12502 393 202 12109 809 140 11300 223
is_linear=0
shrinkage=0.05


Tree=49
num_leaves=31
num_cat=0
split_feature=10 7 41 20 10 40 41 36 40 0 41 12 39 38 40 39 41 38 0 38 39 40 38 40 11 39 38 40 38 39
split_gain=18.7387 13.9502 10.1409 9.44171 13.0823 9.12442 5.92273 5.88429 5.27972 5.19941 4.6247 4.41088 7.4107 4.39068 4.3634 4.2647 4.07562 4.46422 3.97564 5.76172 3.78566 6.07444 5.71145 8.89913 3.88932 7.73045 6.33762 6.20986 3.66919 7.38827
threshold=9.5000000000000018 1.0000000180025095e-35 0.22967032967032971 1.0000000180025095e-35 2.5000000000000004 0.049390243902439034 0.31414473684210531 1.0000000180025095e-35 0.054093567251461992 27.500000000000004 0.11884584342211461 6.5000000000000009 3.6819433087818081 3.6427819312973484 0.31414473684210531 3.5725465613326506 0.35147058823529415 3.2466689551453567 17.500000000000004 3.6809850782491051 2.6435987411598707 0.14119601328903655 3.4324466276812697 0.10435571687840291 10.500000000000002 3.0270779758999535 3.7854045649248205 0.10435571687840291 3.6422606651904035 3.2408350000536879
decision_type=2 2 2 2 2 2 2 2 2 2 2 2 2 2 2 2 2 2 2 2 2 2 2 2 2 2 2 2 2 2
left_child=1 2 10 4 7 6 -4 15 13 11 -1 12 -6 -7 20 28 17 -8 -19 -20 21 -10 23 -22 -24 -26 -27 -28 29 -3
right_child=-2 3 5 -5 9 8 16 -9 14 -11 -12 -13 -14 -15 -16 -17 -18 18 19 -21 22 -23 24 -25 25 26 27 -29 -30 -31
leaf_value=0.044430403794749523 0.046774481841074855 0.0017356692607382947 -0.0046307237067503828 -0.062429589750828587 0.036948599393430086 0.032186408694491193 -0.049480595177333705 0.058135919191902113 -0.0011158146563185242 0.04223738860930594 0.00063166169225099724 -0.051989159703810163 -0.02315452507470913 0.0048937943445752719 0.018208635568953035 0.0086025244799876853 0.019489175754244775 0.0047389230072719286 -0.038571193923964506 0.0089700069589175382 -0.011728309965808408 -0.050248103067297094 0.010416702782396996 0.058714338254386801 -0.021874322469487784 0.0106387841469213 0.015314653348757904 -0.01865924144966041 -0.00093231448003302261 0.034436042807481262
leaf_weight=6.0384762883186331 21.351632341742516 66.029559060931206 1749.1645434647799 5.0518746972084037 17.049879781901844 26.295273289084435 13.099175319075583 5.0732366144657126 17.384468168020252 32.495013762265444 3166.479632280767 2.4136362373828879 7.3351053223013869 33.522107869386673 32.33567987382412 318.92486055195332 6.0284401178359976 15.060382932424544 24.566701501607895 8.6055814474821073 8.0071828514337557 9.8582965731620771 55.573935851454735 10.188220903277395 48.634361281991005 80.418226227164268 18.115472555160522 52.228818282485008 392.62991417944431 23.393027737736702
leaf_count=42 371 288 7861 26 143 117 89 34 81 365 13230 14 67 135 216 1624 36 98 168 46 34 44 245 43 204 330 74 219 1658 98
internal_value=1.34147e-05 -0.000146282 -0.00109613 0.00572656 0.00612445 -0.00369717 -0.00519099 0.00445705 0.00321529 0.0287915 0.000715027 0.0124874 0.0188693 0.0168914 0.000756741 0.00411706 -0.0197397 -0.0235956 -0.0165656 -0.026238 -0.00112176 -0.0188952 0.000650782 0.0277149 -0.00128059 -0.00454074 0.00105089 -0.00991009 0.00114949 0.0102901
internal_weight=6273.35 6252 5381.6 870.396 865.344 2209.09 1816.52 806.051 392.562 59.2936 3172.52 26.7986 24.385 59.8174 332.745 800.977 67.3603 61.3318 48.2327 33.1723 300.409 27.2428 273.166 18.1954 254.971 199.397 150.763 70.3443 482.053 89.4226
internal_count=28000 27629 23312 4317 4291 10040 8298 3702 1742 589 13272 224 210 252 1490 3668 437 401 312 214 1274 125 1149 77 1072 827 623 293 2044 386
is_linear=0
shrinkage=0.05


Tree=50
num_leaves=31
num_cat=0
split_feature=10 26 39 20 39 0 36 6 38 40 24 31 0 40 40 38 39 38 11 39 38 38 38 12 0 12 6 38 39 38
split_gain=17.644 14.4161 12.0136 9.08196 9.70116 6.44312 6.16386 6.23346 5.64388 4.75058 4.50511 4.39047 4.32795 4.59506 4.34588 4.23958 4.93099 6.76593 5.233 3.98632 5.42037 4.54669 3.97705 3.95349 5.19762 3.94506 3.90522 14.954 5.83743 7.49638
threshold=9.5000000000000018 1.0000000180025095e-35 3.4534939707360945 1.0000000180025095e-35 3.9705743148392902 31.500000000000004 1.0000000180025095e-35 1.5000000000000002 3.6850506496423425 0.28759398496240607 1.0000000180025095e-35 1.0000000180025095e-35 17.500000000000004 0.15849282296650721 0.10990338164251208 3.8443087154995541 3.0026574284471397 3.4324466276812697 10.500000000000002 2.5610525396418251 3.3299574648874768 3.15380640324469 4.0043543155378369 5.5000000000000009 21.500000000000004 8.5000000000000018 1.5000000000000002 3.54641915521186 3.0570204192104438 3.7838244546904183
decision_type=2 2 2 2 2 2 2 2 2 2 2 2 2 2 2 2 2 2 2 2 2 2 2 2 2 2 2 2 2 2
left_child=1 2 5 4 6 12 7 8 -4 10 11 -10 -1 14 19 16 17 -15 -19 20 -14 -21 26 24 -16 -6 -23 -28 -29 -30
right_child=-2 -3 3 -5 25 -7 -8 -9 9 -11 -12 -13 13 15 23 -17 -18 18 -20 21 -22 22 -24 -25 -26 -27 27 28 29 -31
leaf_value=-0.0083034312042292151 0.046316858596312759 0.077876269737224002 0.020367407356451771 -0.069387838928926943 0.02792059921520558 0.018473983133096131 0.05352985723657834 -0.0071784781773752138 0.0021814467322508369 0.048211093553360902 0.049122698268823893 0.049016928379496921 -0.032060413796507724 0.038562506352260224 -0.010352433662093789 -0.011754918248351636 0.022159546357818076 -0.00073903802574089143 -0.051605074303155488 0.053928424193763751 0.0043196669431295595 -0.00099050516173225956 -0.035836256504078352 0.021076496368200609 -0.043686956575745187 -0.035846820673964129 -0.041019791635039715 0.012250832181155224 -0.016402838138947554 0.0035957569720261929
leaf_weight=260.58237066864967 20.505934782326221 5.915856458246707 45.444677427411079 4.3633099496364585 47.228945069015026 38.51199010014534 5.8625953719019881 164.28417633473873 1993.5528129637241 5.6799143850803366 5.1502913609147063 5.0164090543985358 24.69457046687603 9.7418332397937757 63.220646768808365 23.479121766984463 55.211780074983835 38.028614409267902 5.8317158520221701 3.6941560059785834 17.490256667137146 3122.0027772709727 8.4476526677608472 7.6859661117196074 14.347657263278959 2.5567771568894377 29.262087300419807 48.926775187253952 101.0887518376112 87.348960593342781
leaf_count=1446 371 32 192 23 413 176 37 716 8775 59 30 24 118 57 263 138 293 193 25 16 84 13074 35 44 60 18 180 244 469 395
internal_value=1.30697e-05 -0.000138981 -0.000212958 0.00267904 0.00281727 -0.00187759 0.00232884 0.00219358 0.00294287 0.0025488 0.00241936 0.002299 -0.00207748 -0.00163427 -0.0019773 0.00751431 0.0116721 0.000869718 -0.00750224 -0.00170116 -0.0169769 -0.00151167 -0.00157196 -0.013129 -0.0165183 0.0246458 -0.00148654 -0.0072948 -0.00313721 -0.00713263
internal_weight=6265.16 6244.65 6238.74 2279.14 2274.78 3959.6 2224.99 2219.13 2054.84 2009.4 2003.72 1998.57 3921.09 3660.5 3528.21 132.293 108.814 53.6022 43.8603 3442.96 42.1848 3400.77 3397.08 85.2543 77.5683 49.7857 3388.63 266.627 237.364 188.438
internal_count=28000 27629 27597 10287 10264 17310 9833 9796 9080 8888 8829 8799 17134 15688 14982 706 568 275 218 14615 202 14413 14397 367 323 431 14362 1288 1108 864
is_linear=0
shrinkage=0.05


Tree=51
num_leaves=31
num_cat=0
split_feature=10 26 0 40 28 7 39 6 38 40 39 29 39 38 39 11 38 38 39 38 40 40 41 7 39 38 39 39 39 38
split_gain=16.6109 13.3075 11.1169 10.9873 9.08815 6.34741 5.79969 6.04645 5.85545 11.0319 9.57911 5.45031 4.90519 4.71155 9.47407 4.56545 5.08719 4.58771 4.49963 5.65603 3.95742 4.6979 3.78048 4.81971 4.50852 3.73802 4.01572 3.63165 5.46798 3.62976
threshold=9.5000000000000018 1.0000000180025095e-35 27.500000000000004 0.057983193277310933 1.0000000180025095e-35 2.5000000000000004 3.2360563169422236 1.5000000000000002 3.8287448374091375 0.20761494252873566 3.6980458290502227 1.0000000180025095e-35 3.2408350000536879 3.8694540037139569 3.3359272410873366 13.500000000000002 3.7838244546904183 3.4729297375596802 3.8224980385805121 3.999117158513001 0.037749287749287756 0.078461538461538485 0.14434523809523811 1.0000000180025095e-35 4.004625174399993 3.7888323397754475 3.1907548686078333 3.085551857534758 3.1553932710946153 4.0839003475882114
decision_type=2 2 2 2 2 2 2 2 2 2 2 2 2 2 2 2 2 2 2 2 2 2 2 2 2 2 2 2 2 2
left_child=1 2 6 4 11 -5 25 8 9 10 15 12 27 14 -10 16 -8 -17 29 -20 -9 -22 -21 24 -24 -1 -27 -4 -29 -14
right_child=-2 -3 3 5 -6 -7 7 20 13 -11 -12 -13 18 -15 -16 17 -18 -19 19 22 21 -23 23 -25 -26 26 -28 28 -30 -31
leaf_value=-0.0036003017800130496 0.045857185051149205 0.075636091663244809 -0.0063074972711330765 0.027509075874328732 0.05880292311046386 -0.024577911937772985 0.027652709182750181 -0.010876813327894058 -0.028786285302647898 0.053663262778588586 0.066554294236532363 0.055658239034817564 0.0011889154979873718 9.9046653777128666e-05 -0.003423903642142876 0.035382332711347733 -0.0030129450536527983 0.0015723762096919302 0.045574130427933852 0.025334879931700294 0.049897511101804723 -0.011639490212936629 -0.010086937012036501 0.01401970083920692 0.037373222968723953 0.013460758912408522 -0.01362020440079828 0.06151121948194356 0.014780450571525109 -0.011175407583177107
leaf_weight=2075.7672707028687 19.696467719972134 5.789733074605464 10.551617801189421 66.561729252338409 7.2259836122393599 6.4124310538172713 36.230298921465874 161.88974884152412 42.710958406329155 10.721419163048266 5.8553918749094001 4.8097797036170951 850.30826643109322 1046.4352034218609 267.01093304157257 10.113450989127157 21.57965824007988 1267.1585210636258 10.181077197194098 23.551564171910286 6.0628270208835584 6.349780336022377 58.240907162427902 56.823721081018448 5.4743215143680564 61.755491122603416 17.587704069912434 8.6236716061830538 22.836608871817589 63.81230503320694
leaf_count=9435 371 32 46 560 45 47 153 743 177 74 24 28 3671 4503 1101 42 88 5208 46 149 25 28 260 355 32 259 74 37 96 291
internal_value=1.26419e-05 -0.000132102 -0.000202486 0.00413225 0.00291 0.0229321 -0.00123119 0.000235898 0.000816939 0.0031459 0.00274199 0.00254785 0.0023178 -0.0015043 -0.0069214 0.00246212 0.0162056 0.00184008 0.00165881 0.00955744 -0.00879066 0.0184177 0.00701259 0.00343269 -0.00600923 -0.00319318 0.00745782 0.0190763 0.02759 0.000325795
internal_weight=6258.13 6238.43 6232.64 1195.41 1122.44 72.9742 5037.23 2882.12 2707.82 1351.66 1340.94 1115.21 1110.4 1356.16 309.722 1335.08 57.81 1277.27 1068.39 154.272 174.302 12.4126 144.091 120.539 63.7152 2155.11 79.3432 42.0119 31.4603 914.121
internal_count=28000 27629 27597 5663 5056 607 21934 12166 11370 5589 5515 5011 4983 5781 1278 5491 241 5250 4804 842 796 53 796 647 292 9768 333 179 133 3962
is_linear=0
shrinkage=0.05


Tree=52
num_leaves=31
num_cat=0
split_feature=10 26 7 41 40 20 10 11 36 41 40 41 41 38 39 11 40 39 38 39 39 38 38 39 11 38 39 38 11 10
split_gain=15.6355 12.2971 10.6001 8.06756 7.83749 7.79931 11.5862 5.47008 5.30317 5.13813 4.86136 4.12851 3.74481 4.3431 3.69759 3.8049 5.82956 4.41098 6.34474 3.95379 5.87979 3.68515 4.65603 4.59566 5.40259 13.9499 5.38538 4.86713 3.86705 3.76343
threshold=9.5000000000000018 1.0000000180025095e-35 1.0000000180025095e-35 0.22967032967032971 0.049390243902439034 1.0000000180025095e-35 2.5000000000000004 9.5000000000000018 1.0000000180025095e-35 0.31414473684210531 0.051956815114709856 0.11884584342211461 0.35147058823529415 3.2466689551453567 2.2663326399706238 10.500000000000002 0.10990338164251208 3.0079457296242302 3.5715146852060999 2.6499918208507922 2.5610525396418251 3.4209799704839883 3.4110097353675966 3.038855503989351 13.500000000000002 3.9362119235564088 3.2360563169422236 3.5558672161174503 12.500000000000002 2.5000000000000004
decision_type=2 2 2 2 2 2 2 2 2 2 2 2 2 2 2 2 2 2 2 2 2 2 2 2 2 2 2 2 2 2
left_child=1 2 3 11 9 6 8 -8 -4 -5 -6 -1 13 -11 -12 19 -17 -18 -19 20 -16 22 -13 29 25 26 -25 -26 -27 -23
right_child=-2 -3 5 4 10 -7 7 -9 -10 12 14 21 -14 -15 15 16 17 18 -20 -21 -22 23 -24 24 27 28 -28 -29 -30 -31
leaf_value=0.042920860462342808 0.045394748743569316 0.073537144656854569 0.0034542388628445251 -0.0042145523174782892 0.023531952360979734 -0.058073667709586108 -0.057409490111549069 0.030029174034700651 0.05636148422325972 -0.048346030197164686 -0.043931397511758744 0.0081061154199208538 0.019026184719061538 -0.015282285040863812 0.014331126558836504 0.0053135965328871973 -0.029329000960307668 0.052462849048834609 -0.0081268932298188389 0.014897132833769547 -0.033405839029588644 -0.007156899559367021 0.053594961033685044 -0.0032825197846553253 0.01048803318520302 0.0090356724662957171 0.057509016722895483 6.1272525605476832e-05 -0.059131732328193645 -0.046084085087041232
leaf_weight=5.7513414323329917 18.921932570636272 5.6605331674218169 794.50439216196537 1742.3317583501339 27.037810951471329 4.8797785565257064 1.8490342311561097 54.776952505111694 4.7647717148065558 12.57872414588928 4.4133127629756919 45.764835000038147 6.0547052323818198 47.201833248138428 14.2104923799634 140.77478267252445 23.484340488910675 4.5740740895271292 78.005139097571373 86.284910097718239 11.812438458204268 113.77561078965664 6.4136540591716757 4.6911137551069322 116.50745269656181 3.4934658259153348 16.307111449539661 2843.4527514055371 5.1438519209623337 6.5673401430249205
leaf_count=42 371 32 3649 7858 113 26 11 574 34 89 23 195 36 312 79 590 99 19 325 432 62 474 28 26 480 25 95 11843 27 31
internal_value=1.26048e-05 -0.000125163 -0.00019212 -0.00101828 -0.00334522 0.0049587 0.00531807 0.027174 0.00376964 -0.00473266 0.00307758 0.000596806 -0.0184443 -0.0222394 0.00155639 0.00211536 -0.00135604 -0.0102084 -0.00477082 0.00974505 -0.00733784 0.000519826 0.0136975 0.000298732 0.000684363 0.0219267 0.0439279 0.000471682 -0.0315606 -0.00928123
internal_weight=6251.99 6233.07 6227.41 5366.63 2198.76 860.775 855.895 56.626 799.269 1808.17 390.597 3167.87 65.8353 59.7806 363.559 359.146 246.838 106.064 82.5792 112.308 26.0229 3162.12 52.1785 3109.94 2989.6 29.6355 20.9982 2959.96 8.63732 120.343
internal_count=28000 27629 27597 23303 10037 4294 4268 585 3683 8295 1742 13266 437 401 1629 1606 1033 443 344 573 141 13224 223 13001 12496 173 121 12323 52 505
is_linear=0
shrinkage=0.05


Tree=53
num_leaves=31
num_cat=0
split_feature=40 26 7 40 41 24 20 41 11 36 40 41 7 41 34 38 38 0 38 11 38 11 39 39 40 0 41 38 38 38
split_gain=14.9239 11.3709 10.409 9.0863 7.70748 6.43911 6.28433 5.97682 5.03365 4.92401 4.93361 5.5342 5.88563 4.82446 4.71979 4.17971 3.9062 5.24711 3.77682 3.7232 5.0444 3.69754 5.10486 5.64659 5.31234 3.11523 3.04451 5.69072 4.77752 4.55874
threshold=0.41042780748663105 1.0000000180025095e-35 1.0000000180025095e-35 0.15075757575757578 0.21132376395534294 1.0000000180025095e-35 1.0000000180025095e-35 0.31414473684210531 9.5000000000000018 1.0000000180025095e-35 0.025657894736842109 0.26006441223832533 1.5000000000000002 0.34166666666666673 1.0000000180025095e-35 3.3084829020490516 3.8101126321183503 22.500000000000004 3.3470203280915363 11.500000000000002 3.6809850782491051 10.500000000000002 2.6499918208507922 2.5610525396418251 0.40824915824915831 17.500000000000004 0.34166666666666673 3.4693760755761058 3.5020405073447978 3.5470132150399563
decision_type=2 2 2 2 2 2 2 2 2 2 2 2 2 2 2 2 2 2 2 2 2 2 2 2 2 2 2 2 2 2
left_child=1 2 4 5 18 6 9 14 -5 10 26 -12 16 15 21 -9 -13 -18 -1 -17 -21 22 23 25 -24 -6 27 -4 -29 -30
right_child=-2 -3 3 8 7 -7 -8 13 -10 -11 11 12 -14 -15 -16 19 17 -19 -20 20 -22 -23 24 -25 -26 -27 -28 28 29 -31
leaf_value=0.036549251266042346 0.049907365323996804 0.071564183427783243 0.032397668684783103 -0.043874818198043654 -0.016010669691972092 0.065014422859619392 -0.055877095714352093 -0.042651068755070576 0.03686405106927431 0.055310385065163316 0.0256584072425338 -0.0093550053280927453 -0.048536410985779335 0.019895028757903329 -0.046603038516740858 0.0032684312492671191 0.0021844400701859163 0.062357097912108944 0.0011247812403477875 -0.037521371969669697 0.0063659897668174705 -0.0025052288023566329 0.014424077948053012 -0.057015164837185967 -0.044813284957042822 0.033627249424586884 -0.033029418289262959 -0.035887353089144307 0.030086537568490342 0.0018100958805613077
leaf_weight=7.5496014803647986 14.950910832732914 5.5291123390197745 15.687066450715063 2.0682259276509312 9.0954006761312503 4.2927343696355811 4.4147551804780951 16.588732585310936 28.977813806384802 4.6380830854177466 50.308802917599678 15.308453217148783 5.3315087258815756 8.1405328139662725 5.9872825145721427 19.704804390668869 8.9573524892330152 6.083533063530921 2235.7342600189149 22.016698233783249 9.3186498284339887 2926.1703090667725 86.728472821414471 5.9289640039205542 3.9574251621961585 4.8443596661090842 6.0422819256782523 8.2448998242616636 14.555733740329741 687.54240543395281
leaf_count=34 302 32 69 13 41 29 24 117 388 34 383 65 23 54 26 119 39 26 9404 158 49 12795 429 27 22 23 33 35 62 3145
internal_value=1.23461e-05 -0.000107398 -0.000171065 0.00492714 -0.000991125 0.00393541 0.00361841 -0.00259896 0.0314854 0.00393768 0.00364641 0.014976 -8.58918e-05 -0.0164703 -0.00225354 -0.0208476 0.00842548 0.0265223 0.001244 -0.0137611 -0.0244699 -0.0021661 0.00680995 -0.0161441 0.011839 0.00123955 0.00231564 0.00260979 0.00195196 0.00239632
internal_weight=6244.7 6229.75 6224.22 862.454 5361.77 831.408 827.115 3118.48 31.046 822.7 818.062 85.9897 35.6808 75.7694 3042.71 67.6289 30.3493 15.0409 2243.28 51.0402 31.3353 3036.72 110.555 19.8687 90.6859 13.9398 732.072 726.03 710.343 702.098
internal_count=28000 27698 27666 4368 23298 3967 3938 13860 401 3914 3880 536 153 497 13363 443 130 65 9438 326 207 13337 542 91 451 64 3344 3311 3242 3207
is_linear=0
shrinkage=0.05


Tree=54
num_leaves=31
num_cat=0
split_feature=40 26 39 38 0 28 40 0 40 40 39 11 0 40 6 38 0 0 38 38 39 39 38 10 39 38 12 0 38 38
split_gain=14.1061 10.5272 9.77242 13.7847 6.35126 5.91375 5.94502 5.43656 4.45529 4.66983 4.29373 4.93326 4.84468 4.46966 4.05131 4.28227 4.45347 3.98723 3.61754 4.97817 5.77658 3.84433 3.51617 3.75986 5.18603 3.3477 4.40168 4.84658 3.58182 3.29589
threshold=0.41042780748663105 1.0000000180025095e-35 3.591483651618089 3.7547497328258266 22.500000000000004 1.0000000180025095e-35 0.054093567251461992 37.500000000000007 0.032795698924731186 0.025657894736842109 2.6435987411598707 10.500000000000002 17.500000000000004 0.40824915824915831 1.5000000000000002 4.1904138032371039 24.500000000000004 27.500000000000004 3.8936612158712429 3.8924294859865811 3.6586137832561043 3.9699956519455788 3.3818344678678467 1.5000000000000002 2.5610525396418251 4.0439025292556732 5.5000000000000009 29.500000000000004 3.9213754263914278 3.8426141429928031
decision_type=2 2 2 2 2 2 2 2 2 2 2 2 2 2 2 2 2 2 2 2 2 2 2 2 2 2 2 2 2 2
left_child=1 2 7 -4 -5 6 8 10 9 14 22 13 -13 -12 15 16 -6 -8 19 20 -18 -20 -1 -24 -25 28 27 -27 -19 -22
right_child=-2 -3 3 4 5 -7 17 -9 -10 -11 11 12 -14 -15 -16 -17 18 25 21 -21 29 -23 23 24 -26 26 -28 -29 -30 -31
leaf_value=-0.01378674217987922 0.049603226083806351 0.069703988379546208 0.050674512329764325 -0.029910774885459374 0.011787730108004499 0.053721500102393675 0.0051634368630801356 0.045427920771941153 -0.018173541938636125 0.048067653074083332 0.011967516017507281 -0.010841395595573688 -0.00086634534538662092 -0.04167297914743872 -0.007956150909141672 0.01966699274047249 -0.0014887754942329459 -0.0033188167010539137 -0.00066066635781845756 0.055546206989814384 0.048939178660582484 0.032580248699964176 0.0062293089382763752 0.00091457936818926792 -0.067941537669070684 -0.039038236521708521 0.026700360263602552 0.017610452105719453 0.055430911103846028 0.014403464021039161
leaf_weight=118.96190374717116 14.306757923215626 5.3962255567312232 15.570789247751234 14.207010209560393 116.46317353844643 5.8846122398972502 68.857699751853943 6.265107959508895 26.225787051022053 5.6415919959545127 99.903267022222281 125.01518186926842 4623.0848182439804 4.0406170785427085 85.416800960898399 38.896678283810616 67.01646876335144 3.3022899106144896 618.64806286245584 5.6124452203512183 9.3196221441030485 8.8219320774078351 53.721299424767494 7.2299381680786592 4.3980499505996704 6.4278568625450125 31.665151372551918 9.1508033424615842 12.102247904986141 26.701160602271557
leaf_count=668 302 32 67 59 488 42 388 34 118 34 539 701 19627 22 368 239 283 18 2800 24 41 63 282 36 21 42 383 75 87 117
internal_value=1.20125e-05 -0.000101981 -0.000162556 0.00394197 0.00331487 0.00372672 0.00346871 -0.00111973 0.00216518 0.00270806 -0.00117763 -0.000893091 -0.00112898 0.00988235 0.0024461 0.00344279 0.00270261 0.0134679 0.00126523 0.00968858 0.00719071 -0.000193315 -0.00866821 0.000649566 -0.0251288 0.0225954 0.0159955 -0.00576317 0.0428367 0.0233389
internal_weight=6238.26 6223.95 6218.55 1175.93 1160.36 1146.15 1140.27 5042.62 1008.76 982.538 5036.36 4852.04 4748.1 103.944 976.896 891.48 852.583 131.506 736.12 108.65 103.037 627.47 184.311 65.3493 11.628 62.6483 47.2438 15.5787 15.4045 36.0208
internal_count=28000 27698 27666 5736 5669 5610 5568 21930 4575 4457 21896 20889 20328 561 4423 4055 3816 993 3328 465 441 2863 1007 339 57 605 500 117 105 158
is_linear=0
shrinkage=0.05


Tree=55
num_leaves=31
num_cat=0
split_feature=40 26 29 24 39 38 0 40 41 0 40 40 0 39 11 0 40 41 39 38 38 6 38 0 38 12 0 38 38 39
split_gain=13.3329 9.75376 9.55173 9.32175 8.30962 12.7277 5.65763 5.53064 5.49568 5.03729 4.16228 4.45115 3.85927 3.78419 5.54259 4.29402 4.20016 4.37177 4.05229 5.82111 3.95408 3.65607 3.85561 4.02903 3.45479 3.96394 5.25133 3.3165 4.56403 5.4971
threshold=0.41042780748663105 1.0000000180025095e-35 1.0000000180025095e-35 1.0000000180025095e-35 3.591483651618089 3.7547497328258266 22.500000000000004 0.054093567251461992 0.267948717948718 37.500000000000007 0.032795698924731186 0.025657894736842109 27.500000000000004 2.6499918208507922 10.500000000000002 17.500000000000004 0.40824915824915831 0.31909090909090915 2.7206113102771714 3.4209799704839883 3.3299574648874768 1.5000000000000002 4.1904138032371039 24.500000000000004 4.1066632247880905 5.5000000000000009 29.500000000000004 3.8936612158712429 3.8924294859865811 3.6586137832561043
decision_type=2 2 2 2 2 2 2 2 2 2 2 2 2 2 2 2 2 2 2 2 2 2 2 2 2 2 2 2 2 2
left_child=1 2 3 4 9 -6 -7 10 12 13 11 21 -9 -1 16 -16 17 -15 19 -17 -20 22 23 -8 -14 26 -26 28 29 -25
right_child=-2 -3 -4 -5 5 6 7 8 -10 -11 -12 -13 24 14 15 18 -18 -19 20 -21 -22 -23 -24 27 25 -27 -28 -29 -30 -31
leaf_value=-0.0078739062220915378 0.049300344752305658 0.067945023315815686 0.056613312537043284 0.056523175519121963 0.048650819525786274 -0.028486830328897705 0.011218414389497153 0.0063313064329045283 -0.054325850753702602 0.044123141218341065 -0.017613592886175079 0.047054921345877347 0.039444393407341918 0.015198234431109337 -0.010360059802506306 -0.0031929962269235156 -0.038836191479243998 -0.032747969637931924 0.011608569599752273 0.051023514532245101 -0.0012108815534146646 -0.0075689215564350978 0.018772169619121162 -0.0015882559548847392 -0.050461288838088203 0.026029271088862785 0.016499105591008041 -0.00019382515068599676 0.053489832305296248 0.022638025156791041
leaf_weight=205.24534542113543 13.690519396215675 5.2625390030443659 7.4012463092803946 7.2289504408836356 15.411628343164919 14.172193229198454 116.26010480523109 66.881042093038559 2.9605240300297728 6.1312945038080207 26.213525362312794 5.5923561155796042 22.215542837977409 92.177798595279455 124.30097475647926 10.852821364998819 4.116923823952674 5.0128832831978789 60.963765077292919 9.1039750277996045 4514.6496758051217 85.300464928150177 38.366629123687744 66.858937054872513 4.6589213684201223 25.175683327019215 7.8810527063906193 627.26448477059603 5.5386859625577918 36.035806402564049
leaf_count=1107 302 32 44 44 67 59 488 379 15 34 118 35 168 502 701 49 22 26 269 41 19140 368 238 282 33 325 67 2862 24 159
internal_value=1.19222e-05 -9.65773e-05 -0.000154201 -0.000221895 -0.000288065 0.00351371 0.00290953 0.0033008 0.0130161 -0.0011695 0.00204933 0.00257463 0.0145882 -0.00122475 -0.000941681 -0.00119005 0.0106299 0.0127253 -0.000942025 0.0215397 -0.00104008 0.00231966 0.00326707 0.00256882 0.0238026 0.0145892 -0.00837839 0.00120195 0.00927623 0.00689627
internal_weight=6232.93 6219.24 6213.97 6206.57 6199.34 1166.79 1151.38 1137.2 129.773 5032.56 1007.43 981.217 126.812 5026.42 4821.18 4719.87 101.308 97.1907 4595.57 19.9568 4575.61 975.625 890.325 851.958 59.9312 37.7157 12.54 735.698 108.433 102.895
internal_count=28000 27698 27666 27622 27578 5687 5620 5561 987 21891 4574 4456 972 21857 20750 20200 550 528 19499 90 19409 4421 4053 3815 593 425 100 3327 465 441
is_linear=0
shrinkage=0.05


Tree=56
num_leaves=31
num_cat=0
split_feature=40 7 40 41 20 40 11 36 40 41 7 11 41 38 0 38 38 0 38 39 38 39 39 11 38 10 39 38 10 38
split_gain=12.6018 9.27313 7.75263 6.37807 5.99367 5.57789 4.88709 4.66173 4.55161 4.54669 4.68013 4.53657 4.13776 3.75381 5.06761 3.7133 3.41834 6.09946 4.99055 3.33503 3.27158 4.40986 4.37928 5.69671 12.029 4.90352 4.50856 4.45703 4.23926 5.69101
threshold=0.41042780748663105 1.0000000180025095e-35 0.15075757575757578 0.22967032967032971 1.0000000180025095e-35 0.049390243902439034 12.500000000000002 1.0000000180025095e-35 0.025657894736842109 0.26006441223832533 1.5000000000000002 9.5000000000000018 0.31414473684210531 3.8101126321183503 22.500000000000004 3.8455070432369092 3.2466689551453567 17.500000000000004 3.6809850782491051 3.3215162127329263 3.4209799704839883 3.0780788756308879 3.038855503989351 13.500000000000002 3.9362119235564088 4.5000000000000009 3.2360563169422236 3.5558672161174503 2.5000000000000004 3.4324466276812697
decision_type=2 2 2 2 2 2 2 2 2 2 2 2 2 2 2 2 2 2 2 2 2 2 2 2 2 2 2 2 2 2
left_child=1 3 4 20 7 12 15 8 -3 -10 13 -4 -5 -11 -15 19 -14 -18 -19 -7 21 -1 28 24 25 -24 -27 -25 29 -22
right_child=-2 2 11 5 -6 6 -8 -9 9 10 -12 -13 16 14 -16 -17 17 18 -20 -21 22 -23 23 27 -26 26 -28 -29 -30 -31
leaf_value=0.0064412182934734611 0.048998038082949114 0.0025905958884631223 -0.040997535902072529 -0.0036529528828504647 -0.054915926878177937 -0.0007914580132439156 0.011003009094833505 0.054246005725583107 0.024603488957755226 -0.0085733249030753821 -0.041286245085839508 0.035365345898761655 -0.037286346028027904 0.0023924011657418883 0.061039846041399996 -0.016516213074490728 0.013731090499449464 -0.035567524002503757 0.0091735515116952125 0.020429696396665836 -0.063263541583875052 0.045284506167635165 0.081226007962135652 0.010107496368360476 -0.026077372555469925 -0.016120618463534152 0.044886991949461497 0.00012527757863136906 -0.047450483418123683 -0.0044869197616289012
leaf_weight=43.312642127275467 13.101158104836939 736.17504055798054 2.0937688127160099 1736.7061917036772 4.3187644854187957 214.19103052094579 117.71539410948753 4.6162297129631034 49.537801619619131 15.326810032129289 5.4806069731712332 27.359498381614685 15.230228409171103 8.9668864756822568 6.2511888146400443 34.545451521873474 17.255747273564339 22.717700570821766 8.5891562700271589 20.265754714608192 4.2794931232929221 8.7897263169288617 6.0160812437534394 116.39262100309134 8.9672747217118722 4.2059827931225291 10.816244080662726 2848.2903061844409 6.7621101289987555 109.34868909418583
leaf_count=183 302 3381 13 7861 24 960 491 36 394 65 24 388 110 39 27 169 113 168 46 87 18 41 26 480 57 27 75 11907 32 456
internal_value=1.18295e-05 -9.14409e-05 0.00472752 -0.000865555 0.00383367 -0.00294214 0.00250613 0.00414071 0.00385924 0.0147745 0.00125879 0.0299369 -0.00411234 0.00889256 0.0264832 -0.00121211 -0.0166188 -0.010137 -0.0232926 0.00104284 0.00056851 0.0129941 0.000360681 0.000736567 0.0224133 0.0430818 0.0278058 0.000517177 -0.00898943 -0.00670058
internal_weight=6227.63 6214.52 860.127 5354.4 830.673 2187.22 386.718 826.355 821.738 85.5633 36.0255 29.4533 1800.5 30.5449 15.2181 269.002 63.7928 48.5626 31.3069 234.457 3167.18 52.1024 3115.08 2994.69 30.0056 21.0383 15.0222 2964.68 120.39 113.628
internal_count=28000 27698 4391 23307 3990 10005 1707 3966 3930 549 155 401 8298 131 66 1216 437 327 214 1047 13302 224 13078 12572 185 128 102 12387 506 474
is_linear=0
shrinkage=0.05


Tree=57
num_leaves=31
num_cat=0
split_feature=40 26 29 24 39 36 11 10 0 0 38 7 41 40 0 39 40 39 38 34 0 41 38 40 39 39 38 39 39 41
split_gain=11.9104 8.99441 8.83752 8.6058 7.42033 4.96576 4.89889 5.42222 4.77531 6.55153 5.86985 5.1013 4.9061 4.10203 3.97059 4.79095 3.77429 3.84808 3.765 3.67144 3.59924 5.4188 5.36331 3.35571 3.13426 3.05458 3.20054 4.90188 2.97719 3.25288
threshold=0.41042780748663105 1.0000000180025095e-35 1.0000000180025095e-35 1.0000000180025095e-35 3.8224980385805121 1.0000000180025095e-35 18.500000000000004 3.5000000000000004 25.500000000000004 27.500000000000004 3.999117158513001 1.0000000180025095e-35 0.14434523809523811 0.19292803970223329 24.500000000000004 2.874070339756567 0.26568627450980398 3.4105065644434074 4.3946488582442438 1.0000000180025095e-35 37.500000000000007 0.15450928381962867 3.9233088607576558 0.40824915824915831 2.6499918208507922 2.9489574220674188 3.5558672161174503 3.0391486719030718 3.9107409774580582 0.18301435406698566
decision_type=2 2 2 2 2 2 2 2 2 2 2 2 2 2 2 2 2 2 2 2 2 2 2 2 2 2 2 2 2 2
left_child=1 2 3 4 5 6 16 14 -6 -10 -11 12 -12 18 -8 -16 19 23 28 -1 25 22 -22 24 -18 -17 27 -27 29 -13
right_child=-2 -3 -4 -5 8 -7 7 -9 9 10 11 13 -14 -15 15 20 17 -19 -20 -21 21 -23 -24 -25 -26 26 -28 -29 -30 -31
leaf_value=-0.0020407814302330486 0.048695632536589914 0.066225428583996104 0.055271955496747044 0.055025467559953758 0.03820648920087092 0.040433182947651206 0.0052324710349259292 0.051905346919152121 -0.010660796905144227 0.045771533508773339 0.021001237095745293 0.030393927187811112 -0.0056310287245010379 0.052942824774825252 0.044573038269073155 -0.032265945002779788 -0.021524407843042298 0.040328514151112972 -0.033898294518637899 -0.03922252290308742 0.041421523533242341 0.053961178021539796 -0.01502136410263169 -0.038374849391456738 0.014777827915007535 -0.016989402420883662 -0.00057315480916884931 0.021317975122137154 0.026103097533091115 -0.005116046204733854
leaf_weight=3370.4235310517251 12.53765871375799 5.1093814484775057 7.1868491619825354 7.0448185727000228 12.627735592424868 7.356949880719184 437.36321742832661 5.2226557508110991 44.308348387479782 11.225878216326235 22.654341824352741 9.1257268339395541 73.064491763710976 7.5021310262382022 6.0074861347675315 7.4844615608453742 7.0529836453497401 9.2361845299601537 3.8660172447562209 6.6523219347000113 6.3260802626609864 7.5580019652843466 12.574872866272925 4.0623272508382788 37.875200375914574 10.821039125323294 1972.115902684629 36.584685951471329 38.442929703742266 21.989087015390396
leaf_count=14926 302 32 44 44 59 40 1791 46 224 56 152 59 366 150 27 31 39 109 41 29 36 42 67 21 261 45 8363 155 300 143
internal_value=1.15469e-05 -8.67616e-05 -0.000141376 -0.000205645 -0.000268508 -0.000619825 -0.000670694 0.0010122 0.00826263 0.00663405 0.0107129 0.00848496 0.000672187 0.0177259 0.000905743 -1.31091e-05 -0.00189641 0.0107252 0.0141275 -0.00211402 -0.000143547 0.0181785 0.00386987 0.00514407 0.00907898 -0.000382709 -0.000264547 0.0125738 0.0167968 0.00529875
internal_weight=6221.4 6208.87 6203.76 6196.57 6189.52 5944.72 5937.36 2502.06 244.807 232.179 187.871 176.645 95.7188 80.9259 2496.84 2059.47 3435.3 58.2267 73.4238 3377.08 2053.47 26.459 18.901 48.9905 44.9282 2027.01 2019.52 47.4057 69.5577 31.1148
internal_count=28000 27698 27666 27622 27578 26028 25988 10603 1550 1491 1267 1211 518 693 10557 8766 15385 430 543 14955 8739 145 103 321 300 8594 8563 200 502 202
is_linear=0
shrinkage=0.05


Tree=58
num_leaves=31
num_cat=0
split_feature=40 26 29 24 39 40 38 39 39 39 41 41 39 41 41 41 39 6 41 38 39 38 11 41 38 38 41 0 38 41
split_gain=11.2562 8.34531 8.20875 7.95929 6.81183 6.52622 5.43485 8.65771 4.56389 6.07623 4.30202 4.06894 5.48215 4.02448 7.45658 5.0428 3.87762 3.75314 4.3207 3.6169 3.37237 3.28057 4.08529 3.39755 3.14401 3.13861 3.11904 3.54901 4.81062 4.53565
threshold=0.41042780748663105 1.0000000180025095e-35 1.0000000180025095e-35 1.0000000180025095e-35 3.4534939707360945 0.26975051975051983 3.7719580414191989 3.591483651618089 3.9022431950643792 3.914421688532927 0.16100230414746547 0.26393188854489169 3.5465164544829775 0.21913109756097562 0.22361111111111112 0.20550527903469082 3.9705743148392902 1.5000000000000002 0.17573529411764707 4.0043543155378369 3.7085490736766134 3.6850506496423425 19.500000000000004 0.22361111111111112 3.7193351740411753 3.675453323258838 0.31698564593301443 20.500000000000004 3.2827785645955903 0.35504201680672276
decision_type=2 2 2 2 2 2 2 2 2 2 2 2 2 2 2 2 2 2 2 2 2 2 2 2 2 2 2 2 2 2
left_child=1 2 3 4 10 6 7 21 11 -10 -1 17 -13 15 -15 16 -11 -8 20 26 -19 25 -23 24 -24 -6 -12 28 29 -28
right_child=-2 -3 -4 -5 5 -7 8 -9 9 13 19 12 -14 14 -16 -17 -18 18 -20 -21 -22 22 23 -25 -26 -27 27 -29 -30 -31
leaf_value=0.017563242580117124 0.04839248516397418 0.064642852113937846 0.054013237511241236 0.053549163822834568 0.01259857745833988 0.040732765156107818 0.0013832419052293788 0.042492508000283029 0.052154408939922459 -0.0037712241050502564 -0.0013898857497564494 0.014623980787039982 -0.027156797007471891 -0.08144950822858861 0.005950426022222878 0.043840753423028678 0.01901934269542729 0.052795867134769241 -0.0097064431298848897 -0.033741568015453742 0.00034025898661075552 -0.0055657650151882676 -0.01205999224617213 0.051743606133664723 0.014475918775971415 0.050106692361374494 -0.043352038035643803 -0.054952907492095554 -0.00041598620953424089 0.013623734933676648
leaf_weight=29.338341452181339 11.999027177691458 4.9761461801826945 6.9916042611002913 6.8812820166349402 40.120366513729095 10.787545219063757 1748.620106074959 18.1173200532794 8.3002961277961713 40.184824720025063 3821.267839550972 10.872470729053019 28.254132807254791 3.4649956077337256 8.2527542561292631 10.479754552245138 34.848901141434908 4.9895517081022245 131.6802766546607 8.7630413472652418 7.9396720379590988 74.308616071939468 14.543271958827971 4.8509851992130271 48.015787288546562 6.4778462946414939 14.881890967488291 4.4973329678177825 47.067286267876625 4.5643154606223098
leaf_count=139 302 32 44 44 170 170 7696 79 49 228 16661 47 124 22 57 95 325 20 582 36 32 305 60 22 198 28 110 21 275 27
internal_value=1.16745e-05 -8.18927e-05 -0.000133846 -0.000194982 -0.000254772 0.00193575 0.00174927 0.00948001 0.000966164 0.0110913 -0.00151162 0.000413202 -0.0155468 0.00758586 -0.0198942 0.0113514 0.0068137 0.000743041 -0.00699828 -0.00165507 0.0205835 0.00630399 0.00251981 0.0114328 0.00830704 0.0178128 -0.00158283 -0.0119658 -0.00905916 -0.029979
internal_weight=6216.34 6204.34 6199.36 6192.37 6185.49 2255.11 2244.32 206.434 2037.89 105.532 3930.38 1932.36 39.1266 97.2312 11.7177 85.5135 75.0337 1893.23 144.61 3901.04 12.9292 188.317 141.719 67.41 62.5591 46.5982 3892.28 71.0108 66.5135 19.4462
internal_count=28000 27698 27666 27622 27578 10309 10139 862 9277 776 17269 8501 171 727 79 648 553 8330 634 17130 52 783 585 280 258 198 17094 433 412 137
is_linear=0
shrinkage=0.05


Tree=59
num_leaves=31
num_cat=0
split_feature=40 26 29 31 36 38 10 11 0 39 38 38 40 11 11 38 41 39 39 41 41 39 41 39 38 11 40 6 34 39
split_gain=10.6373 7.74763 7.62678 6.72416 6.50573 5.83181 5.12725 6.01669 4.39511 4.05874 6.57535 5.39987 3.95849 9.30713 3.71381 6.69739 5.10878 5.57511 3.41248 3.32545 3.68845 4.11147 10.3694 5.94206 5.15703 4.16684 3.98663 3.59583 3.30282 3.22555
threshold=0.41042780748663105 1.0000000180025095e-35 1.0000000180025095e-35 1.0000000180025095e-35 1.0000000180025095e-35 4.030877617342794 3.5000000000000004 16.500000000000004 37.500000000000007 2.9321041277738069 3.6742902792137371 3.6892128038702086 0.26975051975051983 13.500000000000002 18.500000000000004 3.978598834686681 0.20638945233265724 3.7903397265970051 3.7501463298083348 0.22967032967032971 0.19399641577060936 3.7948710299710378 0.21913109756097562 3.8768917467430883 4.1619704068090781 19.500000000000004 0.16247642991829042 1.5000000000000002 1.0000000180025095e-35 3.8523331503537412
decision_type=2 2 2 2 2 2 2 2 2 2 2 2 2 2 2 2 2 2 2 2 2 2 2 2 2 2 2 2 2 2
left_child=1 2 3 4 5 6 8 9 14 -8 -11 -12 13 -7 28 18 29 -18 -16 20 -15 24 25 -24 26 -23 27 -22 -1 -17
right_child=-2 -3 -4 -5 -6 12 7 -9 -10 10 11 -13 -14 19 15 16 17 -19 -20 -21 21 22 23 -25 -26 -27 -28 -29 -30 -31
leaf_value=-0.0021366415366799881 0.048087970320489414 0.063133918889657081 0.052796418360037414 0.05188488267504731 0.042476845511616748 -0.066416890968366574 -0.0079684628831541843 0.057094947234114513 0.021248694035561309 0.038022522714493578 -0.046546432607017185 0.0083796910334845327 0.040938861234389806 0.0029518256811948826 0.0011317849204881831 -0.012584456709039958 0.0095320262925353821 -0.043491857519744707 0.016568211386328573 -0.0065482656506684125 0.015019141912242174 0.066972261698966293 0.028717463882281587 -0.053204099513029679 -0.044172687604646099 0.026893158053024554 -0.030539725430806824 -0.01347732135571319 -0.037567555885774068 0.02752081895875674
leaf_weight=3210.4746733866632 11.484294399619101 4.8437055833637706 6.800003468990325 6.1939614713191977 8.9015859961509687 4.6365589350461951 37.46556817740202 6.0548312589526168 22.044591993093491 18.784416113048792 4.7204788178205481 85.948388379067183 7.3996633552014819 316.55707479268312 1946.0912649556994 180.40375778079033 57.818008847534657 5.4222689121961585 36.473790749907494 58.296227410435677 87.864753000438213 8.0013923160731775 3.4907999783754331 6.0494171231985092 4.7514599673449984 34.218996435403824 5.9959489442408076 12.66605196893215 6.5910001397132865 5.1568066999316207
leaf_count=14169 302 32 44 33 56 26 184 44 126 105 22 523 124 1649 8116 761 269 27 161 298 398 74 20 42 26 221 38 56 29 25
internal_value=1.15206e-05 -7.753e-05 -0.000126951 -0.000185104 -0.000237273 -0.000298863 -0.000779439 0.00824905 -0.00103191 0.00623601 0.0110982 0.00552008 0.0046154 0.00411998 -0.00112206 0.000445376 -0.00728722 0.00498572 0.00141577 0.004728 0.00609866 0.0122086 0.0238506 -0.0232287 0.00679333 0.0344887 0.00906659 0.0114288 -0.00220923 -0.0114699
internal_weight=6211.6 6200.12 6195.27 6188.47 6182.28 6173.38 5623.45 152.974 5470.48 146.919 109.453 90.6689 549.928 542.529 5448.43 2231.37 248.801 63.2403 1982.57 537.892 479.596 163.039 51.7606 9.54022 111.278 42.2204 106.527 100.531 3217.07 185.561
internal_count=28000 27698 27666 27622 27589 27533 24561 878 23683 834 650 545 2972 2848 23557 9359 1082 296 8277 2822 2524 875 357 62 518 295 492 454 14198 786
is_linear=0
shrinkage=0.05


Tree=60
num_leaves=31
num_cat=0
split_feature=40 7 40 41 20 41 41 40 41 7 41 34 38 38 0 38 38 39 38 41 38 38 38 39 0 7 39 39 38 41
split_gain=10.0516 7.48916 6.58031 5.40242 5.36387 4.42667 4.11976 3.96744 3.92481 4.28601 3.59662 3.74177 3.49094 3.45458 4.54291 3.26656 3.10973 5.65621 3.52581 2.72094 4.28756 4.45544 3.99262 3.87524 5.21299 3.72038 3.43437 7.46508 7.73595 3.34136
threshold=0.41042780748663105 1.0000000180025095e-35 0.15075757575757578 0.31414473684210531 1.0000000180025095e-35 0.34166666666666673 0.31909090909090915 0.025657894736842109 0.26006441223832533 1.5000000000000002 0.21132376395534294 1.0000000180025095e-35 3.6809850782491051 3.8101126321183503 22.500000000000004 3.3470203280915363 4.0604182568245646 3.6758507507459961 4.0064064329767017 0.34166666666666673 3.4693760755761058 3.5020405073447978 3.5470132150399563 3.2360563169422236 20.500000000000004 1.5000000000000002 3.3929372919485519 3.4992275444280256 3.6979571675716261 0.27888888888888896
decision_type=2 2 2 2 2 2 2 2 2 2 2 2 2 2 2 2 2 2 2 2 2 2 2 2 2 2 2 2 2 2
left_child=1 3 4 10 7 12 -4 19 -9 13 15 16 -5 -10 -15 -1 17 -12 -19 20 -3 -22 -23 24 -24 26 -25 -28 -29 -26
right_child=-2 2 6 5 -6 -7 -8 8 9 -11 11 -13 -14 14 -16 -17 -18 18 -20 -21 21 22 23 25 29 -27 27 28 -30 -31
leaf_value=0.034163026992012339 0.047781482837866936 0.02848359399396537 0.03260445859177432 -0.023588074593272668 -0.0529016364926349 0.020584347808383779 -0.056915715230557412 0.023349981953294796 -0.0079261040627031914 -0.03947017396847996 -0.0015760462733679704 -0.04190807063195652 0.0084032561900153936 0.0030802549267653894 0.058794496877198635 0.00082975496221003749 0.016541309655326877 -0.012733187219194739 -0.054212001919039667 -0.031296383653173623 -0.034352946523540331 0.028607708491618991 0.013105338959425722 0.0089108837797740384 -0.010337463882487411 0.013755620400431809 -0.014683853345216026 0.068731208832106233 0.0020017551081895927 -0.040800323316658449
leaf_weight=7.3740729689598075 10.992515470832585 15.966576084494589 26.364341668784622 54.868668079376221 4.1981060095131388 8.0995647683739644 1.3510601669549931 48.296038988977671 15.343456551432611 5.4145307391881934 2979.0845412686467 5.7760212272405616 10.096584051847456 9.002515181899069 6.1640333533287039 2230.6815847456455 23.372157640755177 15.622126221656801 7.6233044713735572 5.8782125562429419 8.2023430019617063 14.576725110411642 19.739718526601791 134.75867222249508 40.92446181178093 76.634844183921814 73.842823177576065 4.401080608367919 330.7565286681056 11.539956048130987
leaf_count=34 302 70 395 391 24 54 6 396 65 24 13137 26 52 39 27 9407 105 67 34 33 35 62 86 553 168 460 309 19 1570 50
internal_value=1.15738e-05 -7.31769e-05 0.00427637 -0.000767915 0.00347193 -0.0142706 0.0282406 0.00376003 0.0140408 0.00152584 -0.000580694 -0.00170307 -0.0186161 0.00880129 0.0257238 0.000939583 -0.00162632 -0.00176775 -0.0263361 0.00258555 0.00285788 0.00228593 0.0027109 0.00216586 -0.00879719 0.00344179 0.00198821 -0.000292694 0.002878 -0.017038
internal_weight=6206.95 6195.95 853.356 5342.6 825.641 73.0648 27.7154 821.443 84.2206 35.9245 5269.53 3031.48 64.9653 30.51 15.1665 2238.06 3025.7 3002.33 23.2454 737.222 731.344 715.377 707.175 692.598 72.2041 620.394 543.759 409 335.158 52.4644
internal_count=28000 27698 4391 23307 3990 497 401 3966 551 155 22810 13369 443 131 66 9441 13343 13238 101 3415 3382 3312 3277 3215 304 2911 2451 1898 1589 218
is_linear=0
shrinkage=0.05


Tree=61
num_leaves=31
num_cat=0
split_feature=40 26 29 24 31 36 20 39 7 6 38 39 39 38 0 40 28 38 0 38 39 7 39 39 39 40 38 38 7 0
split_gain=9.49744 7.14607 7.07966 7.32928 6.18522 5.64243 4.94485 6.68972 5.11325 4.25914 10.2571 6.86808 5.44439 10.0239 4.95671 4.64958 4.35398 4.12088 10.1908 5.51288 4.44895 3.96677 3.66657 4.90436 3.58263 3.38394 9.95993 4.85688 3.366 3.29836
threshold=0.41042780748663105 1.0000000180025095e-35 1.0000000180025095e-35 1.0000000180025095e-35 1.0000000180025095e-35 1.0000000180025095e-35 1.0000000180025095e-35 3.9705743148392902 3.5000000000000004 1.5000000000000002 3.54641915521186 2.9161364536186212 3.3293288462733837 3.6901884542810257 28.500000000000004 0.25357142857142861 1.0000000180025095e-35 3.6540102171420124 22.500000000000004 3.5470132150399563 3.3372426412558736 1.0000000180025095e-35 3.085551857534758 3.1564536459234782 2.7263487792301757 0.03509852216748769 3.7838244546904183 3.9383978851393668 1.5000000000000002 29.500000000000004
decision_type=2 2 2 2 2 2 2 2 2 2 2 2 2 2 2 2 2 2 2 2 2 2 2 2 2 2 2 2 2 2
left_child=1 2 3 4 5 6 7 9 -9 12 -11 24 14 17 28 16 -15 19 -19 -14 -21 -22 -16 -24 -12 -13 -27 -28 -1 -25
right_child=-2 -3 -4 -5 -6 -7 -8 8 -10 10 11 25 13 15 22 -17 -18 18 -20 20 21 -23 23 29 -26 26 27 -29 -30 -31
leaf_value=-0.0017984018310579193 0.047472434989937126 0.061615580909980774 0.051650334037901827 0.052132333049384284 0.050239772176612268 0.04050157572435642 -0.052938495137418586 0.022929785127417206 -0.05619247784195848 -0.032405464135226672 -0.0089588600171433969 -0.0056567787880183011 0.040955561670908372 0.00039733901663279413 -0.021192751304917028 0.026965990315598112 0.036511936804144988 0.041418204989115678 0.0063216547341816073 -0.04205660230283944 0.00070620429465248144 0.030576727724644107 0.061481105039161169 0.030976644529326261 0.036741664208542628 -0.040582771991265608 0.065512959252335107 0.0057799680833097384 -0.036015404915453311 0.0011686681353789779
leaf_weight=2803.6537364050746 10.522771228104828 4.6915628835558882 6.5976505577564231 6.6905668564140788 6.0650630891323081 8.4708297699689847 4.4640802443027487 42.047901846468449 2.1461468487977973 32.072853121906519 5.8855990990996387 365.44346503913403 10.199024215340613 2590.281152561307 6.5723594948649398 16.719080667942762 8.3726307302713376 34.989932969212532 50.584923580288887 5.3384534120559684 79.354898065328598 12.924789786338804 5.8528877794742575 14.920112706720827 15.803193435072897 5.5716866552829769 7.5702105164527875 6.1821207106113434 7.2058474123477927 24.552741967141628
leaf_count=12362 302 32 44 44 33 53 26 445 17 216 40 1664 43 11249 31 201 48 145 210 22 326 55 26 61 79 23 32 29 32 110
internal_value=1.11432e-05 -6.95233e-05 -0.000116302 -0.000171568 -0.000228255 -0.000277887 -0.000333976 -0.000295819 0.0190875 -0.000436018 -0.00518346 -0.00303541 -6.89404e-05 0.00149503 -0.00160342 0.000682796 0.000513697 0.0124795 0.020672 0.00597705 0.00232253 0.0048899 0.0137081 0.0187688 0.0243401 -0.00457853 0.0158127 0.038661 -0.00188612 0.0124356
internal_weight=6201.75 6191.23 6186.53 6179.94 6173.25 6167.18 6158.71 6154.25 44.194 6110.05 438.529 406.456 5671.52 2808.76 2862.76 2615.37 2598.65 193.392 85.5749 107.817 97.6181 92.2797 51.8981 45.3257 21.6888 384.767 19.324 13.7523 2810.86 39.4729
internal_count=28000 27698 27666 27622 27578 27545 27492 27466 462 27004 2083 1867 24921 12299 12622 11498 11297 801 355 446 403 381 228 197 119 1748 84 61 12394 171
is_linear=0
shrinkage=0.05


Tree=62
num_leaves=31
num_cat=0
split_feature=40 26 29 24 31 0 40 41 6 38 39 39 38 40 38 40 38 38 39 41 39 0 38 39 41 39 39 39 38 11
split_gain=8.9728 6.64092 6.57991 6.77923 5.6956 4.77767 5.55654 5.61209 4.05751 8.98651 6.5416 3.77597 4.86537 4.54598 3.388 3.26514 8.7712 6.51999 3.22064 3.0505 2.70494 2.63692 5.28386 5.70074 4.22391 3.55348 3.26639 6.39124 7.78461 5.14535
threshold=0.41042780748663105 1.0000000180025095e-35 1.0000000180025095e-35 1.0000000180025095e-35 1.0000000180025095e-35 29.500000000000004 0.025657894736842109 0.21913109756097562 1.5000000000000002 3.54641915521186 3.0570204192104438 3.4534939707360945 3.6850506496423425 0.29099462365591405 4.0064064329767017 0.03509852216748769 3.7842761036880259 3.9383978851393668 3.1564536459234782 0.11884584342211461 3.5071353490160777 17.500000000000004 3.5842434495629507 3.23966092346532 0.31414473684210531 2.800865078105955 2.6499918208507922 2.7206113102771714 3.4209799704839883 10.500000000000002
decision_type=2 2 2 2 2 2 2 2 2 2 2 2 2 2 2 2 2 2 2 2 2 2 2 2 2 2 2 2 2 2
left_child=1 2 3 4 5 8 18 -8 11 -10 -11 14 20 -14 21 -12 -17 -18 -7 -20 -13 -1 23 24 26 -24 -23 28 -28 -29
right_child=-2 -3 -4 -5 -6 6 7 -9 9 10 15 12 13 -15 -16 16 17 -19 19 -21 -22 22 25 -25 -26 -27 27 29 -30 -31
leaf_value=-0.0061457915566717593 0.047160256366712887 0.060235471646631171 0.050502109853300892 0.05073591262927301 0.048682799470553859 0.034929917817274482 0.025994050013547439 -0.029423487440948477 -0.031371007596259028 0.013200290880315957 -0.0077168749991504172 0.010898958883175512 0.0010182498260883431 0.046177471306741338 -0.034568741466544893 -0.042214267141904294 0.071263219519655668 -0.0021592971223980142 0.040370654930647502 0.0017333553913956212 0.039541020658100827 -0.0086066192174585159 -0.044245965421975751 0.012830469653471455 0.028606318143473166 -0.0020750266768337542 0.0026871549891087487 0.027397204340707717 0.069628063481677507 0.00014632313671153225
leaf_weight=252.05320055782795 10.074169425293801 4.5624004341661921 6.4149456843733779 6.53497240692377 5.9490642026066771 7.5416812300682059 42.942540839314461 5.1123465672135344 31.489015012979507 50.244654886424541 267.74953715503216 33.037861682474613 1516.7826872505248 5.5933678597211829 7.630708083510398 4.8181578963995007 6.5730767846107465 5.5993254631757736 5.1516084372997275 611.21213760972023 10.983512386679648 89.908780202269554 5.0063083022832862 111.65840992331505 13.499923303723333 2286.0227741077542 10.236161813139917 17.727235294878483 7.543711155652999 757.41712783277035
leaf_count=1442 302 32 44 44 33 36 461 39 216 255 1246 141 6538 80 31 20 28 26 40 2867 47 415 22 459 60 9651 46 85 33 3261
internal_value=1.08704e-05 -6.5902e-05 -0.000110402 -0.000162973 -0.000216887 -0.000264085 0.00371552 0.0200984 -0.000751037 -0.00583358 -0.00343303 -0.000387606 0.00165803 0.00118417 -0.00128801 -0.00636811 0.0148867 0.0374887 0.00245366 0.00205629 0.0180453 -0.0012165 -0.000839886 0.00217687 0.000849726 -0.00216718 0.000425283 0.0014494 0.0310891 0.00076954
internal_weight=6197.07 6187 6182.43 6176.02 6169.48 6163.54 671.96 48.0549 5491.58 366.474 334.985 5125.1 1566.4 1522.38 3558.7 284.74 16.9906 12.1724 623.905 616.364 44.0214 3551.07 3299.02 1007.99 896.333 2291.03 882.833 792.924 17.7799 775.144
internal_count=28000 27698 27666 27622 27578 27545 3443 500 24102 1791 1575 22311 6806 6618 15505 1320 74 54 2943 2907 188 15474 14032 4359 3900 9673 3840 3425 79 3346
is_linear=0
shrinkage=0.05


Tree=63
num_leaves=31
num_cat=0
split_feature=40 7 40 41 41 36 7 38 11 38 12 0 10 7 39 38 39 39 39 38 38 39 38 41 38 38 38 28 41 41
split_gain=8.47611 6.19196 5.87931 4.34391 4.00062 3.77613 3.68974 3.59123 3.29207 4.06137 2.98247 3.41441 3.31898 4.14144 7.91633 3.08552 5.5705 4.27779 5.66086 3.22091 4.7373 4.55655 3.08747 2.91359 2.8398 6.3029 2.97781 2.82021 2.76916 2.74516
threshold=0.41042780748663105 1.0000000180025095e-35 0.15075757575757578 0.31414473684210531 0.34166666666666673 1.0000000180025095e-35 2.5000000000000004 3.3084829020490516 11.500000000000002 3.6809850782491051 7.5000000000000009 29.500000000000004 1.0000000180025095e-35 1.5000000000000002 3.3276521565353132 3.6422606651904035 3.2408350000536879 3.085551857534758 3.0983559703478538 3.8101126321183503 3.7877426501774445 3.5845731102501732 3.8140163164339067 0.31414473684210531 3.8563805301751684 3.9290085322349744 4.0043543155378369 1.0000000180025095e-35 0.27888888888888896 0.21913109756097562
decision_type=2 2 2 2 2 2 2 2 2 2 2 2 2 2 2 2 2 2 2 2 2 2 2 2 2 2 2 2 2 2
left_child=1 3 5 27 7 10 -4 -5 -9 -10 12 -12 13 15 -15 16 -3 -17 -19 20 21 23 -21 28 -16 -26 -27 -1 -20 -14
right_child=-2 2 6 4 -6 -7 -8 8 9 -11 11 -13 29 14 24 17 -18 18 19 22 -22 -23 -24 -25 25 26 -28 -29 -30 -31
leaf_value=-0.00056563911400416185 0.046844396236277772 0.0025988898616958801 0.033087588273667985 -0.038773836130640643 0.020053433597396517 0.0509551082242653 -0.030284135473942431 0.005436703931312124 -0.033905368729464321 0.0059975146653091452 -0.063340555447233202 -0.0071645829723138823 0.02886018916694652 -0.042832137132454012 0.043928528212258906 -0.026079835173943345 0.032805502369408372 0.045043214409438016 -0.0030087503546418651 0.034199615980168588 -0.027753012481824886 0.038212631924418275 0.0017955746502839156 0.023963262399254451 -0.025095507668022494 0.04586479682152303 0.014881036149951635 0.034400227449329482 -0.022639324327478647 0.0076058079521918861
leaf_weight=5256.3295706771314 9.6458439081907255 59.464961558580399 24.064254023134712 14.759883105754851 8.1447601616382581 4.1112419329583636 2.5392904318869105 19.277388915419579 19.96724130213261 9.3689241111278516 3.1779392212629345 18.172903697937727 20.557823993265629 5.5055485665798178 10.147830575704573 15.453735411167143 20.532707542181015 7.0704571008682242 96.319792315363884 7.4926619529724112 21.709308728575706 6.5156101733446112 388.68330620229244 8.3066476285457593 8.2048918604850751 10.509923033416269 29.581519953906536 5.7731114327907553 22.083640053868294 58.202254965901375
leaf_count=22783 302 261 379 117 54 36 22 119 158 49 16 120 208 25 53 68 86 30 398 32 91 29 1802 35 44 60 196 27 90 310
internal_value=1.05624e-05 -6.25126e-05 0.00390508 -0.00069363 -0.0129333 0.00315619 0.0270388 -0.0171728 -0.0106143 -0.0211618 0.00291587 -0.015526 0.00341032 0.00234092 0.0144848 0.00115279 0.0103519 -0.000130092 0.000588349 1.80171e-05 -0.00609434 -0.00256503 0.00240841 -0.00466187 0.0198841 0.014832 0.0230034 -0.000527278 -0.00667008 0.0131536
internal_weight=6191.67 6182.03 848.408 5333.62 71.5182 821.805 26.6035 63.3734 48.6136 29.3362 817.693 21.3508 796.343 717.583 63.9497 653.633 79.9977 573.635 558.181 551.111 154.935 133.226 396.176 126.71 58.4442 48.2963 40.0914 5262.1 118.403 78.7601
internal_count=28000 27698 4391 23307 497 3990 401 443 326 207 3954 136 3818 3300 378 2922 347 2575 2507 2477 643 552 1834 523 353 300 256 22810 488 518
is_linear=0
shrinkage=0.05


Tree=64
num_leaves=31
num_cat=0
split_feature=40 26 29 24 31 36 41 39 28 41 39 11 7 0 40 6 38 39 12 38 38 0 38 0 12 39 38 39 39 11
split_gain=8.00582 6.15789 6.07848 6.23055 5.23167 4.92421 4.11822 4.40189 4.19564 3.40757 5.00896 4.36021 3.20713 3.91892 3.39951 3.60335 7.2867 4.79301 5.17367 6.17043 4.96201 6.30001 4.32276 4.18207 3.29638 4.10941 4.0499 3.97451 5.42528 6.72139
threshold=0.41042780748663105 1.0000000180025095e-35 1.0000000180025095e-35 1.0000000180025095e-35 1.0000000180025095e-35 1.0000000180025095e-35 0.21525096525096529 3.9705743148392902 1.0000000180025095e-35 0.20761494252873566 3.8523331503537412 18.500000000000004 2.5000000000000004 29.500000000000004 0.046536796536796543 1.5000000000000002 3.54641915521186 3.2030314438610916 6.5000000000000009 3.7483615029509889 3.6420882860777777 19.500000000000004 4.0604182568245646 20.500000000000004 5.5000000000000009 3.6819433087818081 3.8870841666935103 3.2360563169422236 3.250814583693912 14.500000000000002
decision_type=2 2 2 2 2 2 2 2 2 2 2 2 2 2 2 2 2 2 2 2 2 2 2 2 2 2 2 2 2 2
left_child=1 2 3 4 5 6 7 8 9 -1 11 -11 14 -14 15 -8 -17 18 19 20 21 -18 -19 -22 26 -26 27 -16 -29 -30
right_child=-2 -3 -4 -5 -6 -7 12 -9 -10 10 -12 -13 13 -15 24 16 17 22 -20 -21 23 -23 -24 -25 25 -27 -28 28 29 -31
leaf_value=-9.9796287197582927e-05 0.046524321110615482 0.058924913446709332 0.049314419092778679 0.049319072832275344 0.047162468757309534 0.038468827701871232 -0.0013332778092283322 0.018024867696359293 0.039508052349966682 -0.012800767893677321 0.048866574740026106 0.0051086991682564005 -0.069254477426204011 -0.0085234152796213741 -0.0012062250818097738 -0.030546819235286557 -0.026214431065941596 -0.010821845997553302 -0.045042657341177232 0.028586732420342365 0.0066141467783884791 0.02650465890857618 0.03385582718776825 -0.024148229829513566 0.018675439519513823 -0.010801319875886846 -0.012516120756352472 0.05057738002687482 0.011571776602575003 -0.017855224801281554
leaf_weight=1892.7636199370027 9.2369553595781309 4.4217073507606974 6.2167556583881369 6.3581025972962371 5.8244828507304183 8.2019376158714277 2804.0548688471317 38.618310816586018 7.0570623576641074 36.481181941926479 6.2611289806663981 496.60343256592751 3.7580902799963942 9.0608791932463628 262.9724191352725 29.660058349370956 7.3347089588642111 176.49156057834625 5.1393871009349814 23.906843483448029 19.13716433942318 24.92186875641346 5.585354581475257 26.138163045048714 55.95052782073617 14.992118906229733 50.345225051045418 7.4505312144756308 120.04030847549438 23.146347492933273
leaf_count=8179 302 32 44 44 33 53 12345 425 42 173 43 2085 21 54 1163 207 52 816 24 111 103 120 24 120 350 134 231 37 537 96
internal_value=1.02641e-05 -5.92707e-05 -0.000101511 -0.000151315 -0.000202361 -0.000247175 -0.000298826 0.00127613 0.00101096 0.000899252 0.00440528 0.00388308 -0.00136213 -0.0263277 -0.00127462 -0.00190557 -0.00694691 -0.00452195 0.00389933 0.00637897 -0.000468761 0.0145171 -0.00945132 -0.0111455 0.00240842 0.0124462 0.000873563 0.00250338 0.00897935 0.00681486
internal_weight=6188.13 6178.89 6174.47 6168.26 6161.9 6156.07 6147.87 2477.78 2439.17 2432.11 539.346 533.085 3670.09 12.819 3657.27 3122.37 318.315 288.655 106.578 101.439 77.5319 32.2566 182.077 45.2753 534.897 70.9426 463.955 413.61 150.637 143.187
internal_count=28000 27698 27666 27622 27578 27545 27492 10947 10522 10480 2301 2258 16545 75 16470 13922 1577 1370 530 506 395 172 840 223 2548 484 2064 1833 670 633
is_linear=0
shrinkage=0.05


Tree=65
num_leaves=31
num_cat=0
split_feature=40 7 40 41 7 41 38 11 38 11 38 38 38 40 40 7 41 38 38 40 7 12 41 38 38 40 38 11 38 38
split_gain=7.56052 5.45311 5.36245 3.76715 3.61223 3.60195 3.45201 2.89757 3.53705 2.78263 2.87422 6.02431 3.56279 2.65823 4.0589 4.71369 6.99037 5.23134 3.14298 2.7697 2.69938 2.66454 2.56475 2.72832 3.80884 2.46701 3.96404 4.85765 2.50494 4.20117
threshold=0.41042780748663105 1.0000000180025095e-35 0.15504807692307696 0.31414473684210531 2.5000000000000004 0.34166666666666673 3.3084829020490516 11.500000000000002 3.6809850782491051 11.500000000000002 3.4693760755761058 3.5020405073447978 3.5470132150399563 0.025657894736842109 0.032795698924731186 1.5000000000000002 0.20881782945736438 4.235498516310356 3.9759018339524688 0.096006144393241177 1.5000000000000002 7.5000000000000009 0.16100230414746547 3.8635368451664447 3.8240938637835225 0.078461538461538485 3.8331702983031941 16.500000000000004 3.8250573474530047 3.9024149211028321
decision_type=2 2 2 2 2 2 2 2 2 2 2 2 2 2 2 2 2 2 2 2 2 2 2 2 2 2 2 2 2 2
left_child=1 3 9 22 -4 6 -5 -8 -9 -3 -11 -12 -13 20 -15 17 -17 18 25 -19 -14 -22 23 24 -1 28 -27 -28 -16 -30
right_child=-2 2 4 5 -6 -7 7 8 -10 10 11 12 13 14 15 16 -18 19 -20 -21 21 -23 -24 -25 -26 26 27 -29 29 -31
leaf_value=0.0065001965167049165 0.046199508012108571 -0.024582376811530658 0.033039232411868312 -0.037779196413960325 -0.030409439077898122 0.019047588990614581 0.005152968235615907 -0.032279066334113718 0.0051290548936361001 0.023825909861868402 -0.038693582423000139 0.026687002044553806 0.0007224774897993929 0.066070885760882381 -0.022559937724168595 0.055316269635490814 -0.03137381709635427 0.0056123994540458718 0.034310396874305281 -0.075927533287554028 0.01512521632818116 -0.0085841163878657024 -0.00072685086945243878 0.0016688346170929094 0.036693955027013191 0.049140696995773774 -0.022510425628879394 0.056327302697712148 0.049122948471611631 -0.018431403819599023
leaf_weight=38.658098593354225 8.8466926123946887 9.0533006340265256 22.205027388408784 14.320407651364802 2.4952951185405245 8.1824560351669771 19.324567839503288 19.121492348611358 9.4379388839006406 16.69112141430378 8.6273425817489606 15.976525157690046 612.8670299500227 3.264627117663621 8.5113243609666842 2.8481745868921271 12.669773954898117 1.9254736676812161 21.749704334884882 2.2682857103645802 62.643520418554544 14.6148240044713 5035.8001346737146 170.72736281529069 14.311478599905966 8.0725505650043505 6.487599238753317 2.7959370091557503 4.5655919611453992 4.6408702284097672
leaf_count=184 302 46 367 117 21 54 119 158 49 73 37 68 2751 26 36 37 82 19 167 27 381 90 21701 859 66 53 37 32 20 21
internal_value=9.87653e-06 -5.62992e-05 0.00367548 -0.000647917 0.0266295 -0.0121386 -0.0162408 -0.00979946 -0.0199169 0.00298428 0.00329193 0.00286056 0.00331673 0.00283178 0.0114716 0.00914266 -0.0154627 0.0154003 0.0193776 -0.0384902 0.00183275 0.0106402 -0.00049414 0.00474457 0.014658 0.0101176 0.0235157 0.00123326 -0.003007 0.0150696
internal_weight=6183.7 6174.86 844.974 5329.88 24.7003 70.3869 62.2044 47.884 28.5594 820.274 811.22 794.529 785.902 769.925 79.7999 76.5353 15.5179 61.0173 56.8236 4.19376 690.125 77.2583 5259.5 223.697 52.9696 35.0739 17.3561 9.28354 17.7178 9.20646
internal_count=28000 27698 4391 23307 388 497 443 326 207 4003 3957 3884 3847 3779 557 531 119 412 366 46 3222 471 22810 1109 250 199 122 69 77 41
is_linear=0
shrinkage=0.05


Tree=66
num_leaves=31
num_cat=0
split_feature=10 29 24 31 36 0 39 10 38 10 11 38 39 38 0 11 41 6 38 39 39 0 39 38 38 39 39 38 39 38
split_gain=7.00596 5.61493 5.75386 4.98269 4.48625 3.64919 3.4703 3.58736 3.08673 4.37143 4.94344 2.98788 5.96711 3.04194 2.84044 4.69027 2.71453 2.65683 7.36949 5.66948 7.85324 5.84865 4.19262 6.17011 3.66351 2.82926 2.73173 3.89321 3.99909 3.13229
threshold=9.5000000000000018 1.0000000180025095e-35 1.0000000180025095e-35 1.0000000180025095e-35 1.0000000180025095e-35 29.500000000000004 3.1564536459234782 2.5000000000000004 4.030877617342794 3.5000000000000004 16.500000000000004 4.122235376922017 3.8797789142116303 4.3946488582442438 21.500000000000004 13.500000000000002 0.11884584342211461 1.5000000000000002 3.54641915521186 3.3276521565353132 3.3238656213382543 27.500000000000004 2.9161364536186212 3.7529533538348692 3.6901884542810257 3.3372426412558736 3.5465164544829775 3.8556271184800077 3.3791270321417142 3.7483615029509889
decision_type=2 2 2 2 2 2 2 2 2 2 2 2 2 2 2 2 2 2 2 2 2 2 2 2 2 2 2 2 2 2
left_child=1 2 3 4 5 8 -7 16 9 17 -11 -9 -13 -14 -10 -16 -8 -1 -19 20 21 22 -20 24 -24 -21 27 28 -27 -30
right_child=-2 -3 -4 -5 -6 6 7 11 14 10 -12 12 13 -15 15 -17 -18 18 19 25 -22 -23 23 -25 -26 26 -28 -29 29 -31
leaf_value=-0.00091034500381799324 0.039020257491906983 0.04820941034438244 0.047997157963545561 0.045934146313403278 0.037078325323497259 0.036220488863504319 0.039116014000741439 0.047909828173474465 0.043973838029424332 0.005839243864731173 0.058694823289371194 -0.061894672514548645 0.034751301103999328 -0.017339200574713561 -0.04645705548005577 0.004342025526951677 0.001825749304232829 -0.029588541948157118 0.020333009911264889 -0.039465680948606682 0.068121528119495608 0.059009470204583664 -0.0066795671567760548 0.0091858249503713168 -0.031924212854679612 -0.034305600966586955 -0.020650039992798169 0.0064175133958780236 0.032287463438513103 -0.011099546011707796
leaf_weight=4680.1231646351516 11.487778047099708 6.0181551128625861 6.2092714495956889 5.8576715365052214 8.0590406283736211 7.8858092203736296 4.9185957908630362 7.4666480161249664 4.4146468341350547 145.23625617101789 4.5626946985721579 2.4698484800756004 11.390897598117588 3.7173151187598696 4.6129969581961623 303.21976016834378 626.15106139704585 29.036992840468884 21.043282613158226 8.2219121158122999 4.464531034231185 4.2296653836965552 69.904497727751732 57.550424754619598 18.090562105178833 16.43250584602356 36.553839862346649 42.703884303569794 5.0793174356222179 22.98113389313221
leaf_count=20051 371 44 44 35 53 38 39 83 24 838 27 26 159 56 43 1446 2964 208 112 39 20 18 345 265 84 76 167 195 23 107
internal_value=9.71979e-06 -6.29294e-05 -0.00011007 -0.000158591 -0.000202489 -0.000251402 0.0032492 0.00285292 -0.000675682 -0.00096746 0.00744916 0.0214117 0.010156 0.0219346 0.00415187 0.00358078 0.00211639 -0.0012188 -0.00551144 -0.00323605 0.00265732 0.000946344 -0.000527871 -0.00354398 -0.0118695 -0.0110635 -0.00917647 -0.00436663 -0.0147171 -0.00324592
internal_weight=6180.09 6168.61 6162.59 6156.38 6150.52 6142.46 664 656.114 5478.46 5166.21 149.799 25.0447 17.5781 15.1082 312.247 307.833 631.07 5016.42 336.293 307.256 175.283 170.818 166.589 145.545 87.9951 131.973 123.751 87.1968 44.493 28.0605
internal_count=28000 27629 27585 27541 27506 27453 3365 3327 24088 22575 865 324 241 215 1513 1489 3003 21710 1659 1451 844 824 806 694 429 607 568 401 206 130
is_linear=0
shrinkage=0.05


Tree=67
num_leaves=31
num_cat=0
split_feature=40 29 24 31 36 38 0 7 39 38 39 38 39 39 0 40 11 39 40 39 38 39 38 11 39 7 11 39 11 7
split_gain=6.8406 5.21745 5.31913 4.59169 4.11293 3.52452 3.62896 4.32858 3.73102 3.50806 5.43181 7.48076 5.3056 5.3335 4.05041 3.27446 7.70894 3.1162 5.96017 5.83798 4.23608 3.05892 7.47161 4.8126 4.27799 4.58866 3.70591 3.4433 5.29103 3.13767
threshold=0.41042780748663105 1.0000000180025095e-35 1.0000000180025095e-35 1.0000000180025095e-35 1.0000000180025095e-35 4.030877617342794 37.500000000000007 2.5000000000000004 3.8768917467430883 3.9689600969190457 3.6144040884350921 3.7719580414191989 3.6836992761039777 3.7014556151804201 32.500000000000007 0.28759398496240607 13.500000000000002 3.7556188283926306 0.067424242424242428 3.7501463298083348 3.9842089422158389 3.6254072918469564 3.9740828388968077 21.500000000000004 3.5772185880117249 1.0000000180025095e-35 18.500000000000004 3.5375986596785869 16.500000000000004 1.0000000180025095e-35
decision_type=2 2 2 2 2 2 2 2 2 2 2 2 2 2 2 2 2 2 2 2 2 2 2 2 2 2 2 2 2 2
left_child=1 2 3 4 5 6 7 8 9 10 -1 -12 14 -14 21 16 -7 18 19 20 -15 24 26 -24 27 -26 -23 -11 -29 -30
right_child=-2 -3 -4 -5 -6 15 -8 -9 -10 12 11 -13 13 17 -16 -17 -18 -19 -20 -21 -22 22 23 -25 25 -27 -28 28 29 -31
leaf_value=-0.00076319252185716707 0.045622541367649788 0.047141655751118859 0.046700714134433288 0.044557926633191053 0.035791087878092327 -0.059793553994083593 0.019819979339198938 -0.041235574594153196 0.036532560147672297 -0.0027712344997148659 0.039114226897997748 0.0040197485185854386 -0.035175821247927522 0.022150931368481161 -0.028737177590389754 0.044143875253152685 0.0038172566816002591 -0.016723340370992788 0.05253332617916278 0.049019923375767036 -0.017833853371971329 0.00059058611649511514 0.039238427619653723 0.0067171271000065376 -0.023766441544147546 0.010682957389342261 -0.053146150416234987 -0.030126001704531852 0.014430783779956447 0.054785457394273755
leaf_weight=4747.440029092133 8.2087337896227819 5.8510202132165423 6.0662386678159228 5.7396961972117415 7.9346586391329756 4.8059459067881098 21.667301885783672 6.5723344311118117 6.7441544793546191 144.21359470486641 15.863883294165133 354.70964661985636 22.885964214801788 8.0610714554786664 12.920535251498221 4.9396114367991677 531.98238712176681 58.544866491109133 4.8933408036828032 4.4986380189657202 37.153781473636627 6.9974379390478116 18.01410473883152 30.870382338762283 39.542909473180771 12.793838970363138 5.9252482354640961 5.8825310617685309 28.891700074076653 5.7805471718311301
leaf_count=20764 302 44 44 35 53 28 128 36 38 619 70 1549 98 36 60 90 2852 267 30 20 163 30 83 131 165 64 25 28 118 30
internal_value=9.38093e-06 -5.13219e-05 -9.61307e-05 -0.000142243 -0.000183958 -0.000230428 -0.000602912 -0.000682226 -0.000634397 -0.000679432 -0.000308101 0.00552211 -0.0049228 -0.0131621 -0.00132838 0.00362064 0.00324774 -0.00870967 -0.000118089 -0.00530061 -0.0107052 -0.000143625 0.00976317 0.0187013 -0.00272607 -0.0153452 -0.0240485 0.000848376 0.0137198 0.0211587
internal_weight=6176.4 6168.19 6162.34 6156.27 6150.53 6142.6 5600.87 5579.2 5572.63 5565.88 5118.01 370.574 447.87 136.038 311.833 541.728 536.788 113.152 54.6068 49.7135 45.2149 298.912 61.8072 48.8845 237.105 52.3367 12.9227 184.768 40.5548 34.6722
internal_count=28000 27698 27654 27610 27575 27522 24552 24424 24388 24350 22383 1619 1967 614 1353 2970 2880 516 249 219 199 1293 269 214 1024 229 55 795 176 148
is_linear=0
shrinkage=0.05


Tree=68
num_leaves=31
num_cat=0
split_feature=40 29 24 31 36 39 39 40 11 0 38 40 12 40 0 6 38 39 39 38 40 38 0 39 38 0 39 39 38 38
split_gain=6.45686 4.84965 4.91831 4.23313 3.77174 3.29306 5.89984 3.37518 4.03604 5.3066 3.75125 2.93822 2.86212 6.23844 2.82171 3.04235 6.78236 5.45725 3.82327 8.92922 4.96856 3.86472 6.09067 4.25701 4.53564 3.46766 4.36979 3.8162 3.16988 6.15765
threshold=0.41042780748663105 1.0000000180025095e-35 1.0000000180025095e-35 1.0000000180025095e-35 1.0000000180025095e-35 3.9022431950643792 3.914421688532927 0.19292803970223329 21.500000000000004 27.500000000000004 4.3946488582442438 0.097167584579071611 7.5000000000000009 0.033908045977011504 37.500000000000007 1.5000000000000002 3.54641915521186 2.9161364536186212 3.3293288462733837 3.6901884542810257 0.25357142857142861 3.6819433087818085 23.500000000000004 3.5071353490160777 3.5470132150399563 28.500000000000004 3.085551857534758 3.1564536459234782 3.5842434495629507 3.6637018666367642
decision_type=2 2 2 2 2 2 2 2 2 2 2 2 2 2 2 2 2 2 2 2 2 2 2 2 2 2 2 2 2 2
left_child=1 2 3 4 5 12 -7 8 9 -8 11 -10 14 -14 15 18 -17 -18 25 21 -21 23 -23 24 -20 28 -27 -28 -1 -30
right_child=-2 -3 -4 -5 -6 6 7 -9 10 -11 -12 -13 13 -15 -16 16 17 -19 19 20 -22 22 -24 -25 -26 26 27 -29 29 -31
leaf_value=0.0003313496694258497 0.04528212850229546 0.046095698807645746 0.045432955618479841 0.043224654896122566 0.034542293254014506 0.049928525088434698 -0.048375864907005094 0.035304411915138514 0.0073603730162758903 0.013646713748979196 -0.042023239576725366 0.05616642341221089 -0.00096767304187169291 -0.070228237277464231 0.014527752043822423 -0.027741536779649759 0.021429838968710042 -0.0041892008414416617 0.038797758675520211 0.0002988666106279415 0.029520701874201916 0.049006339958278682 0.0038000118782433416 0.038543968847368132 0.0041003646725879242 -0.028147577914880435 0.05703307804507627 0.011682299733132572 -0.0078631353855917029 -0.0010469815965101258
leaf_weight=1213.0238495916128 7.8656210843473664 5.6887505538761607 5.9273067303001872 5.6238805204629889 7.8135739229619494 7.9883457124233237 8.1727389618754369 8.4659028965979797 65.00654486566782 5.9663907811045638 3.6989443339407435 3.2373060286045066 10.768079698085783 4.6574133560061446 31.853059835731983 29.176095273345709 22.01693357899785 372.04822593182325 10.090679839253424 2505.7408853136003 14.631351903080938 16.138428077101711 13.841061085462568 11.060057327151297 141.40491144359112 6.0811451971530905 5.2599004656076422 39.281720072031021 470.37589785829186 1120.9848548844457
leaf_count=5602 302 44 44 35 53 50 44 184 423 56 42 41 60 29 187 216 119 1705 43 10774 181 67 58 48 583 28 24 170 2010 4778
internal_value=9.34562e-06 -4.84061e-05 -9.10178e-05 -0.000134862 -0.00017452 -0.000218693 0.00866667 0.00518045 0.00221785 -0.0222037 0.0070175 0.0096756 -0.000369571 -0.0218795 -0.000314482 -0.000393394 -0.00448008 -0.00275783 -8.27469e-05 0.00126134 0.000468506 0.0116399 0.0281353 0.00859771 0.00641146 -0.00135994 0.0116098 0.0170378 -0.00159406 -0.00306171
internal_weight=6173.89 6166.02 6160.34 6154.41 6148.78 6140.97 102.536 94.5478 86.0819 14.1391 71.9428 68.2439 6038.43 15.4255 6023.01 5991.16 423.241 394.065 5567.91 2712.91 2520.37 192.535 29.9795 162.556 151.496 2855.01 50.6228 44.5416 2804.38 1591.36
internal_count=28000 27698 27654 27610 27575 27522 840 790 606 100 506 464 26682 89 26593 26406 2040 1824 24366 11754 10955 799 125 674 626 12612 222 194 12390 6788
is_linear=0
shrinkage=0.05


Tree=69
num_leaves=31
num_cat=0
split_feature=40 29 24 31 7 40 41 41 41 38 38 41 11 38 28 40 40 41 11 41 38 38 11 40 40 38 38 40 38 38
split_gain=6.09342 4.50745 4.54694 3.90259 3.45559 5.01629 3.15804 3.12452 3.22545 3.3443 2.97763 3.00132 2.50119 3.21831 2.26015 2.17916 2.9741 2.86624 2.38226 3.81536 5.97889 2.90793 2.35839 2.19006 5.37372 4.23267 4.12365 2.41809 2.14267 7.55548
threshold=0.41042780748663105 1.0000000180025095e-35 1.0000000180025095e-35 1.0000000180025095e-35 1.0000000180025095e-35 0.15075757575757578 0.31909090909090915 0.31414473684210531 0.34166666666666673 3.3084829020490516 3.3299574648874768 0.34166666666666673 11.500000000000002 3.6809850782491051 1.0000000180025095e-35 0.39565217391304358 0.26568627450980398 0.11884584342211461 17.500000000000004 0.21913109756097562 3.8694540037139569 3.5771824039098052 16.500000000000004 0.049390243902439034 0.054093567251461992 3.4842291702451242 3.8841694071874975 0.15707236842105265 3.9102061097784131 3.9576176145808422
decision_type=2 2 2 2 2 2 2 2 2 2 2 2 2 2 2 2 2 2 2 2 2 2 2 2 2 2 2 2 2 2
left_child=1 2 3 4 7 10 28 14 9 -9 -6 -12 -11 -14 15 16 17 -1 19 20 22 -20 -19 -21 25 -25 -26 -28 -7 -30
right_child=-2 -3 -4 -5 5 6 -8 8 -10 12 11 -13 13 -15 -16 -17 -18 18 21 23 -22 -23 -24 24 26 -27 27 -29 29 -31
leaf_value=0.037763966801724745 0.044935196973873368 0.045069441784664745 0.044192085402637776 0.041931020583085891 0.040336540118252738 0.055016032854996823 -0.048652314695021855 -0.036737863105075368 0.01818866916920819 0.0049847680098868878 0.0021714966985712562 -0.033382619125257064 -0.030669467632019207 0.005298900778658697 0.031458418473999356 -0.032398684648063114 0.011880863981920927 -0.01542580832500301 0.006595288379004605 -0.0020488960355842466 -0.0008481092710802212 -5.0685577789821481e-05 -0.041797860725715792 0.052151794922007923 0.001844162170245427 0.01101882791116301 -0.0055385257056988135 -0.029634015222635424 -0.095269106120675739 0.029730020823800708
leaf_weight=4.8611060194671145 7.5383316762745372 5.5314015969634047 5.7925187274813643 5.5104357190430155 5.0723262131214133 6.0055386219173732 1.37734194099903 13.869707502424715 8.22987352311611 19.364718183875084 796.68075977638364 5.9802577644586554 18.28602930158377 9.4242931157350522 5.527948021888732 5.3584886454045764 48.084396302700043 17.17988870292902 176.13275865465403 2037.9294555336237 46.629059407860041 2511.7248644605279 16.735969543457031 7.1179489493370047 270.62963396310806 51.54194863140583 27.687081873416901 16.687965661287308 1.3063294719904686 16.207826279103756
leaf_count=42 302 44 44 35 24 71 6 117 54 119 3861 33 158 49 26 36 341 78 742 9102 228 10511 69 35 1144 214 118 73 16 308
internal_value=9.21641e-06 -4.574e-05 -8.62715e-05 -0.000127968 -0.00016568 0.00282929 0.0249345 -0.000635038 -0.0111921 -0.0151596 0.00214793 0.0019066 -0.00880203 -0.0184366 -0.000495773 -0.000529494 -0.000496861 -0.000611652 -0.000647665 -0.00176123 -0.0124662 0.000384819 -0.0284392 -0.0014037 0.00211514 0.01601 -0.000472349 -0.0146 0.0292439 0.0204067
internal_weight=6170.01 6162.47 6156.94 6151.14 6145.63 832.63 24.897 5313 69.1746 60.9447 807.733 802.661 47.075 27.7103 5243.83 5238.3 5232.94 5184.86 5180 2492.14 80.5449 2687.86 33.9159 2411.59 373.665 58.6599 315.005 44.375 23.5197 17.5142
internal_count=28000 27698 27654 27610 27575 4319 401 23256 497 443 3918 3894 326 207 22759 22733 22697 22356 22314 11061 375 11253 147 10686 1584 249 1335 191 395 324
is_linear=0
shrinkage=0.05


Tree=70
num_leaves=31
num_cat=0
split_feature=40 29 24 36 39 39 40 11 1 7 41 41 39 38 38 41 41 39 38 41 12 40 1 6 38 39 41 39 38 39
split_gain=5.74923 4.18895 4.2028 3.50209 3.15948 5.42371 2.96236 3.66562 4.85794 3.54714 3.07635 2.66612 3.65484 4.36132 3.93359 3.53352 6.0316 2.73644 2.71388 2.61084 2.59422 5.6256 2.56688 2.78617 7.737 5.10434 2.88529 3.63258 2.68041 2.94819
threshold=0.41042780748663105 1.0000000180025095e-35 1.0000000180025095e-35 1.0000000180025095e-35 3.9022431950643792 3.914421688532927 0.19292803970223329 21.500000000000004 18.500000000000004 3.5000000000000004 0.15184453227931491 0.20256410256410259 3.9482810599910683 4.1904138032371039 4.137189849698534 0.16247642991829042 0.15707236842105265 3.9705743148392902 4.0839003475882114 0.17974358974358975 7.5000000000000009 0.033908045977011504 8.5000000000000018 1.5000000000000002 3.54641915521186 2.9161364536186212 0.17974358974358975 3.7838244546904183 4.0988672426813979 3.3276521565353132
decision_type=2 2 2 2 2 2 2 2 2 2 2 2 2 2 2 2 2 2 2 2 2 2 2 2 2 2 2 2 2 2
left_child=1 2 3 4 20 -6 7 8 -7 11 -8 12 13 14 18 16 -14 -13 -9 -17 22 -22 -1 -24 -25 -26 -27 28 29 -28
right_child=-2 -3 -4 -5 5 6 10 9 -10 -11 -12 17 15 -15 -16 19 -18 -19 -20 -21 21 -23 23 24 25 26 27 -29 -30 -31
leaf_value=-0.0052141624400581345 0.044581314934981714 0.044061039232248897 0.042976558521778431 0.033488808395386781 0.048683050599861916 -0.045320699101376045 -0.048591137699640963 -0.031838865179698264 0.013694936868866079 -0.042409393686395278 0.045783950623938537 0.060062255537220458 0.014876875402968243 0.029766906787754316 -0.052102356554929535 0.053618845871519064 -0.055669091608899803 0.0019252661899369335 0.016428013970832159 0.012688587093549598 -0.0010283419935117797 -0.067035647443172031 0.0002656686648217423 -0.029386846031882508 0.021296768084576215 0.01542867376462894 0.00079359225673641303 -0.031857109710343529 0.028677200305729664 -0.0085611212383693205
leaf_weight=250.51563765853643 7.2261793930083504 5.3789999149739733 5.6618941128253928 7.7405830807983866 7.7766435705125323 8.3122550547122938 0.98366365581750681 5.0180582553148323 6.0070371888577929 3.4419294074177733 7.0684371087700129 4.9072495624423009 17.230230201035742 5.5256236642599097 6.5205512493848792 8.0925964675843698 3.6763848029077044 3.4449531883001328 6.9398946985602379 7.5133232511579982 10.762930542230604 4.6107631251215926 5345.7885958272964 27.907847061753273 21.928071439266205 19.068097189068794 157.64965926110744 11.763388708233832 6.3134632706642142 180.83343357592821
leaf_count=1446 302 44 44 54 50 44 21 23 57 23 163 31 132 33 35 77 27 29 35 70 60 29 23118 213 118 77 748 50 27 820
internal_value=8.94492e-06 -4.33558e-05 -8.19122e-05 -0.00012157 -0.000163945 0.00854265 0.00524575 0.00254941 -0.0205633 0.00712628 0.0342549 0.00960197 0.00594719 -0.00920741 -0.0208619 0.0159102 0.00247151 0.036083 -0.00382679 0.0339134 -0.000311708 -0.0208248 -0.000259338 -4.42616e-05 -0.00393841 -0.00215197 -0.00352084 -0.00453422 -0.00360205 -0.00420413
internal_weight=6165.61 6158.38 6153 6147.34 6139.6 102.459 94.6822 86.6301 14.3193 72.3108 8.0521 68.8689 60.5167 24.0041 18.4785 36.5125 20.9066 8.3522 11.958 15.6059 6037.14 15.3737 6021.77 5771.25 425.464 397.556 375.628 356.56 344.797 338.483
internal_count=28000 27698 27654 27610 27556 850 800 616 101 515 184 492 432 126 93 306 159 60 58 147 26706 89 26617 25171 2053 1840 1722 1645 1595 1568
is_linear=0
shrinkage=0.05


Tree=71
num_leaves=31
num_cat=0
split_feature=40 7 40 39 39 11 41 38 40 11 38 38 38 39 1 38 39 39 6 28 39 38 39 38 40 39 39 11 38 41
split_gain=5.42317 3.95969 4.39784 3.3148 6.85474 3.78115 2.72292 2.63773 3.56257 2.24082 2.52229 5.5593 3.28913 2.41354 4.63161 2.34069 4.74471 3.79738 2.12942 2.12713 2.08338 5.87614 3.24048 3.21549 11.7828 4.33476 3.75496 13.4756 3.31826 2.88593
threshold=0.41042780748663105 1.0000000180025095e-35 0.15075757575757578 3.8523331503537412 3.6819433087818081 9.5000000000000018 0.27888888888888896 4.137189849698534 0.22048611111111113 11.500000000000002 3.4693760755761058 3.5020405073447978 3.5470132150399563 3.2360563169422236 11.500000000000002 3.6422606651904035 3.2408350000536879 3.3238656213382543 1.5000000000000002 1.0000000180025095e-35 2.6435987411598707 3.3818344678678467 2.2663326399706238 3.4209799704839883 0.10435571687840291 3.1700299469352529 2.7206113102771714 14.500000000000002 3.4301826802983593 0.26006441223832533
decision_type=2 2 2 2 2 2 2 2 2 2 2 2 2 2 2 2 2 2 2 2 2 2 2 2 2 2 2 2 2 2
left_child=1 6 9 4 5 -4 19 8 -6 -3 -11 -12 -13 14 -14 17 -17 -15 -16 20 21 22 -1 24 25 29 27 -25 -28 -22
right_child=-2 2 3 -5 7 -7 -8 -9 -10 10 11 12 13 15 18 16 -18 -19 -20 -21 23 -23 -24 26 -26 -27 28 -29 -30 -31
leaf_value=0.018857030712401551 0.044220063115070311 -0.022480903498554403 -0.029276055359388427 0.047641881314905203 -0.017704038453206356 0.044234095701549292 -0.0048044062513991487 0.013610282380038006 -0.13286494897485829 0.022007827213498428 -0.037660313364186612 0.025292029252594689 0.013938219544296132 -0.00015417244378367075 -0.010492572193351304 0.03617082025477443 0.0022826262652738257 0.044725909336689601 -0.044521230398160638 0.03059438962298501 0.0081507799393494545 0.0071786630771917895 -0.027422421446620066 -0.0082112043170837739 0.069654637426527194 0.044680503376031494 -0.024797154793834951 0.081867571955931695 -0.00043204239046828005 -0.0046258772958639796
leaf_weight=4.2648494839668265 6.9285045638680449 8.8590640723705274 2.1795307360589531 9.2690640240907651 1.3491281531751154 8.862345075234769 350.38949919119477 1.2206775862723587 1.3372139725834129 16.742405787110329 8.5679286271333677 15.972206130623816 21.071805268526077 10.176170974969866 50.762335084378719 10.493736751377581 657.459563087672 8.7795842885971052 5.0552434474229804 5.5855381935834876 97.077369943261147 31.073076099157333 33.439951464533806 12.384712919592859 7.0452619045972815 6.2553352415561667 14.015738308429716 6.2456506043672553 4668.6678132303059 81.135999262332916
leaf_count=21 302 46 13 214 18 114 2033 19 23 73 37 68 92 43 213 44 3312 39 23 27 419 143 158 56 31 30 59 27 19944 359
internal_value=8.82514e-06 -4.09362e-05 0.00315321 0.0241501 0.00958396 0.0297241 -0.000544398 -0.0473353 -0.0750291 0.00252847 0.00280367 0.00239582 0.00283595 0.00236635 -0.00603451 0.00330671 0.00281502 0.0206326 -0.0135745 -0.000243893 -0.00027861 -0.00892029 -0.0221877 -0.000157135 0.00619358 0.00376987 -0.000415839 0.0219868 -0.00050497 0.00233389
internal_weight=6162.67 6155.74 838.158 24.218 14.9489 11.0419 5317.58 3.90702 2.68634 813.94 805.081 788.339 779.771 763.798 76.8894 686.909 667.953 18.9558 55.8176 4967.19 4961.61 68.7779 37.7048 4892.83 191.514 184.469 4701.31 18.6304 4682.68 178.213
internal_count=28000 27698 4391 401 187 127 23307 60 41 3990 3944 3871 3834 3766 328 3438 3356 82 236 21274 21247 322 179 20925 839 808 20086 83 20003 778
is_linear=0
shrinkage=0.05


Tree=72
num_leaves=31
num_cat=0
split_feature=40 29 24 31 36 41 28 39 41 38 11 7 38 39 40 39 10 40 39 11 40 38 0 11 11 38 39 39 39 39
split_gain=5.11437 3.89501 3.88288 3.56328 3.16123 2.72349 3.6404 3.00702 3.30449 4.2608 4.58395 3.13017 3.03237 2.82874 2.64254 3.22012 5.67665 2.51813 2.22729 2.96603 2.20649 4.32967 4.72973 7.67818 3.91305 3.07719 3.02685 3.3587 4.31545 3.20952
threshold=0.41042780748663105 1.0000000180025095e-35 1.0000000180025095e-35 1.0000000180025095e-35 1.0000000180025095e-35 0.21525096525096529 1.0000000180025095e-35 3.9705743148392902 0.20761494252873566 3.8964897487335972 17.500000000000004 1.0000000180025095e-35 4.1505187135146189 3.939700639726563 0.025657894736842109 4.2176182668337079 5.5000000000000009 0.078461538461538485 3.3510810516731371 21.500000000000004 0.13188405797101452 4.122235376922017 26.500000000000004 18.500000000000004 17.500000000000004 4.1904138032371039 2.874070339756567 3.0026574284471397 3.1294016334093855 3.107674594476435
decision_type=2 2 2 2 2 2 2 2 2 2 2 2 2 2 2 2 2 2 2 2 2 2 2 2 2 2 2 2 2 2
left_child=1 2 3 4 5 6 7 8 20 10 -10 18 -9 -7 -14 -16 -17 -15 -11 -20 24 -22 -23 -24 -1 26 -26 -28 29 -29
right_child=-2 -3 -4 -5 -6 13 -8 12 9 11 -12 -13 14 17 15 16 -18 -19 19 -21 21 22 23 -25 25 -27 27 28 -30 -31
leaf_value=-0.037568071720768828 0.043851046415220592 0.043094045491690325 0.041799933746575944 0.040579116455444111 0.032145027475620667 -0.00098237663387788169 0.037255138672528165 0.058947310109663455 -0.031067315048635483 0.031256730349303478 0.0023677707518830523 0.026173969210829692 -0.0028167152685426517 -0.050929816502026548 0.03821411636622507 -0.10002249939301676 0.0314250175391921 -0.0004098075637561508 0.0083855398422869321 -0.020687083037408221 0.033737902324400396 0.042434663691904038 -0.11027900924711181 0.016777005448683616 0.038458977975627764 0.017754202356652392 -0.02281785491747371 0.0072596811084306295 -0.00074973509073648144 0.038607805379495944
leaf_weight=7.0482850521802893 6.6446715509518972 5.229548528790473 5.5307777673006049 5.3751000277698031 7.5687138549983493 3648.3030177541077 6.9402488693594924 3.5810542143881312 10.537719808518885 9.3895275443792325 377.03528748452663 28.850962813943624 17.454409010708332 5.3652479201555234 11.785660956054924 1.2856903150677674 2.2741884589195251 4.565412625670433 103.01531998813152 9.5896368920803052 12.807699138298632 2.4014139696955672 2.2661381494253874 2.5017932336777449 4.97923520207405 23.453291714191437 16.820344924926758 31.678008154034615 1774.6050874963403 11.000341609120367
leaf_count=29 302 44 44 35 53 16490 44 31 49 38 1557 175 135 28 197 16 51 43 438 45 129 21 27 37 23 135 69 131 7538 46
internal_value=8.59487e-06 -3.87491e-05 -7.54382e-05 -0.000113143 -0.000148783 -0.000188659 0.00109365 0.000991809 0.000778013 0.00423359 0.0014587 0.0113632 0.0152601 -0.00105492 0.0104904 0.0256261 -0.0160487 -0.0277043 0.00786055 0.00590966 -0.000206632 0.0163224 -0.0147896 -0.0436111 -0.000383249 -0.000242533 -0.00047204 -0.00057773 -0.000371881 0.0153397
internal_weight=6159.88 6153.24 6148.01 6142.48 6137.1 6129.54 2471.3 2464.36 2427.98 538.418 387.573 150.845 36.381 3658.23 32.7999 15.3455 3.55988 9.93066 121.994 112.605 1889.56 19.977 7.16935 4.76793 1869.58 1862.54 1839.08 1834.1 1817.28 42.6783
internal_count=28000 27698 27654 27610 27575 27522 10961 10917 10487 2302 1606 696 430 16561 399 264 67 71 521 483 8185 214 85 64 7971 7942 7807 7784 7715 177
is_linear=0
shrinkage=0.05


Tree=73
num_leaves=31
num_cat=0
split_feature=40 29 24 31 36 0 40 41 38 39 41 7 39 39 39 39 41 38 39 39 0 41 38 39 0 41 39 11 39 39
split_gain=4.82182 3.61852 3.58718 3.28436 2.89698 2.62418 3.77545 4.5064 2.84295 4.34312 4.2417 4.38764 3.11231 6.7567 6.01283 3.59134 3.77808 2.96029 2.81393 6.69001 2.67236 3.11187 2.59874 5.43386 5.24893 5.79096 4.543 4.27724 4.27067 2.59585
threshold=0.41042780748663105 1.0000000180025095e-35 1.0000000180025095e-35 1.0000000180025095e-35 1.0000000180025095e-35 29.500000000000004 0.025657894736842109 0.21913109756097562 3.9576176145808422 3.4844403611550336 0.12632978723404256 1.0000000180025095e-35 3.7501463298083348 3.6637018666367642 3.7556188283926306 3.5944740717404371 0.16336256195196344 4.0695627870516775 3.7407774116777821 3.7085490736766134 32.500000000000007 0.19538706256627789 4.0663258460011615 3.8523331503537412 37.500000000000007 0.14670014347202298 3.9107409774580582 27.500000000000004 3.8224980385805121 3.8500864429761346
decision_type=2 2 2 2 2 2 2 2 2 2 2 2 2 2 2 2 2 2 2 2 2 2 2 2 2 2 2 2 2 2
left_child=1 2 3 4 5 -1 8 -8 -7 -10 -11 12 13 15 -14 16 -12 18 19 20 21 -13 -16 27 25 -25 -27 28 -24 -19
right_child=-2 -3 -4 -5 -6 6 7 -9 9 10 11 17 14 -15 22 -17 -18 29 -20 -21 -22 -23 23 24 -26 26 -28 -29 -30 -31
leaf_value=-0.00053897726227091543 0.043473890551118499 0.04211578461193851 0.040630392201260614 0.039356527101438728 0.031001938182918659 0.0052907140206344926 0.022559923398259876 -0.027846182674983962 0.053017283643765789 0.032381846495395036 -0.039147207265297912 0.055664784807466297 0.046192508418684067 -0.027538935244614322 -0.015290278079531275 0.0089132903318646355 0.0040395613143893597 -0.01402902948283204 0.02756828058790179 -0.050937289812672551 -0.0074096145616233573 0.0073275501753812949 -0.01437981695026929 0.035543041160851489 -0.061080008436035199 -0.043719947073044316 0.0004920045818506242 0.042376054230781293 0.040786018797791541 0.0081559863513435468
leaf_weight=5465.6181613449007 6.3740697521716347 5.0871193669736376 5.4086262620985499 5.2677359655499449 7.4582556672394267 298.3825221285224 39.370074449107051 4.9968568459153166 3.6120145320892325 8.6622170284390432 10.300871536135675 5.9732788503170067 6.2595411986112586 46.555650174617767 35.075278073549271 32.450767531991005 9.9615563303232175 25.969842448830605 21.993271484971046 4.6704300791025153 8.2441692277789098 7.5232996717095375 11.599136292934423 7.2558597400784484 4.5677273645997039 8.9735207408666628 16.483355030417442 11.108802631497381 5.0295314043760291 26.785232491791248
leaf_count=24092 302 44 44 35 53 1326 466 39 15 64 44 28 27 199 153 138 41 144 125 26 44 37 49 46 28 40 88 50 22 191
internal_value=8.66294e-06 -3.63812e-05 -7.12736e-05 -0.000107126 -0.000141012 -0.000178919 0.00279468 0.0168829 0.00178235 -0.00149869 -0.00212293 -0.0030972 -0.00729132 -0.0136585 -0.00134827 -0.0013994 -0.0179154 0.00542795 0.0143574 0.00335629 0.0150198 0.0287205 -0.00432133 0.0015961 -0.010872 -0.00386139 -0.0150927 0.0183538 0.00230572 -0.00276507
internal_weight=6157.02 6150.64 6145.56 6140.15 6134.88 6127.42 661.805 44.3669 617.438 319.055 315.443 306.781 205.622 99.2688 106.353 52.7132 20.2624 101.16 48.4044 26.4112 21.7407 13.4966 100.093 65.0179 37.2805 32.7127 25.4569 27.7375 16.6287 52.7551
internal_count=28000 27698 27654 27610 27575 27522 3430 505 2925 1599 1584 1520 925 422 503 223 85 595 260 135 109 65 476 323 202 174 128 121 71 335
is_linear=0
shrinkage=0.05


Tree=74
num_leaves=31
num_cat=0
split_feature=40 29 24 31 39 38 0 0 28 38 38 40 40 39 39 40 0 39 38 39 38 38 38 39 38 38 38 38 39 39
split_gain=4.54474 3.36095 3.31309 3.02689 2.68736 10.4581 4.96055 3.41516 3.36517 2.85862 4.32779 2.72306 4.07372 3.51822 6.14904 3.29227 3.36853 2.80854 4.75124 3.70256 3.04464 3.19434 3.71211 2.51709 6.20416 2.45498 4.33046 2.36903 2.71325 2.64772
threshold=0.41042780748663105 1.0000000180025095e-35 1.0000000180025095e-35 1.0000000180025095e-35 3.591483651618089 3.7547497328258266 22.500000000000004 37.500000000000007 1.0000000180025095e-35 4.0906847176827297 4.0604182568245646 0.057983193277310933 0.032795698924731186 3.6248401734868243 3.6254072918469564 0.025657894736842109 24.500000000000004 3.6138533799660322 3.8563805301751684 3.6144040884350921 3.999117158513001 3.9233088607576558 3.9691044588670015 3.5772185880117249 4.0179089951977423 3.9233088607576558 3.978598834686681 4.1904138032371039 3.9699956519455788 3.9022431950643792
decision_type=2 2 2 2 2 2 2 2 2 2 2 2 2 2 2 2 2 2 2 2 2 2 2 2 2 2 2 2 2 2
left_child=1 2 3 4 7 -6 -7 9 11 10 23 12 15 -13 -15 16 -8 18 -18 -19 21 -20 -23 -1 -25 -14 -27 -21 29 -29
right_child=-2 -3 -4 -5 5 6 8 -9 -10 -11 -12 13 25 14 -16 -17 17 19 20 27 -22 22 -24 24 -26 26 -28 28 -30 -31
leaf_value=-0.00055806852334121118 0.043088242382410331 0.041151138811675966 0.039482787536410359 0.038165947860686431 0.043705831171490357 -0.028300018810449093 0.0090075605150452334 0.038666961303678533 0.047658015502823163 -0.031550782872999131 0.025069592380073238 0.044474965955900683 -0.054580921771432457 -0.043495287053628658 0.0095509462822725693 0.042432759182761265 0.059401650014482957 -0.019736696132764936 0.021605178265816448 -0.00050381107835134728 0.038623710501441776 -0.049358734058754003 0.011282896267938651 -0.0041689821822947486 -0.044214871765757321 0.032314557145865022 -0.02297514728230593 0.0091431054390224732 -0.0030776081948808982 0.044647330053413543
leaf_weight=4868.9409761000425 6.1161119993776074 4.9495770782232276 5.2905813604593268 5.163153424859046 14.875691868364809 13.788116902112959 120.16216303408146 5.5216719061136237 3.9993445612490168 7.4863591864705077 16.326742850244045 6.5626809000968924 4.0051210820674923 5.7618905752897254 105.34537144564092 4.8606011159718028 5.081141188740733 24.213576287031174 7.0105368793010774 748.49484081938863 5.4083461016416541 5.640937462449072 4.5665191411972046 84.08316682651639 10.928909197449682 4.4110430479049709 17.964978616684675 12.610472805798056 16.330743011087179 8.9979439824819547
leaf_count=21346 302 44 44 35 67 58 510 34 33 32 75 41 17 35 906 35 22 103 32 3406 24 24 20 359 46 19 87 66 122 56
internal_value=8.71219e-06 -3.41384e-05 -6.7318e-05 -0.000101405 -0.000133619 0.00205669 0.00150608 -0.000633721 0.00187585 -0.000677229 -0.00063082 0.00171051 0.000855623 0.00890124 0.00680003 0.00138645 0.0011783 5.61265e-05 0.0157097 -0.000478904 0.00589792 -0.00438158 -0.0222294 -0.00071535 -0.00877532 -0.0185288 -0.0120757 0.000114025 0.0123032 0.0239274
internal_weight=6154.9 6148.78 6143.83 6138.54 6133.38 1140.09 1125.22 4993.29 1111.43 4987.77 4980.28 1107.43 989.759 117.67 111.107 963.378 958.517 838.355 27.7075 810.648 22.6263 17.218 10.2075 4963.95 95.0121 26.3811 22.376 786.434 37.9392 21.6084
internal_count=28000 27698 27654 27610 27575 5683 5616 21892 5558 21858 21826 5525 4543 982 941 4420 4385 3875 122 3753 100 76 44 21751 405 123 106 3650 244 122
is_linear=0
shrinkage=0.05


Tree=75
num_leaves=31
num_cat=0
split_feature=40 12 29 24 41 31 39 39 36 40 39 41 40 40 7 38 39 38 39 38 0 38 38 39 38 39 39 40 39 38
split_gain=4.13155 3.2824 3.13553 3.07403 2.93142 2.80816 2.72795 7.47984 2.54481 2.332 2.83137 2.33199 3.04937 4.71357 4.32956 3.70824 3.12512 3.30225 2.96214 3.90187 2.72929 3.20707 3.16856 3.09411 3.96185 3.47798 2.61153 4.40504 2.6056 3.1521
threshold=0.26568627450980398 5.5000000000000009 1.0000000180025095e-35 1.0000000180025095e-35 0.11884584342211461 1.0000000180025095e-35 2.6499918208507922 2.5610525396418251 1.0000000180025095e-35 0.39565217391304358 3.1810996580484505 0.22967032967032971 0.031754032258064523 0.10990338164251208 1.5000000000000002 4.0225960823715452 2.3604923862825689 3.3084829020490516 2.7452077649408166 3.4324466276812697 18.500000000000004 3.4729297375596802 3.5367474890668338 3.1230102876585404 3.6427819312973484 3.5465164544829775 3.4105065644434074 0.049390243902439034 2.6435987411598707 3.4549046278596376
decision_type=2 2 2 2 2 2 2 2 2 2 2 2 2 2 2 2 2 2 2 2 2 2 2 2 2 2 2 2 2 2
left_child=2 6 3 4 -1 8 7 -2 11 -8 -11 -6 -13 14 15 18 -15 -18 19 -14 -20 -22 -23 24 -24 26 -25 -28 -19 -30
right_child=1 -3 -4 -5 5 -7 9 -9 -10 10 -12 12 13 16 -16 -17 17 28 20 -21 21 22 23 25 -26 -27 27 -29 29 -31
leaf_value=0.037995212359769548 0.027866502062824063 0.038367804924960003 0.040199054881698192 0.038356312103615703 0.00057601910932350466 0.037005467556650386 0.016351937049638256 -0.075804431778286746 0.02942937659361454 -0.043318745482500316 0.022141309308016548 -0.0021470858442248198 0.0090346094930783324 -0.056095458320506691 -0.028739102265194078 0.045944499869344041 0.045913882697582599 -0.030048888983370187 -0.0084063146558970951 0.055985414304865713 0.033549531864832303 -0.033138416277441067 0.013434468659332996 0.0091615132316889437 -0.014432391370728204 -0.016701953011152702 0.00068298416683361667 0.039217363363144825 0.030303104546562345 -0.0036708947194257963
leaf_weight=5.0218126829713574 3.6490154564380637 10.3346512299031 4.8168675042688838 5.1765976026654235 3411.0747373644263 5.0614366307854644 41.297356378287077 3.3254924453794956 7.2124127447605124 3.8658470902591935 2.8844339586794376 2220.0022622942924 12.179878219962122 2.7823071032762519 8.1572117954492551 6.3696847707033148 3.4274197667837134 8.8734221607446653 30.045917630195618 6.9502814114093772 11.393696844577788 4.9832849204540244 22.075503721833229 66.641953095793724 30.207098335027695 9.554207578301428 11.15177048742771 22.141306817531586 7.1220405697822562 164.95766695588827
leaf_count=47 25 378 44 44 14812 35 311 16 51 36 64 10209 57 13 46 31 15 42 128 31 53 21 92 279 123 42 47 95 30 783
internal_value=8.62003e-06 0.012513 -0.000125632 -0.000157566 -0.000190371 -0.000221951 0.00765676 -0.0215645 -0.000253006 0.0118985 -0.0153473 -0.000288333 -0.00140134 0.00245765 0.00706811 0.00831798 -0.00349999 -0.00270632 0.00726367 0.0260926 0.00553356 0.00788461 0.00613103 0.00734071 -0.00266605 0.0121191 0.0148745 0.02631 -0.00362723 -0.00226478
internal_weight=6152.74 65.3568 6087.38 6082.56 6077.39 6072.37 55.0221 6.97451 6067.3 48.0476 6.75028 6060.09 2649.02 429.015 241.852 233.695 187.163 184.381 227.325 19.1302 208.195 178.149 166.755 161.772 52.2826 109.489 99.935 33.2931 180.953 172.08
internal_count=28000 830 27170 27126 27082 27035 452 41 27000 411 100 26949 12137 1928 1045 999 883 870 968 88 880 752 699 678 215 463 421 142 855 813
is_linear=0
shrinkage=0.05


Tree=76
num_leaves=31
num_cat=0
split_feature=10 7 38 12 10 41 39 7 39 0 39 38 39 41 39 38 38 38 38 41 41 38 11 38 41 39 39 41 39 39
split_gain=3.92407 2.95424 3.11812 2.88223 4.60273 3.62644 3.46234 3.12039 6.94848 3.0565 2.95183 4.02635 3.60822 4.44588 5.00327 2.93178 2.73918 5.84392 2.99053 2.19178 2.77926 3.45509 2.75583 2.95991 2.27249 2.0512 1.9447 1.83286 4.55855 1.82745
threshold=9.5000000000000018 1.0000000180025095e-35 3.3299574648874768 7.5000000000000009 1.0000000180025095e-35 0.21913109756097562 4.2176182668337079 1.5000000000000002 3.3276521565353132 29.500000000000004 3.6819433087818081 3.978598834686681 3.7014556151804201 0.23861283643892342 3.7842637325256843 4.1768784291191787 3.8563805301751684 3.9290085322349744 4.0043543155378369 0.31414473684210531 0.34166666666666673 3.3084829020490516 11.500000000000002 3.6809850782491051 0.11884584342211461 3.107674594476435 2.5610525396418251 0.15184453227931491 3.9699956519455788 3.7556188283926306
decision_type=2 2 2 2 2 2 2 2 2 2 2 2 2 2 2 2 2 2 2 2 2 2 2 2 2 2 2 2 2 2
left_child=1 19 -3 4 7 6 -6 -4 -9 -5 11 -7 -12 14 -14 -16 -10 -18 -19 24 21 26 -23 -24 -1 -25 -21 28 -2 -20
right_child=27 2 3 9 5 10 -8 8 16 -11 12 -13 13 -15 15 -17 17 18 29 20 -22 22 23 25 -26 -27 -28 -29 -30 -31
leaf_value=0.035202791216010006 -0.13125744988154062 0.040690579256413159 0.00057958219293308513 -0.056033110983111027 0.034670142082606929 0.0075270559363577573 -0.042316208677108683 -0.041397718471664263 0.041567567836186627 -0.0068841881496087571 -0.061643181520747527 0.046444590285454598 0.038750677801370814 0.036190345458016498 -0.091937842579776885 -0.019373761550184526 -0.026113488469260815 0.043857052173347212 0.029070903741358262 -0.051287286115323072 0.017944728588298993 0.0073073336033261417 -0.029238905926522903 0.029371464867280647 -0.00038677289395086501 -0.017326472871908437 -0.012437978330753406 0.044572338546117501 0.051708702110932904 0.0027099718278702969
leaf_weight=4.4891957044601432 0.54594341106712618 5.3752236962318412 646.96188381686807 3.7785558551549938 23.159423511475328 45.572543036192656 1.5587266869842995 5.4870207607746115 9.801516402512787 19.426221646368504 2.9044618643820312 7.7806872837245455 2.3369375355541688 5.1611505076289168 2.2893374413251877 3.5511242188513279 8.1017062291502935 10.175269447267054 10.316707130521538 7.927653454244135 8.2145225219428522 20.139777790755033 17.591647520661358 4.6005686968564969 5236.1704598143697 4.8102926015853882 5.4260528236627579 7.024855712428689 0.90433261543512344 18.124928262084723
leaf_count=42 20 25 2918 21 337 273 31 25 54 136 19 52 20 44 18 36 44 62 64 71 54 154 158 24 22738 25 46 317 34 138
internal_value=8.3901e-06 -3.85298e-05 0.00273198 0.00248511 0.00298696 0.0133639 0.0298154 0.00160652 0.0123212 -0.0148874 0.00752087 0.0132025 -0.0111416 -0.000144967 -0.0230779 -0.0478173 0.0175363 0.0124945 0.0205944 -0.000472609 -0.00934474 -0.0130503 -0.00669065 -0.017131 -0.000356287 0.00550216 -0.0355015 0.0340074 -0.0171673 0.0122719
internal_weight=6149.71 6141.23 831.863 826.488 803.283 94.3144 24.7182 708.969 62.0071 23.2048 69.5962 53.3532 16.243 13.3385 8.1774 5.84046 56.5201 46.7186 38.6169 5309.37 68.7105 60.496 47.1423 27.0025 5240.66 9.41086 13.3537 8.47513 1.45028 28.4416
internal_count=28000 27629 4317 4292 4135 830 368 3305 387 157 462 325 137 118 74 54 362 308 264 23312 532 478 361 207 22780 49 117 371 54 202
is_linear=0
shrinkage=0.05


Tree=77
num_leaves=31
num_cat=0
split_feature=10 29 24 31 41 36 12 40 39 7 10 41 39 39 38 41 39 38 40 7 39 38 38 38 38 39 39 39 41 39
split_gain=3.66933 2.88269 2.79965 2.56925 2.48234 2.30572 2.43017 2.62883 3.13185 2.57055 4.6434 3.089 3.30329 3.13889 3.64549 3.02745 2.93912 2.58308 2.9737 2.12837 5.92378 2.67578 5.34093 2.99468 2.6713 4.86627 3.75223 5.24785 2.6046 2.57548
threshold=9.5000000000000018 1.0000000180025095e-35 1.0000000180025095e-35 1.0000000180025095e-35 0.11884584342211461 1.0000000180025095e-35 7.5000000000000009 0.04819976771196284 3.9022431950643792 1.0000000180025095e-35 1.0000000180025095e-35 0.21913109756097562 4.2176182668337079 3.6819433087818081 4.0535592632620263 0.23861283643892342 3.7721310638768926 4.1036875499420065 0.1526806526806527 1.5000000000000002 3.3276521565353132 3.8563805301751684 3.9290085322349744 4.0043543155378369 3.6422606651904035 3.2408350000536879 3.085551857534758 3.0983559703478538 0.27097902097902099 3.2360563169422236
decision_type=2 2 2 2 2 2 2 2 2 2 2 2 2 2 2 2 2 2 2 2 2 2 2 2 2 2 2 2 2 2
left_child=1 2 3 4 -1 6 9 -8 -9 -6 19 12 -12 14 -13 17 -17 -15 -19 24 -21 -22 -23 -24 25 -11 -26 -28 -27 -29
right_child=-2 -3 -4 -5 5 -7 7 8 -10 10 11 13 -14 15 -16 16 -18 18 -20 20 21 22 23 -25 26 28 27 29 -30 -31
leaf_value=0.036196110487759392 0.033400921902313953 0.03920719356671426 0.037148122974630791 0.035871197286372038 -0.00052563615913633161 0.028316419004482913 -0.0049311209562425832 -0.072051810140082995 -0.0054840770616587722 0.0016672865656607205 0.033551409557183304 0.010158089831732086 -0.041544109476182423 -0.062771529574023016 0.064345497623366985 -0.024578271543310663 0.044866005130453038 -0.036898899082017031 0.034129613538208078 -0.039217653756699083 0.039668893274070686 -0.026998103485409111 0.042215791364503409 0.0096948343469999837 -0.025495402465553318 0.007790906630884116 0.042366755948540613 -0.015652109543675588 0.044645869317468126 8.4132716115610865e-06
leaf_weight=4.700274631381034 8.2156979925930482 4.675945781171321 5.0496749840676776 4.9608768932521334 5291.8776211645454 7.1031844578683367 15.282839193940164 3.8763961717486373 3.2468550391495228 58.956555560231209 22.148559631779793 50.146782968193293 1.5680733285844315 3.5925007499754447 3.3086281567811957 2.6387442164123049 3.6055156961083412 3.8229760304093361 2.3978124782443047 5.5020261555910102 9.2839315086603147 7.9447603076696387 9.5989967212080938 26.963045246899128 15.095719322562216 7.8987467288970974 7.1374196112155905 27.657968536019325 12.195740416646002 516.9620763361454
leaf_count=45 371 44 44 35 23201 51 89 24 32 259 329 305 30 26 21 18 31 26 33 25 50 41 57 183 67 35 30 114 50 2334
internal_value=8.27137e-06 -3.64159e-05 -6.63287e-05 -9.69873e-05 -0.000126122 -0.000154019 -0.000187102 -0.0166236 -0.0417095 -0.000126633 0.00251791 0.0130049 0.0285863 0.00768873 0.013512 -0.011697 0.0155197 -0.0290151 -0.00952085 0.0011315 0.0101976 0.0152521 0.0101589 0.0182329 0.00029925 0.00890975 -0.000901536 -0.000228664 0.0301589 -0.00078689
internal_weight=6147.42 6139.2 6134.52 6129.47 6124.51 6119.81 6112.71 22.4061 7.12325 6090.3 798.427 93.2296 23.7166 69.513 53.4554 16.0575 6.24426 9.81329 6.22079 705.197 59.2928 53.7907 44.5068 36.562 645.904 79.051 566.853 551.757 20.0945 544.62
internal_count=28000 27629 27585 27541 27506 27461 27410 145 56 27265 4064 819 359 460 326 134 49 85 59 3245 356 331 281 240 2889 344 2545 2478 85 2448
is_linear=0
shrinkage=0.05


Tree=78
num_leaves=31
num_cat=0
split_feature=40 39 6 11 28 38 34 0 38 41 10 40 40 40 40 38 38 38 0 38 38 39 38 39 39 41 39 0 39 41
split_gain=3.55445 2.91451 3.00827 2.76355 4.30795 2.90808 2.77026 2.69132 2.87923 2.28527 1.90042 3.32883 2.47106 3.61492 5.4266 3.33213 3.80231 3.17336 3.15224 2.83027 1.89518 6.68852 2.3528 4.33593 5.82966 6.20908 4.29323 6.60971 3.43561 2.59338
threshold=0.26568627450980398 3.4105065644434074 1.5000000000000002 18.500000000000004 1.0000000180025095e-35 3.3670668758459548 1.0000000180025095e-35 24.500000000000004 4.0486562361027003 0.11884584342211461 2.5000000000000004 0.075961538461538483 0.057983193277310933 0.032795698924731186 0.025657894736842109 4.0439025292556732 3.8936612158712429 3.7231528091130959 28.500000000000004 4.1435829940246913 3.7720678163213806 3.5375986596785869 3.8101126321183503 3.6171835169033275 3.512177548847768 0.18677325581395351 3.3256116827850262 27.500000000000004 3.3293288462733837 0.18469785575048733
decision_type=2 2 2 2 2 2 2 2 2 2 2 2 2 2 2 2 2 2 2 2 2 2 2 2 2 2 2 2 2 2
left_child=3 2 -2 6 5 -5 -1 8 -7 -9 11 12 13 14 20 16 -14 -15 -19 -17 21 -11 23 24 29 -26 27 -24 -28 -22
right_child=1 -3 -4 4 -6 7 -8 9 -10 10 -12 -13 15 17 -16 19 -18 18 -20 -21 22 -23 26 -25 25 -27 28 -29 -30 -31
leaf_value=-0.001009141905674566 0.0033144879906880434 0.033694725470854926 0.05136958012630824 0.029640483792499568 0.03696466415118619 0.0036702128125400317 -0.033897548078131508 0.035376841747119463 0.025136485748793194 0.001353224229749375 0.01173129852867769 -0.024646025353427081 -0.0039185417367186923 -0.061963161419994674 0.049510935921781227 -0.025977776136234355 0.041756802789249786 -0.001260579048345551 -0.037597362274205418 0.026855542915535213 0.0083966742485375306 0.027610924407284132 0.0034901750209858379 0.030976381348418798 -0.046932116329355039 -0.00053023794735612489 -0.020621317373621693 0.047708931102764203 -0.00039020786338501756 -0.0084176983189487454
leaf_weight=3361.9689207803458 48.401566401124001 12.214159282855688 3.4916310515254727 8.8107644692063314 8.3344293609261495 418.37130111455917 6.4150868505239478 4.6012361478060475 16.226667940616608 472.99981366842985 34.601679025217891 13.701965540647505 6.9302307516336503 3.4353257417678824 5.548737294971942 7.3832601904869062 13.302300356328486 21.756599515676502 8.2248306423425657 3.860109731554985 32.486932128667831 25.563223704695702 31.583981782197952 7.2094804346561423 17.976274371147159 12.036605402827261 21.298015713691711 11.538396120071409 1426.8985453136265 77.970594614744186
leaf_count=15109 364 267 199 41 60 1716 29 47 70 1965 374 56 30 14 40 37 61 93 45 26 137 111 130 32 75 52 88 48 6359 325
internal_value=8.22544e-06 0.0117201 0.00654787 -0.000115243 0.00107252 0.000961901 -0.00107178 0.000868159 0.0044717 0.000175476 0.000103691 -7.7402e-05 7.50608e-05 -0.000126089 0.000128358 0.0139843 0.0261117 -0.0164445 -0.0112289 -0.00783887 1.69836e-07 0.00269956 -0.00082095 -0.00684097 -0.0087819 -0.0283227 -0.000224809 0.0153219 -0.000687738 -0.00347238
internal_weight=6145.14 64.1074 51.8932 6081.04 2712.65 2704.32 3368.38 2695.51 434.598 2260.91 2256.31 2221.71 2208 2176.53 2143.11 31.4759 20.2325 33.4168 29.9814 11.2434 2137.56 498.563 1639 147.68 140.47 30.0129 1491.32 43.1224 1448.2 110.458
internal_count=28000 830 563 27170 12032 11972 15138 11931 1786 10145 10098 9724 9668 9514 9362 154 91 152 138 63 9322 2076 7246 621 589 127 6625 178 6447 462
is_linear=0
shrinkage=0.05


Tree=79
num_leaves=31
num_cat=0
split_feature=40 12 29 24 39 31 11 41 39 38 39 38 38 10 39 38 11 38 39 39 38 38 38 10 11 39 38 7 41 40
split_gain=3.24249 2.82325 2.67334 2.58821 2.40877 2.38687 2.31361 3.33623 6.82144 3.51004 3.57698 2.5792 5.65542 2.41377 3.83939 3.1803 2.38819 2.36314 2.78444 3.39314 2.43992 2.37041 8.25114 4.05932 3.74146 3.3265 4.67376 3.04571 2.30175 2.20232
threshold=0.26568627450980398 5.5000000000000009 1.0000000180025095e-35 1.0000000180025095e-35 3.2778374513259747 1.0000000180025095e-35 17.500000000000004 0.22361111111111112 3.6396517497830132 4.1342599164868217 3.7216160642697509 4.1505187135146189 4.2165949164547696 3.5000000000000004 3.3754072918469564 3.9759018339524688 15.500000000000002 3.5771824039098052 2.9691539917456269 2.807372686467164 3.4209799704839883 4.133302367334573 4.122235376922017 3.5000000000000004 26.500000000000004 3.6396517497830132 4.137189849698534 3.5000000000000004 0.20761494252873566 0.36055555555555557
decision_type=2 2 2 2 2 2 2 2 2 2 2 2 2 2 2 2 2 2 2 2 2 2 2 2 2 2 2 2 2 2
left_child=2 4 3 5 29 6 7 8 13 10 16 -11 -13 28 -15 -16 -10 18 19 -8 -20 22 23 -19 -24 -23 -27 -28 -1 -2
right_child=1 -3 -4 -5 -6 -7 17 -9 9 11 -12 12 -14 14 15 -17 -18 21 20 -21 -22 25 24 -25 -26 26 27 -29 -30 -31
leaf_value=-0.058268404682816966 0.0082862408922673141 0.036749856815284559 0.038240031290193856 0.036052396273479344 0.025675801934952648 0.034819084206197601 0.02186263300452547 -0.00093563835686404995 -0.023415126046631402 -0.050656659245137042 0.041705920294764526 0.064078811386827542 -0.04289112647884008 -0.044001861052487774 0.029950102842899298 -0.027808701817402783 0.019470603999104712 0.00020998082893416436 0.029724867427060084 -0.015198218897299815 0.0071934604881482116 -0.034311012535128908 -0.042865275859000386 0.041859839228283846 0.0089035478983639331 0.035848788743979246 0.0063701663063609748 -0.037116066864656565 -0.023455526268359905 -0.017284016779718522
leaf_weight=5.5482217669486991 29.468460239470005 9.268617954105137 4.5410304963588706 4.9362844862043849 12.979564597830175 4.8710164837539187 8.0512722954153997 2751.3952536098659 5.6318035125732475 3.7537715323269349 9.3183746896684152 2.20537587441504 2.8099352493882179 4.467580020427703 7.2959151864051801 3.539439532905817 7.6637882851064205 2867.7894662953913 13.177256926894186 26.516955554485321 136.27725255489349 4.8286956995725623 15.996054980903866 5.8620979860424987 4.4641836695373049 13.537827722728251 127.48748547211289 4.1577967703342429 32.9232547134161 11.789687024429439
leaf_count=23 172 378 44 44 181 35 37 12438 28 18 61 24 38 21 40 23 32 12224 60 112 571 21 80 61 26 61 885 26 137 99
internal_value=8.12177e-06 0.0112476 -0.000109294 -0.000137962 0.00688949 -0.000167395 -0.000195495 -0.00123731 -0.0109842 0.00753986 0.0179526 -0.019313 0.00414662 -0.021795 -0.00499876 0.0110828 0.00130488 0.000719943 0.0062221 -0.00656639 0.00918003 0.000387327 6.96722e-05 0.000294944 -0.0315699 0.00651571 0.00787358 0.00499673 -0.0284761 0.000979434
internal_weight=6142.55 63.5063 6079.05 6074.51 54.2377 6069.57 6064.7 2836.55 85.1575 31.383 22.614 8.76908 5.01531 53.7744 15.3029 10.8354 13.2956 3228.15 184.023 34.5682 149.455 3044.12 2894.11 2873.65 20.4602 150.012 145.183 131.645 38.4715 41.2581
internal_count=28000 830 27170 27126 452 27082 27047 12883 445 201 121 80 62 244 84 63 60 14164 780 149 631 13384 12391 12285 106 993 972 911 160 271
is_linear=0
shrinkage=0.05


Tree=80
num_leaves=31
num_cat=0
split_feature=10 29 24 36 31 12 39 38 41 41 40 39 38 0 40 41 38 40 39 40 38 0 38 38 11 0 41 39 41 39
split_gain=3.05738 2.47019 2.37704 2.24431 2.15406 2.15485 2.9542 3.24789 5.61982 5.56931 2.44581 2.92257 2.16798 1.96132 2.97634 2.33756 3.99931 1.91176 2.32948 5.07327 3.16426 3.94438 3.24218 3.11697 4.12185 3.99955 3.85979 2.96951 7.87729 2.31174
threshold=9.5000000000000018 1.0000000180025095e-35 1.0000000180025095e-35 1.0000000180025095e-35 1.0000000180025095e-35 7.5000000000000009 3.9705743148392902 4.3256116827850262 0.17445652173913045 0.15590277777777781 0.04819976771196284 3.9022431950643792 4.1505187135146189 33.500000000000007 0.14434523809523811 0.14907407407407411 4.235498516310356 0.30368906455862982 2.6435987411598707 0.13574938574938578 3.4086220332190753 17.500000000000004 3.4324466276812697 3.3470203280915363 8.5000000000000018 17.500000000000004 0.21680376028202117 2.7206113102771714 0.26201372997711675 2.4123453272002151
decision_type=2 2 2 2 2 2 2 2 2 2 2 2 2 2 2 2 2 2 2 2 2 2 2 2 2 2 2 2 2 2
left_child=1 2 3 4 5 6 17 12 9 -9 -7 -12 -8 14 -14 16 -15 18 19 20 21 -1 -22 26 -25 -26 -20 28 -27 -23
right_child=-2 -3 -4 -5 -6 10 7 8 -10 -11 11 -13 13 15 -16 -17 -18 -19 23 -21 22 29 -24 24 25 27 -28 -29 -30 -31
leaf_value=-0.0016997494468337347 0.031756787144752094 0.037319741380592422 0.034986262728492944 0.027882985719792055 0.033582083416925146 -0.0044095539833880091 0.058523707952500281 0.0051903627268444835 0.033293077093517053 -0.11211225541428622 -0.069558862804765295 -0.0050109460985127826 -0.0098789891447949064 -0.035838751866327553 0.053431585190149768 0.058108469208508387 0.045006685613811395 0.010913166585734877 0.047566184735376389 -0.040574926425107398 0.027182080311859716 0.0012440206421880662 -0.0010715263262348958 0.045875624144915805 -0.0094122272331247561 0.054568288167839679 0.0060320375474887077 -0.00015766561372247611 -0.0036663096073611783 -0.028106576719279786
leaf_weight=70.885260216891766 7.5735469944775096 4.4233808256685725 4.8349852114915839 7.1641634516417971 4.7378807663917533 15.328440353274347 3.661611873656514 1.9953451510518778 3.3440695777535439 2.0529670361429453 3.8255752101540557 3.2378899976611137 9.3300447538495082 2.5846901535987836 2.3175077661871901 4.860476978123188 3.7478830367326736 38.658832125365734 5.9111151397228232 9.9746128767728788 13.628005161881445 8.6381191015243513 39.829928874969482 4.8430377021431914 117.21200728416443 8.9982553422451037 104.14194609969854 5585.8590524997562 16.374073460698128 30.037341743707657
leaf_count=457 371 44 44 54 34 89 33 28 60 27 24 32 72 21 51 56 33 317 28 46 67 46 219 25 648 39 497 24313 78 147
internal_value=8.01206e-06 -3.11976e-05 -5.81586e-05 -8.58304e-05 -0.000118592 -0.000144719 -8.77832e-05 0.0146324 -0.0146735 -0.0542958 -0.015627 -0.0399701 0.0228068 0.017081 0.00271788 0.0320272 0.012009 -0.000170184 -0.000241401 -0.00595947 -0.00384146 -0.00870739 0.00613115 -7.21167e-05 -0.000232111 -0.000271092 0.0082629 -8.01448e-05 0.0169865 -0.0215512
internal_weight=6140.01 6132.44 6128.02 6123.18 6116.02 6111.28 6088.89 33.8946 7.39238 4.04831 22.3919 7.06347 26.5022 22.8406 11.6476 11.1931 6.33257 6054.99 6016.33 172.993 163.019 109.561 53.4579 5843.34 5733.29 5728.44 110.053 5611.23 25.3723 38.6755
internal_count=28000 27629 27585 27541 27487 27453 27308 381 115 55 145 56 266 233 123 110 54 26927 26610 982 936 650 286 25628 25103 25078 525 24430 117 193
is_linear=0
shrinkage=0.05


Tree=81
num_leaves=31
num_cat=0
split_feature=10 7 38 41 40 7 41 39 39 39 41 38 39 39 39 39 38 40 38 41 41 38 11 38 41 39 39 39 41 39
split_gain=2.84738 2.37816 2.80801 2.5454 2.56771 3.80664 2.7935 2.72959 2.42481 2.41816 3.36681 3.35155 2.77637 2.39981 2.44152 2.92304 2.24367 2.50561 2.22253 1.98234 2.49496 3.23696 2.51956 2.76244 1.92429 4.4607 1.89612 1.83796 1.76336 1.73614
threshold=9.5000000000000018 1.0000000180025095e-35 3.3299574648874768 0.34166666666666673 0.025657894736842109 2.5000000000000004 0.21913109756097562 4.2176182668337079 3.9022431950643792 3.6819433087818081 0.23861283643892342 3.978598834686681 3.7721310638768926 3.2731275256415033 3.4092794628631293 3.5226417724085595 4.1036875499420065 0.1526806526806527 3.7085114564352462 0.31414473684210531 0.34166666666666673 3.3084829020490516 11.500000000000002 3.6809850782491051 0.15184453227931491 3.9542494257371539 2.5610525396418251 3.107674594476435 0.11884584342211461 3.616611586015694
decision_type=2 2 2 2 2 2 2 2 2 2 2 2 2 2 2 2 2 2 2 2 2 2 2 2 2 2 2 2 2 2
left_child=1 19 -3 4 -4 6 7 -6 -7 11 16 13 -12 18 -15 -16 -11 -18 -8 28 21 26 -23 -24 25 -2 -21 -25 -1 -13
right_child=24 2 3 -5 5 8 9 -9 -10 10 12 29 -14 14 15 -17 17 -19 -20 20 -22 22 23 27 -26 -27 -28 -29 -30 -31
leaf_value=0.032410445132012626 -0.13510026391854618 0.038289005407856319 0.0014310101554849664 -0.029253499312704365 0.032628748476087384 -0.053363000760796711 0.013355314404629415 -0.032933038869770413 0.0037972774465303014 -0.058028288875870006 -0.018762197112248014 0.067333857415145776 0.047012114266295396 -0.017717617284144123 0.024311290602403585 -0.016683404039790618 -0.032911075149854079 0.032843406669572847 0.060526611645148831 -0.050614053750658028 0.016962915871049769 0.0070515075748308516 -0.028338835470367946 0.027680393154752309 0.043165605025429446 0.051412413315331022 -0.011801721612914581 -0.016483838240034073 -0.00033420686790005042 0.019239320890119205
leaf_weight=4.114733960479497 0.53420705907046684 5.4335326105356208 717.16566771268845 6.3716689795255652 21.527883430942897 3.6625520586967459 9.1069830320775491 1.7139779981225718 3.7601864226162434 3.7117960378527659 2.8017455935478202 3.8549266606569281 3.7540727779269218 11.669753629714252 13.480792265385391 6.4186913818120948 3.9773530960083008 2.2788824439048767 3.4404171891510478 7.6060129106044752 8.1927449777722341 20.072286890819669 17.189283668994907 4.6579993069171888 6.0145720317959785 0.80161209497600794 5.3673846572637558 4.7663614451885223 5230.7959885410964 3.6560692526400089
leaf_count=42 18 25 3369 36 338 23 48 31 37 26 19 25 32 64 85 47 28 33 24 71 54 154 158 24 317 36 46 25 22738 27
internal_value=7.84837e-06 -2.94413e-05 0.00246304 0.00222633 0.00247214 0.0100283 0.012825 0.0277939 -0.0244069 0.00772013 -0.00892782 0.0130484 0.0189023 0.00779191 0.000439973 0.0110882 -0.0272312 -0.00895949 0.0262894 -0.00041853 -0.00890997 -0.012463 -0.00632347 -0.016411 0.0311091 -0.0231758 -0.0345565 0.00534438 -0.000308469 0.0439233
internal_weight=6137.9 6130.55 827.787 822.353 815.982 98.8161 91.3933 23.2419 7.42274 68.1515 16.5238 51.6276 6.55582 44.1166 31.5692 19.8995 9.96803 6.25624 12.5474 5302.76 67.8521 59.6593 46.6859 26.6136 7.35039 1.33582 12.9734 9.42436 5234.91 7.511
internal_count=28000 27629 4317 4292 4256 887 827 369 60 458 138 320 51 268 196 132 87 61 72 23312 532 478 361 207 371 54 117 49 22780 52
is_linear=0
shrinkage=0.05


Tree=82
num_leaves=31
num_cat=0
split_feature=10 28 38 31 36 12 39 38 1 11 1 6 40 38 39 11 39 38 40 39 39 39 38 38 39 11 38 38 39 38
split_gain=2.65768 2.26505 3.85273 2.06469 1.95304 1.93811 2.65868 2.96424 3.30443 5.56806 2.02638 1.88382 5.13164 4.75233 3.2567 3.06562 3.13018 3.17113 3.04252 2.94304 2.70056 7.7906 4.09578 5.38356 3.20491 3.28639 2.97153 7.93038 2.65987 8.07317
threshold=9.5000000000000018 1.0000000180025095e-35 3.7877426501774445 1.0000000180025095e-35 1.0000000180025095e-35 7.5000000000000009 3.978598834686681 4.3256116827850262 29.500000000000004 26.500000000000004 20.500000000000004 1.5000000000000002 0.039230769230769243 3.4693760755761058 3.833320691584952 28.500000000000004 3.7838244546904183 4.1039458654316352 0.078461538461538485 3.2731275256415033 3.3276521565353132 3.3238656213382543 3.7529533538348692 3.7396938615011286 2.9161364536186212 20.500000000000004 3.9102061097784131 3.9290085322349744 3.3293288462733837 3.6901884542810257
decision_type=2 2 2 2 2 2 2 2 2 2 2 2 2 2 2 2 2 2 2 2 2 2 2 2 2 2 2 2 2 2
left_child=1 3 -3 4 5 6 11 -8 9 -9 -7 28 13 -13 15 16 17 20 -14 -20 21 22 23 24 -15 -26 -22 -28 -1 -30
right_child=-2 2 -4 -5 -6 10 7 8 -10 -11 -12 12 18 14 -16 -17 -18 -19 19 -21 26 -23 -24 -25 25 -27 27 -29 29 -31
leaf_value=-0.00097773643182169525 0.030489149876456109 -0.026272681230137769 0.041158556838726726 0.032915068347938697 0.02640367970130543 -0.049369465769186535 0.023046555464695535 -0.0032071878103925536 0.054037689547958616 -0.11721758987564523 -0.008256411241374632 -0.032686393464530339 0.042651220216428073 0.012086649921008347 -0.037366818690703636 0.020743846059627022 -0.033687849756982823 0.033306966505361045 0.028168161706666507 -0.020570049958589732 -0.014148128917095324 0.065240392899947097 0.010002764786538285 -0.050566444717033449 -0.01092140832661842 0.026173991854494573 0.054501023771656734 -0.0054918444900107187 0.011084957628537 0.00046307395141109416
leaf_weight=2843.8688674531877 7.1427273694425812 2.9037153273820859 7.8313446342945099 4.741027805954217 6.9462622888386241 3.5710549280047443 23.932709991931919 4.7127020545303813 1.4858666099607942 1.3858324438333509 18.64758762344718 14.528331838548182 8.9973983168602008 24.880683273077011 6.9976420402526847 13.185932606458662 8.5523981153964979 5.889125168323516 6.3664411101490241 6.0321609228849411 94.222436532378197 4.5436206609010688 56.718198224902153 6.4975548237562171 82.105503059923649 6.438844993710517 5.9449972510337821 75.028476148843765 192.16215711086988 2589.6563720759004
leaf_count=12609 371 13 59 36 52 21 249 79 28 10 124 119 37 142 30 53 36 25 68 29 434 20 262 31 428 28 26 338 801 11442
internal_value=7.6467e-06 -2.78777e-05 0.0229192 -6.81419e-05 -9.37212e-05 -0.000123863 -7.00329e-05 0.0144144 -0.0128244 -0.0291149 -0.0148642 -0.000145456 -0.0033475 -0.00460664 -0.0035633 -0.00294731 -0.00378973 -0.0030839 0.0205178 0.00445607 -0.00368526 0.000594725 -0.00106812 -0.00630416 -0.0037686 -0.00822387 -0.00811153 -0.00108722 9.7545e-05 0.00119681
internal_weight=6135.92 6128.78 10.7351 6118.04 6113.3 6106.35 6084.13 31.5171 7.5844 6.09853 22.2186 6052.62 426.93 405.534 391.005 384.008 370.822 362.269 21.396 12.3986 356.38 181.184 176.641 119.923 113.425 88.5443 175.196 80.9735 5625.69 2781.82
internal_count=28000 27629 72 27557 27521 27469 27324 366 117 89 145 26958 2106 1972 1853 1823 1770 1734 134 97 1709 911 891 629 598 456 798 364 24852 12243
is_linear=0
shrinkage=0.05


Tree=83
num_leaves=31
num_cat=0
split_feature=40 12 0 39 40 41 39 10 0 36 40 39 38 38 39 38 38 39 7 41 38 38 38 0 39 39 39 39 39 39
split_gain=2.5449 2.93886 2.28529 2.96375 2.73985 3.87089 2.21373 3.73869 3.05804 2.1843 2.04259 2.0825 6.38826 1.9545 4.48065 3.88898 1.8702 3.91808 3.77216 3.8364 2.69678 3.81241 3.07785 2.79181 2.87259 3.76893 2.62481 5.8265 5.51001 3.04992
threshold=0.30151515151515157 5.5000000000000009 29.500000000000004 3.1564536459234782 0.025657894736842109 0.21913109756097562 4.2176182668337079 5.5000000000000009 31.500000000000004 1.0000000180025095e-35 0.39565217391304358 3.1810996580484505 3.7193351740411753 4.1066632247880905 3.8797789142116303 3.9233088607576558 3.9576176145808422 3.4844403611550336 1.0000000180025095e-35 0.12632978723404256 3.978598834686681 3.9914725034370799 4.0561096504339895 32.500000000000007 3.8797789142116303 3.8273923320043042 3.7501463298083348 3.6637018666367642 3.7556188283926306 3.5944740717404371
decision_type=2 2 2 2 2 2 2 2 2 2 2 2 2 2 2 2 2 2 2 2 2 2 2 2 2 2 2 2 2 2
left_child=2 10 9 -4 16 6 8 -8 13 -1 -2 12 -12 15 -15 -6 -5 -18 19 -19 -20 -22 -23 24 25 -24 27 29 -28 -21
right_child=1 -3 3 4 5 -7 7 -9 -10 -11 11 -13 -14 14 -16 -17 17 18 20 26 21 22 23 -25 -26 -27 28 -29 -30 -31
leaf_value=-0.00044885505564930457 0.012259518281404678 0.044087771179493494 0.03373043007988806 0.0043848430398996333 -0.028760239375998864 -0.026965044279011498 -0.077409463204575465 0.027784856840130143 0.037522314117081491 0.032944723224928016 0.014311617557262788 0.018293979099286942 -0.10541320911432334 -0.070992196622504777 0.019054521910161909 0.046169073896570233 0.050786831266119728 0.028762194337550801 0.037452476457926799 -0.016343225005753272 -0.038670263577306012 0.019524888474840085 -0.011513267522442982 0.0099117375201339033 0.011775433045527233 -0.067182033201390892 0.044388489404007497 -0.025423017988924726 -0.0041749173273423045 0.0083112965051147531
leaf_weight=5420.674007659778 31.498663833364844 6.1173159070312968 7.6022906228899947 292.82445881515741 2.5246828570961934 4.8842775821685782 1.4881047382950776 1.9533906355500219 18.932297922670841 4.9013891816139212 2.5578915905207387 2.6004339475184679 1.9740341268479822 2.2357568405568591 3.6155371181666851 5.513349287211895 3.5922624468803397 7.8706451393663874 6.4442052394151679 20.472523480653763 4.9554669111967078 29.900038111954927 15.91457580775023 33.009615249931812 9.1390679758042079 3.7584773302078238 6.200348585844039 47.075528524816036 100.73145925998688 32.390206560492516
leaf_count=23818 232 313 38 1314 16 39 16 45 253 28 26 64 21 19 51 49 15 64 37 86 25 168 83 238 68 23 27 202 484 138
internal_value=7.25651e-06 0.0118875 -8.00579e-05 0.00269096 0.00233093 0.0148215 0.0204497 -0.0177012 0.0244501 -0.000418688 0.00678856 -0.0173729 -0.0378386 0.00663148 -0.015352 0.0226344 0.00149425 -0.0011389 -0.00172573 -0.00550026 0.00613437 0.0040468 0.00635469 -1.50722e-05 -0.0113881 -0.0221486 -0.00680382 -0.0126296 -0.00135901 -0.00123683
internal_weight=6133.35 44.7483 6088.6 663.029 655.426 41.1474 36.2631 3.4415 32.8216 5425.58 38.631 7.13236 4.53193 13.8893 5.85129 8.03803 614.279 321.454 317.862 214.741 103.121 96.6772 91.7218 61.8217 28.8121 19.6731 206.87 99.9383 106.932 52.8627
internal_count=28000 656 27344 3498 3460 488 449 61 388 23846 343 111 47 135 70 65 2972 1658 1643 1001 642 605 580 412 174 106 937 426 511 224
is_linear=0
shrinkage=0.05


Tree=84
num_leaves=31
num_cat=0
split_feature=10 7 38 41 40 40 7 39 41 40 38 40 40 38 38 38 0 10 38 40 41 41 38 39 38 39 11 39 39 38
split_gain=2.34333 2.00674 2.52737 2.26475 2.32528 3.44874 4.17499 3.13144 1.91727 5.49577 1.90785 2.0727 1.9695 4.24175 3.6504 2.97005 4.1805 1.96008 5.92408 12.0114 1.76433 2.22835 3.03734 2.30724 4.00611 1.86147 1.58791 2.91616 4.32766 3.04855
threshold=9.5000000000000018 1.0000000180025095e-35 3.3299574648874768 0.34166666666666673 0.025657894736842109 0.032795698924731186 2.5000000000000004 3.9022431950643792 0.15184453227931491 0.41042780748663105 3.5180930346395796 0.15504807692307696 0.11237373737373739 3.7827937068734774 3.8797789142116303 4.1275228043742151 27.500000000000004 5.5000000000000009 4.137189849698534 0.24068965517241384 0.31414473684210531 0.34166666666666673 3.3084829020490516 2.7206113102771714 3.6537086989875935 2.5610525396418251 10.500000000000002 2.6499918208507922 2.5610525396418251 3.5944132873659442
decision_type=2 2 2 2 2 2 2 2 2 2 2 2 2 2 2 2 2 2 2 2 2 2 2 2 2 2 2 2 2 2
left_child=1 20 -3 4 -4 -6 10 -8 9 -2 -7 12 -12 -14 -15 -16 -17 -13 19 -19 26 22 25 -24 -25 -22 27 28 -1 -29
right_child=8 2 3 -5 5 6 7 -9 -10 -11 11 17 13 14 15 16 -18 18 -20 -21 21 -23 23 24 -26 -27 -28 29 -30 -31
leaf_value=0.0039491926976937351 -0.16346742801134007 0.036095405520686435 0.0012852322691059806 -0.027916976070417588 0.066284556391584856 -0.038305129763077816 -0.063840595628124414 0.0029145828706005393 0.042276385394409796 0.051262954814633825 0.012622236654506003 0.046896656584733049 0.05699077691280631 -0.077347600364860769 0.022661155422634333 -0.086263244967793098 0.0027239475836426438 -0.14297915864480723 0.052194323853397118 0.033765430283860094 -0.049975663802490231 0.015977168859679564 0.0065869068271876847 -0.032092733689353108 0.0082001780153259686 -0.011040667164335619 -0.00040562204812125396 0.02087257613955143 -0.046878801445979036 0.0019446906896291355
leaf_weight=13.603856548666956 0.462987970560788 5.4849671572446814 716.10783601179719 6.260203815996646 2.6035569235682479 1.9253535121679295 3.3755655735731116 3.6632544808089733 5.4935212768614292 0.83605764992535114 55.361082438379526 7.4946274533867863 2.1442492306232444 2.215231090784072 4.7088319696485978 2.1341626867651939 3.4588348306715488 1.5186404287815074 4.4086295031011105 2.6190398875623941 7.304056912660597 8.1963209062814695 20.512117007747293 15.355933256447317 10.311117578297852 5.2955170050263405 5124.2191354781389 35.71066851913929 6.0503631234168997 52.617739271372557
leaf_count=64 14 25 3369 36 26 8 22 36 317 40 359 87 20 15 45 15 44 25 128 57 71 54 160 142 59 46 22233 161 27 295
internal_value=7.36527e-06 -2.5187e-05 0.00226792 0.00204165 0.00227212 0.00951081 0.00795533 -0.0290988 0.0293588 -0.0252683 0.0109195 0.0120208 0.00830691 -0.00798775 -0.019119 -0.00659791 -0.0312316 0.0282326 0.0118653 -0.0311046 -0.000382398 -0.00844623 -0.0118519 -0.00591499 -0.015906 -0.0336115 -0.000279176 0.00572119 -0.0116977 0.00959713
internal_weight=6131.45 6124.66 825.484 819.999 813.739 97.6311 95.0275 7.03882 6.79257 1.29905 87.9887 86.0633 70.0224 14.6613 12.5171 10.3018 5.593 16.0409 8.54631 4.13768 5299.18 66.9751 58.7787 46.1792 25.6671 12.5996 5232.2 107.983 19.6542 88.3284
internal_count=28000 27629 4317 4292 4256 887 861 58 371 54 803 795 498 139 119 104 59 297 210 82 23312 532 478 361 201 117 22780 547 91 456
is_linear=0
shrinkage=0.05


Tree=85
num_leaves=31
num_cat=0
split_feature=29 40 12 24 39 40 11 38 0 41 38 0 38 39 41 39 11 39 38 11 40 40 41 41 38 40 0 39 38 31
split_gain=2.24912 2.21516 2.73231 2.16611 2.02244 4.58377 3.87291 3.09906 3.6751 3.49757 2.78051 3.68984 2.94749 2.71885 6.97564 2.16071 2.1468 2.1079 2.78698 2.59127 2.08584 1.95083 1.88905 1.87797 2.30718 1.87541 2.02508 1.8513 5.47224 1.84553
threshold=1.0000000180025095e-35 0.30151515151515157 5.5000000000000009 1.0000000180025095e-35 2.6435987411598707 0.13574938574938578 8.5000000000000018 3.3470203280915363 17.500000000000004 0.21680376028202117 3.4086220332190753 17.500000000000004 3.4324466276812697 2.7206113102771714 0.26201372997711675 2.4123453272002151 9.5000000000000018 2.750814583693912 3.2827785645955903 16.500000000000004 0.061553030303030311 0.39565217391304358 0.11884584342211461 0.26201372997711675 3.2466689551453567 0.069366479550922219 16.500000000000004 3.1810996580484505 3.7193351740411753 1.0000000180025095e-35
decision_type=2 2 2 2 2 2 2 2 2 2 2 2 2 2 2 2 2 2 2 2 2 2 2 2 2 2 2 2 2 2
left_child=1 3 21 4 5 10 -6 9 20 -8 11 25 -12 14 -10 -13 -7 -11 -19 -20 -9 -3 -15 -17 -25 26 -1 28 -23 -24
right_child=-2 2 -4 -5 6 16 7 8 13 17 12 15 -14 22 -16 23 -18 18 19 -21 -22 27 29 24 -26 -27 -28 -29 -30 -31
leaf_value=-0.0082135068351926674 0.036261366146125192 0.011724827966325374 0.043459946350298734 0.033807512277718423 0.043360203157212972 -0.062281130099725371 0.046085921838316057 -0.012024977677114244 0.051484482854378212 -0.0020902695613234565 0.025837566573889525 0.0015462966628431492 -0.0010223225896002028 0.033113347433170563 -0.0031956130558345296 -0.0067245352633260955 -0.015638290281693664 0.027519854565139175 0.010190691856759176 -0.024681231136067589 0.0056212425553925959 0.013063742369206001 -0.00010917609774509813 -0.015784344792309668 -0.048980417073221212 0.032852133774598967 0.012001003524804932 0.017045031973527743 -0.097040975835287341 0.031604286584032387
leaf_weight=50.083620175719261 4.2750114575028411 31.245869759470224 5.6987957814708343 4.7067390121519557 5.1526070535182944 4.848707437515257 5.8027615845203391 96.255982860922813 9.0738740563392657 44.166485518217087 13.73797784745693 8.5768028125166875 39.814399808645248 4.2886767964810124 16.328554473817348 8.2756881415843981 5.0221819281578064 20.040212638676167 33.700347125530243 6.3274521380662909 20.273368328809738 2.5149445645511141 5638.5675994101912 9.1488767266273516 12.232576973736284 3.8110952079296103 16.461879223585129 2.5214610192924738 2.0469716973602772 4.5912064872682086
leaf_count=342 44 232 313 44 27 23 28 563 39 221 67 46 219 50 78 39 23 93 157 26 85 26 24872 45 63 18 97 64 21 35
internal_value=7.31009e-06 -1.79925e-05 0.0111569 -9.88975e-05 -0.00012516 -0.00546946 3.05314e-05 -7.31311e-06 -0.000165305 0.0083051 -0.0034556 -0.00805369 0.00586814 1.52483e-05 0.0163364 -0.0205564 -0.0385499 0.00620183 0.0122988 0.00467826 -0.00895495 0.00635403 -5.81648e-05 -0.0269485 -0.0347762 -0.00125931 -0.00321289 -0.0173374 -0.0363412 -8.33744e-05
internal_weight=6129.59 6125.32 44.028 6081.29 6076.58 172.014 5904.57 5899.42 5789.38 110.037 162.143 108.591 53.5524 5672.85 25.4024 38.2339 9.87089 104.234 60.068 40.0278 116.529 38.3292 5647.45 29.6571 21.3815 70.3566 66.5455 7.08338 4.56192 5643.16
internal_count=28000 27956 656 27300 27256 982 26274 26247 25722 525 936 650 286 25074 117 193 46 497 276 183 648 343 24957 147 108 457 439 111 47 24907
is_linear=0
shrinkage=0.05


Tree=86
num_leaves=31
num_cat=0
split_feature=10 28 0 6 39 39 0 0 39 39 40 41 12 39 7 0 39 39 39 39 11 10 11 41 40 39 39 40 39 41
split_gain=2.09072 2.05222 3.7399 1.89741 3.69443 1.90622 3.28406 3.43632 4.83817 4.40082 2.23614 2.31337 2.18098 4.37222 3.42216 2.76724 3.06397 3.31695 2.62433 3.07094 2.18672 2.14569 1.97054 1.84205 4.42187 1.64381 1.53413 1.51262 1.48717 3.86081
threshold=9.5000000000000018 1.0000000180025095e-35 27.500000000000004 2.5000000000000004 3.1791996096509831 3.4534939707360945 31.500000000000004 32.500000000000007 3.3238656213382543 3.4105065644434074 0.27149877149877155 0.19292803970223329 7.5000000000000009 3.6467030064723334 1.5000000000000002 26.500000000000004 3.7279601565798166 3.9107409774580582 3.8680144982828488 3.8210925925175254 38.500000000000007 1.0000000180025095e-35 21.500000000000004 0.15184453227931491 0.41042780748663105 3.7838244546904183 3.5944740717404371 0.39565217391304358 3.4283042823044894 0.17817460317460321
decision_type=2 2 2 2 2 2 2 2 2 2 2 2 2 2 2 2 2 2 2 2 2 2 2 2 2 2 2 2 2 2
left_child=1 3 -3 5 -5 6 27 -8 -9 -10 12 -12 14 -14 20 -16 22 18 19 25 -7 -15 -17 24 -2 -18 -24 28 -1 -30
right_child=23 2 -4 4 -6 10 7 8 9 -11 11 -13 13 21 15 16 17 -19 -20 -21 -22 -23 26 -25 -26 -27 -28 -29 29 -31
leaf_value=-0.00064152355316922144 -0.13628254056295272 -0.0078977498354187228 0.051682600588282918 0.032075945431821587 -0.062846266067650258 0.00080492005321168526 0.034363943640246239 0.026945205142932388 -0.041309447997928878 0.021237884008198635 -0.022756804518751731 0.054270068070885649 -0.064778774857700158 0.009584460107354989 -0.01365453560603536 0.055623819018995484 0.0066270753972892454 0.028630805034944209 -0.048228120276188259 0.036783008096379285 0.036049854320357851 -0.028067731083115395 0.0071085839244423845 0.041705200466746084 0.051176873488132837 -0.035585205055715281 0.036047371696121565 -0.028955669476205027 -0.028302920466195754 -0.0025066635582703168
leaf_weight=3738.5955592766404 0.52867053821682819 5.2443499490618688 5.2913240734487772 1.5202236846089352 3.1471319794654846 2127.7300572115928 13.404615446925161 10.7849607616663 7.8764337897300702 4.3739864118397236 1.3161986600607622 3.7576728314161301 3.6609125360846546 10.263566233217718 8.3298951052129251 5.8376983143389252 4.6315359473228508 9.9466514457017166 3.2406755555421105 4.2968267314136019 4.4099996685981742 5.9932802245020858 8.7388976216316241 5.1917293481528759 0.77681756298989058 4.5937980338931084 9.6226548552513105 4.7795469462871543 17.194919094443321 92.704276721924543
leaf_count=16584 14 25 47 49 14 9541 60 55 39 21 26 67 22 66 38 38 33 119 28 33 44 52 52 317 40 30 66 24 70 386
internal_value=6.93923e-06 -2.31498e-05 0.0220252 -6.11639e-05 -0.0319288 -3.6805e-05 -0.00070367 0.014236 0.00252334 -0.0189771 0.00113354 0.0342887 0.00105746 -0.0154132 0.00120717 0.0130612 0.0174326 0.00575681 -0.00781605 0.00186897 0.000877819 -0.00429647 0.0303194 0.028355 -0.0247367 -0.0143927 0.0222744 -0.000844953 -0.000810042 -0.00654277
internal_weight=6127.78 6121.29 10.5357 6110.75 4.66736 6106.08 3889.71 36.44 23.0354 12.2504 2216.37 5.07387 2211.3 19.9178 2191.38 59.2386 50.9087 26.7095 16.7628 13.5222 2132.14 16.2568 24.1993 6.49722 1.30549 9.22533 18.3616 3853.27 3848.49 109.899
internal_count=28000 27629 72 27557 63 27494 17239 175 115 60 10255 93 10162 140 10022 437 399 243 124 96 9585 118 156 371 54 63 118 17064 17040 456
is_linear=0
shrinkage=0.05


Tree=87
num_leaves=31
num_cat=0
split_feature=10 28 0 6 39 31 41 39 39 38 39 0 0 39 38 38 38 41 41 38 11 41 38 39 38 39 38 38 41 40
split_gain=1.94844 1.88586 3.52684 1.74763 3.39997 1.74291 1.72778 4.01066 1.6375 4.06484 6.67682 2.98181 3.14761 4.52672 3.88395 4.54498 2.7836 2.42742 4.19213 1.94152 3.63133 3.4185 2.84191 2.99669 2.80767 2.59083 2.54548 2.05079 1.92807 1.93668
threshold=9.5000000000000018 1.0000000180025095e-35 27.500000000000004 2.5000000000000004 3.1791996096509831 1.0000000180025095e-35 0.15184453227931491 3.9542494257371539 3.4534939707360945 3.7719580414191989 3.591483651618089 31.500000000000004 32.500000000000007 3.2408350000536879 3.7888323397754475 3.6979571675716261 4.0043543155378369 0.267948717948718 0.27888888888888896 3.6850506496423425 19.500000000000004 0.21913109756097562 3.7193351740411753 3.5375986596785869 3.675453323258838 3.5071353490160777 3.6297475207030376 3.7293346647261134 0.12632978723404256 0.27149877149877155
decision_type=2 2 2 2 2 2 2 2 2 2 2 2 2 2 2 2 2 2 2 2 2 2 2 2 2 2 2 2 2 2
left_child=1 3 -3 5 -5 8 7 -2 11 10 19 16 -13 -14 15 -15 -1 28 -19 24 27 22 -22 -24 25 26 -10 -21 -11 -30
right_child=6 2 -4 4 -6 -7 -8 -9 9 17 -12 12 13 14 -16 -17 -18 18 -20 20 21 -23 23 -25 -26 -27 -28 -29 29 -31
leaf_value=-0.00074532763498878025 -0.12365504838057839 -0.0074897248782345481 0.050839352893701478 0.031141065496243348 -0.060848709322178424 0.030871152126680054 0.041263639224266485 0.051586827058390933 0.024311695731160609 0.021990503871507375 0.037352224641853782 0.03298385810388537 0.038935017636651158 0.0087146248158664601 0.016461346899941276 -0.061257629133427027 -0.028797953261893862 -0.028316211271132326 0.0050484549067735373 -0.020598050946645005 -0.013016956517170936 0.045744478563364083 0.0057851153340616988 0.035770136786926886 0.045186395638380436 0.029713529506714628 -0.0086090433194396972 -0.00093789565711569888 0.00039663735815964347 0.032582858043506129
leaf_weight=3843.759874612093 0.56699301209300645 5.2533113062381727 5.1146355159580708 1.4883931539952744 3.0893967598676682 4.558369241654872 4.9900494944304228 0.76975421048700809 8.308873727917673 10.466817036271093 17.439794920384884 13.27067258954048 6.1981147155165699 3.9849199205636996 7.2771054655313483 5.556875966489315 8.8633852228522283 19.514214258641005 18.190607536584139 17.382084205746651 13.822099775075911 6.2465226128697386 35.573936760425568 10.881158635020254 6.2174351513385764 10.920234262943266 20.019018061459064 55.99348871409893 1955.5495665948838 4.6848582345992318
leaf_count=17025 18 25 47 49 14 36 317 36 36 87 79 60 34 20 34 27 37 89 86 71 57 29 147 45 28 48 86 231 9015 87
internal_value=6.99198e-06 -2.16799e-05 0.0212847 -5.78387e-05 -0.0309397 -3.46809e-05 0.02774 -0.0227435 -5.77756e-05 0.00102863 0.00777489 -0.000675497 0.0135902 0.00240868 -0.011052 -0.0320353 -0.000809866 0.000347403 -0.0122195 0.00499215 0.00207499 0.0105352 0.00688649 0.0128085 0.0139684 0.00902303 0.00104696 -0.00559523 0.000587842 0.000473561
internal_weight=6125.95 6119.63 10.3679 6109.26 4.57779 6104.68 6.3268 1.33675 6100.12 2211.21 202.805 3888.91 36.2877 23.017 16.8189 9.5418 3852.62 2008.41 37.7048 185.365 139.899 66.5237 60.2772 46.4551 45.4656 39.2481 28.3279 73.3756 1970.7 1960.23
internal_count=28000 27629 72 27557 63 27494 371 54 27458 10221 857 17237 175 115 81 47 17062 9364 175 778 580 278 249 192 198 170 122 302 9189 9102
is_linear=0
shrinkage=0.05


Tree=88
num_leaves=31
num_cat=0
split_feature=7 40 39 39 11 38 11 39 28 41 41 38 11 38 39 11 11 39 39 0 38 39 39 41 10 38 39 40 38 39
split_gain=1.86399 2.94255 3.07812 6.55586 3.17529 1.81618 1.99298 1.57297 1.40172 1.36011 1.91062 2.94204 2.31939 2.34613 1.79935 1.73195 2.45382 2.11753 3.81482 3.00056 2.61022 3.9238 3.3803 3.0727 2.30997 1.92349 3.60261 2.58018 2.36729 2.32741
threshold=1.0000000180025095e-35 0.15075757575757578 3.8523331503537412 3.6819433087818081 9.5000000000000018 3.3299574648874768 11.500000000000002 3.7860428940678914 1.0000000180025095e-35 0.31414473684210531 0.34166666666666673 3.3084829020490516 11.500000000000002 3.6809850782491051 2.5610525396418251 10.500000000000002 11.500000000000002 2.6499918208507922 2.5610525396418251 17.500000000000004 3.5944132873659442 2.9997906153230329 2.9852281360342525 0.26201372997711675 5.5000000000000009 3.8443087154995541 2.9997906153230329 0.19756097560975613 3.7483615029509889 2.9124846630988999
decision_type=2 2 2 2 2 2 2 2 2 2 2 2 2 2 2 2 2 2 2 2 2 2 2 2 2 2 2 2 2 2
left_child=8 5 3 4 -3 -2 -7 -5 9 15 11 14 -13 -14 -11 17 25 18 19 -1 21 -19 23 -22 -20 26 29 -28 -29 -17
right_child=1 2 -4 7 -6 6 -8 -9 -10 10 -12 12 13 -15 -16 16 -18 20 24 -21 22 -23 -24 -25 -26 -27 27 28 -30 -31
leaf_value=-0.012006028573361003 0.0309576264017104 -0.026437548105688099 0.046024308834065004 -0.025459723842456174 0.042257069647147753 -0.024758889129753114 0.001773532471168647 -0.092506364297639129 0.025600435564631704 -0.04902880428326406 0.015199783669988094 0.0076750077741057354 -0.026325410089503665 0.0049930065609965109 -0.010245676640454672 -0.007588555259194045 -0.00022719443405886235 0.028220114258217962 -0.011327212473056292 0.035766109934832889 -0.046269476867581337 -0.012425868038998061 0.010670761498905598 -0.0010295885141131836 -0.072216359880006131 -0.027029973985943024 -0.0022096991541739465 0.050284082059190188 0.0076807682324255963 -0.030896353150639263
leaf_weight=8.8313857465982455 5.2799864411354056 2.1368179805576819 7.6141808461397877 2.4534355411306019 7.9068417744711041 7.1415354162454596 791.20750689692795 1.3595561534166334 5.2036918029189101 6.9934947881847602 8.1643590629100782 20.533487661741674 16.32354482263327 9.4369801282882673 5.2251356020569801 70.793054506182671 4984.2887771716341 28.304296294227242 3.173132821917533 5.2355809602886429 5.6796036846935776 7.5138456895947447 37.272570755332708 11.0666870130226 3.0594988446682692 11.112705721519886 24.561504989862442 5.4919708557426921 8.0255329608917219 12.619790866971014
leaf_count=41 24 16 243 37 118 38 3928 24 27 73 54 221 158 49 46 415 21543 142 14 58 30 35 288 65 29 60 103 27 41 53
internal_value=6.93649e-06 0.00221756 0.0204852 0.00645151 0.0276421 0.00172949 0.00153619 -0.0493658 -0.000337282 -0.000362778 -0.00745882 -0.0106204 -0.00486047 -0.0148524 -0.0324437 -0.00027226 -0.000405788 0.00593138 -0.00865348 0.00577427 0.00922699 0.0196935 0.00228698 -0.016373 -0.0412167 -0.00711869 -0.00529743 0.00744577 0.0249899 -0.0111149
internal_weight=6124.01 825.1 21.4708 13.8567 10.0437 803.629 798.349 3.81299 5298.91 5293.71 66.677 58.5126 46.294 25.7605 12.2186 5227.03 5116.89 110.137 20.2996 14.067 89.837 35.8181 54.0189 16.7463 6.23263 132.605 121.492 38.079 13.5175 83.4128
internal_count=28000 4428 438 195 134 3990 3966 61 23572 23545 601 547 428 207 119 22944 22242 702 142 99 560 177 383 95 43 699 639 171 68 468
is_linear=0
shrinkage=0.05


Tree=89
num_leaves=31
num_cat=0
split_feature=40 12 36 41 39 40 11 38 0 0 39 41 38 0 38 39 11 40 39 41 38 40 40 40 0 38 0 39 40 41
split_gain=1.80551 2.36402 1.76348 1.78143 1.70237 4.20627 3.46044 2.66369 3.30487 3.26645 2.49016 6.21019 2.4826 3.47322 2.63607 2.0045 1.97095 1.83225 2.33581 1.75729 2.17548 1.73689 1.68486 1.66757 1.76177 1.74339 1.62242 2.91321 2.33374 3.41547
threshold=0.30151515151515157 5.5000000000000009 1.0000000180025095e-35 0.21913109756097562 2.6435987411598707 0.13574938574938578 8.5000000000000018 3.3470203280915363 17.500000000000004 23.500000000000004 2.7206113102771714 0.26201372997711675 3.4086220332190753 17.500000000000004 3.4324466276812697 2.4123453272002151 9.5000000000000018 0.057983193277310933 2.9691539917456269 0.26201372997711675 3.2466689551453567 0.061553030303030311 0.39565217391304358 0.069366479550922219 16.500000000000004 3.214107439323338 29.500000000000004 3.1564536459234782 0.057983193277310933 0.21913109756097562
decision_type=2 2 2 2 2 2 2 2 2 2 2 2 2 2 2 2 2 2 2 2 2 2 2 2 2 2 2 2 2 2
left_child=2 22 4 -4 5 12 -6 9 21 17 11 -10 13 23 -14 -15 -7 18 -8 -17 -21 -9 -2 24 -1 -26 -12 -28 -29 -30
right_child=1 -3 3 -5 6 16 7 8 10 -11 26 -13 14 15 -16 19 -18 -19 -20 20 -22 -23 -24 -25 25 -27 27 28 29 -31
leaf_value=-0.0074392919132348001 0.010978304028841682 0.042304499331283614 0.0029906206100998034 0.054024225671116637 0.041405105343035244 -0.059898042449178818 0.0008572101215247002 -0.011325925750624233 0.04864858491675568 0.044624038797706191 -0.00034071417408742855 -0.0028547818851770187 0.024494837504319945 0.0016328607110419155 -0.00083471066740912299 -0.0063250143367267952 -0.014960290121320732 0.034768918261839775 0.021868171356719174 -0.015106111888990317 -0.047569113124749665 0.0047677146026238806 -0.01612118592516151 0.031130331406107228 -0.013467139592622962 0.021983704684592639 0.035251946994961661 0.0013080375804518534 0.022143078285336154 -0.027952865219813224
leaf_weight=49.495351910591125 30.808803848922253 5.0653842156752935 3.9510746933519831 3.0147813856601715 5.0536339879035941 4.7624983340501768 83.197445623576641 95.399126544594765 9.1350243687629717 5.6880787760019293 4988.4172590784729 16.290439121425152 13.852247215807436 8.5563291609287244 39.738327272236347 8.2536357641220111 5.0035295188426971 5.1566738337278357 15.728471904993055 9.0840213447809237 11.949638471007345 20.339378580451012 7.0476756030693641 3.8513423204421988 4.943935394287112 11.616963654756544 6.6407499015331259 620.06590566411614 26.039901923388246 3.9137787595391265
leaf_count=342 232 313 36 21 27 23 405 563 39 28 21525 78 67 46 219 39 23 22 69 45 63 85 111 18 29 68 33 3018 379 34
internal_value=6.69262e-06 0.0102256 -6.54579e-05 0.0250777 -9.43015e-05 -0.00501079 4.82574e-05 1.28093e-05 -0.000133569 0.00772873 3.71479e-05 0.0156497 -0.00308207 -0.00745611 0.00571254 -0.019657 -0.0368746 0.00571241 0.00419779 -0.0258768 -0.033549 -0.0084977 0.00593324 -0.000851318 -0.00271598 0.0114005 -3.31711e-05 0.00230313 0.00196651 0.0155975
internal_weight=6122.06 42.9219 6079.14 6.96586 6072.17 171.108 5901.07 5896.01 5786.24 109.771 5670.5 25.4255 161.342 107.751 53.5906 37.8436 9.76603 104.083 98.9259 29.2873 21.0337 115.739 37.8565 69.9076 66.0563 16.5609 5645.08 656.66 650.02 29.9537
internal_count=28000 656 27344 57 27287 982 26305 26278 25754 524 25106 117 936 650 286 193 46 496 474 147 108 648 343 457 439 97 24989 3464 3431 413
is_linear=0
shrinkage=0.05


Tree=90
num_leaves=31
num_cat=0
split_feature=38 10 11 40 41 40 11 0 38 39 11 41 39 38 38 39 38 38 40 40 11 39 38 38 39 38 38 39 41 40
split_gain=1.70451 3.02377 4.91074 3.37937 4.60475 3.98703 6.07649 5.37563 8.92667 9.744 8.24594 4.85171 4.82993 6.12442 3.9087 4.44692 3.78114 4.12956 3.39875 4.6462 2.89473 2.86876 5.19117 4.69046 4.60776 4.67272 4.53857 4.51814 4.1011 3.89533
threshold=4.030877617342794 3.5000000000000004 16.500000000000004 0.10990338164251208 0.22967032967032971 0.049390243902439034 20.500000000000004 21.500000000000004 3.6979571675716261 3.23966092346532 15.500000000000002 0.21680376028202117 3.4105065644434074 3.6427819312973484 3.9689600969190457 3.7556188283926306 3.6836171028863158 3.7854045649248205 0.10435571687840291 0.054093567251461992 23.500000000000004 2.9852281360342525 3.5837837983419667 3.8443087154995541 3.4844403611550336 3.9500478933712944 3.8553631698054756 2.9321041277738069 0.23606811145510839 0.26201372997711675
decision_type=2 2 2 2 2 2 2 2 2 2 2 2 2 2 2 2 2 2 2 2 2 2 2 2 2 2 2 2 2 2
left_child=1 3 21 5 -5 14 7 12 11 -10 -11 -9 13 18 15 20 -15 -18 19 -7 -1 22 27 -23 26 -26 -25 -3 -28 -24
right_child=-2 2 -4 4 -6 6 -8 8 9 10 -12 -13 -14 16 -16 -17 17 -19 -20 -21 -22 23 29 24 25 -27 28 -29 -30 -31
leaf_value=-0.00065668315502563353 0.0027035224674358694 0.0018166120754817259 0.05392903989538872 -0.024947786842030913 -0.0033306668128499223 0.026788906641857593 0.038917238966388511 -0.081872382302767943 0.06658493650531902 -0.044006913669776708 0.003483103142747487 -0.015924897979819438 0.029877041382072308 -0.021515455318951694 -0.0052121742674606491 0.018831862083648648 0.014366885240147016 -0.012715120459238633 0.036099317084794302 7.0200943593562849e-05 0.0037930726195958171 0.019737105790150759 -0.052754583425710294 -0.067794216624816425 0.039220238086684567 -0.012947747412112921 0.026124048387206413 0.071617407209003253 -0.019844942923247056 -0.0059027061582068788
leaf_weight=4168.1351446472108 534.59183583408594 24.409919489640746 5.3212177120149127 31.248925171792507 116.3906519189477 26.068838328123093 13.058268990367649 5.5432198941707593 5.0315310209989539 11.418059021234511 45.826956246048212 5.6129549220204353 23.069779947400093 23.106543615460396 413.85335768386722 30.684135034680367 32.001031145453453 25.12977160513401 15.370475009083746 43.289934113621712 400.61942164972425 53.92198864929378 7.8231104463338879 3.5266589671373394 10.467555987648668 7.2761294348165384 6.7174915364012149 2.5616466365754595 17.470202357508242 10.24780148686841
leaf_count=18212 3090 250 44 134 521 118 76 23 21 49 215 24 98 95 1803 139 131 104 64 192 1762 357 33 23 67 65 70 14 108 98
internal_value=6.34648e-06 -0.000251816 0.00675738 -0.000444915 -0.00790608 -0.000236594 0.00563053 0.00396813 -0.00750417 -0.000125719 -0.00598923 -0.0486925 0.00844834 0.00545163 -0.000557877 -0.000139088 -0.00444831 0.00245449 0.0148267 0.0101126 -0.000266498 0.00501935 -0.00544803 0.00976353 -0.00206704 0.0178278 -0.0148044 0.008446 -0.00707827 -0.0261854
internal_weight=6119.79 5585.2 149.744 5435.46 147.64 5287.82 274.527 261.469 73.4327 62.2765 57.245 11.1562 188.036 164.967 5013.29 4599.44 80.2373 57.1308 84.7292 69.3588 4568.75 144.423 45.0425 99.38 45.458 17.7437 27.7144 26.9716 24.1877 18.0709
internal_count=28000 24910 1129 23781 655 23126 1210 1134 332 285 264 47 802 704 21916 20113 330 235 374 310 19974 1085 395 690 333 132 201 264 178 131
is_linear=0
shrinkage=0.05


Tree=91
num_leaves=31
num_cat=0
split_feature=10 6 39 11 41 40 0 24 36 39 39 38 38 0 38 38 11 41 11 38 6 38 39 38 39 39 38 38 38 38
split_gain=1.64466 1.7131 3.05776 1.69988 1.67229 3.80537 1.65183 1.88834 1.80658 1.61562 2.94943 3.90844 2.82314 2.91162 1.83547 1.66864 2.30649 2.56984 1.98229 1.84318 1.46692 5.0214 4.86931 2.74839 4.75552 5.65684 4.27876 3.86367 4.58626 3.8352
threshold=9.5000000000000018 2.5000000000000004 3.4534939707360945 13.500000000000002 0.15184453227931491 0.41042780748663105 33.500000000000007 1.0000000180025095e-35 1.0000000180025095e-35 3.2203127661787532 3.4105065644434074 3.8616009670728046 3.9024149211028321 35.500000000000007 3.7965562610488228 4.3693432919449284 27.500000000000004 0.23431372549019611 28.500000000000004 3.9233088607576558 1.5000000000000002 3.54641915521186 3.0276910321408108 3.7231528091130959 3.3276521565353132 3.3726053923572601 3.6901884542810257 3.8403748315611295 3.8553631698054756 3.7483615029509889
decision_type=2 2 2 2 2 2 2 2 2 2 2 2 2 2 2 2 2 2 2 2 2 2 2 2 2 2 2 2 2 2
left_child=1 6 3 -3 5 -2 7 8 20 -8 -11 14 13 -13 -12 16 17 -14 -17 -18 -1 -22 -23 26 27 -26 -24 -25 -29 -27
right_child=4 2 -4 -5 -6 -7 9 -9 -10 10 11 12 15 -15 -16 18 19 -19 -20 -21 21 22 23 24 25 29 -28 28 -30 -31
leaf_value=1.7026138329371333e-05 -0.11964338297020355 0.051568594449839161 -0.076916435775027006 -0.032311131924156855 0.040433124816753312 0.05120582490401096 0.0392757714819717 0.032373677676276892 0.027569691997781483 -0.025307354077374403 0.0094680658810462406 -0.038726657244981456 0.044506854724630944 0.008223121563519455 0.045220496564508515 -0.059977894243689427 0.033769913787891501 -0.014441213376809354 0.0072657304844820835 0.0031637369815454841 -0.024418161579666073 0.01352327734961818 -0.0065752794853837409 0.0021037238431420831 -0.044717647886760539 0.044540902264346482 -0.037915368343426764 0.071988779759858054 0.015320242254850467 -0.0047358081584350821
leaf_weight=5509.4650704991072 0.57771332934498676 1.1262360587716096 1.9986231178045271 1.3026206791400907 4.6324432143010199 0.7477892367169261 3.3046767413616172 4.4614444170147172 5.864550679922103 8.2005466148257238 6.2348123714327803 7.7642356753349286 7.2740164753049594 5.7461288571357727 8.4620848298072797 2.1220662724226704 5.1150895431637755 2.4789578393101692 2.2666321229189634 128.40777513198555 25.881535179913044 46.350581549108028 57.796216458082199 49.278515130281448 8.7849007695913297 4.0405298322439185 13.419427290558813 4.5799558162689236 16.197127804160118 173.58248107135296
leaf_count=24358 14 47 9 7 317 40 19 39 38 42 31 36 94 33 46 35 26 14 28 766 208 235 286 229 41 18 62 20 74 788
internal_value=6.19481e-06 -1.94026e-05 -0.0311097 0.00658304 0.0262634 -0.0232579 3.1371e-06 -0.000143163 -0.000167688 0.00462511 0.00400302 0.00536971 0.0031189 -0.0187583 0.0300534 0.00512053 0.00605077 0.0295238 -0.0252486 0.00433622 -0.000195215 -0.0031192 -0.00164539 -0.00379101 -0.001378 -0.00555193 -0.0124808 0.00972824 0.0278119 -0.00361487
internal_weight=6117.46 6111.51 4.42748 2.42886 5.95795 1.3255 6107.08 5919.7 5915.24 187.377 184.072 175.872 161.175 13.5104 14.6969 147.665 143.276 9.75297 4.3887 133.523 5909.38 399.911 374.03 327.679 256.464 186.408 71.2156 70.0556 20.7771 177.623
internal_count=28000 27629 63 54 371 54 27566 26396 26357 1170 1151 1109 1032 69 77 963 900 108 63 792 26319 1961 1753 1518 1170 847 348 323 94 806
is_linear=0
shrinkage=0.05


Tree=92
num_leaves=31
num_cat=0
split_feature=28 38 31 10 12 11 0 41 0 38 12 7 10 41 39 38 41 39 38 41 38 39 40 38 0 41 41 0 39 12
split_gain=1.6219 3.3887 1.58759 1.52129 1.59718 4.35657 1.59452 1.41725 1.43494 1.54647 1.40618 1.76205 3.47378 1.89112 2.76213 2.87452 2.56973 2.55693 2.33277 3.9163 2.75796 2.14395 1.98318 4.30076 1.7698 4.82376 5.09804 1.74321 1.84325 2.86421
threshold=1.0000000180025095e-35 3.7877426501774445 1.0000000180025095e-35 9.5000000000000018 5.5000000000000009 15.500000000000002 24.500000000000004 0.13100686498855837 44.500000000000007 4.0906847176827297 7.5000000000000009 1.0000000180025095e-35 1.0000000180025095e-35 0.21913109756097562 3.6819433087818081 3.978598834686681 0.23861283643892342 4.2176182668337079 3.9001973936571717 0.267948717948718 3.879456487392646 3.7721310638768926 0.11483516483516486 4.1505187135146189 20.500000000000004 0.28102564102564109 0.26006441223832533 29.500000000000004 4.0281768803601583 8.5000000000000018
decision_type=2 2 2 2 2 2 2 2 2 2 2 2 2 2 2 2 2 2 2 2 2 2 2 2 2 2 2 2 2 2
left_child=2 -2 3 7 5 6 -5 8 9 -1 11 -9 -13 17 15 18 22 -14 20 -20 24 -18 -16 -24 -15 26 -26 -12 29 -29
right_child=1 -3 -4 4 -6 -7 -8 10 -10 -11 27 12 13 14 16 -17 21 -19 19 -21 -22 -23 23 -25 25 -27 -28 28 -30 -31
leaf_value=0.018360387240452525 -0.025688096140482494 0.038241104602172893 0.029789653708536607 -0.050983046044248997 0.050904680045647313 -0.12765873170270711 0.051461054385220417 -0.000397226745855563 0.04374359739807606 -0.019680798553924711 -0.045446229210875565 0.00095467161785448864 0.029672278383016282 -0.0074391508530184045 -0.0015257234464157359 0.042288087508667638 -0.017656367744864475 -0.035029935733039759 0.013242706122101093 -0.053064159137421511 0.051505879815618341 0.041641397864884092 -0.092033088823802067 -0.0037773980001246685 0.029863528248070273 0.054103653565455025 -0.030580963166337505 -0.011603827188088516 -0.034397556014603377 0.038445089736471698
leaf_weight=9.0002169609069842 2.9023249298334104 7.2532372362911701 4.4610531255602828 0.48462150897830714 2.9986827089451253 0.55063280090689648 1.7566759185865519 5265.0750238578767 3.3690030537545672 3.7994189672172061 3.4261823780834701 702.98070969805121 19.331183491274718 10.811141744256021 4.461840324103834 7.2192397713661185 2.7886912375688544 1.657885631546377 5.3848549015820009 3.797227781265974 4.3264144398272029 3.3620490226894617 2.6659789234399796 2.8625497538596392 7.3813786599785107 6.2586666829884043 6.6143569201231003 10.446994179859759 4.5578808933496466 3.9354797527194014
leaf_count=58 13 60 36 17 265 14 74 23149 36 32 21 3273 331 48 26 52 19 30 39 26 27 31 26 34 61 34 38 66 40 24
internal_value=5.96351e-06 0.019971 -2.72438e-05 -4.90448e-05 0.0255667 -0.00164767 0.0293102 -7.33793e-05 0.0147102 0.00706832 -0.000112698 -6.6488e-05 0.00213247 0.0114435 0.00739054 0.0130188 -0.0106694 0.0245616 0.00827838 -0.0141783 0.0141045 0.0147563 -0.0263232 -0.0463362 0.00889576 0.0176148 0.00129758 -0.0126266 -0.0066897 0.00209107
internal_weight=6115.92 10.1556 6105.77 6101.3 5.79061 2.79193 2.2413 6095.51 16.1686 12.7996 6079.35 6056.98 791.904 88.9235 67.9344 51.7933 16.1411 20.9891 44.574 9.18208 35.392 6.15074 9.99037 5.52853 31.0655 20.2544 13.9957 22.3665 18.9404 14.3825
internal_count=28000 73 27927 27891 370 105 91 27521 126 90 27395 27244 4095 822 461 325 136 361 273 65 208 50 86 60 181 133 99 151 130 90
is_linear=0
shrinkage=0.05


Tree=93
num_leaves=31
num_cat=0
split_feature=28 0 40 12 40 41 7 39 40 11 11 6 40 40 39 41 41 39 11 41 39 39 41 39 39 41 0 39 39 41
split_gain=1.4875 3.28797 1.47329 2.10591 1.61558 1.57055 1.50504 1.50122 3.83693 3.09239 1.85282 1.49469 3.7425 3.21512 2.25765 3.69043 2.12197 2.03442 4.34936 4.00469 2.81601 3.79504 1.95886 2.79762 4.4203 5.15696 1.87334 1.77932 4.59315 3.16551
threshold=1.0000000180025095e-35 27.500000000000004 0.30151515151515157 5.5000000000000009 0.39565217391304358 0.11884584342211461 2.5000000000000004 2.6435987411598707 0.13574938574938578 8.5000000000000018 9.5000000000000018 1.5000000000000002 0.03509852216748769 0.078461538461538485 2.7206113102771714 0.23606811145510839 0.34166666666666673 3.833320691584952 29.500000000000004 0.17573529411764707 3.7838244546904183 3.7501463298083348 0.30217391304347835 3.2030314438610916 3.1791996096509831 0.27097902097902099 22.500000000000004 3.3293288462733837 3.3359272410873366 0.15590277777777781
decision_type=2 2 2 2 2 2 2 2 2 2 2 2 2 2 2 2 2 2 2 2 2 2 2 2 2 2 2 2 2 2
left_child=2 -2 5 4 -4 -1 -5 8 -7 -9 -10 14 17 -14 15 -11 27 19 -19 -13 21 22 23 24 25 -21 -25 29 -29 -16
right_child=1 -3 3 6 -6 7 -8 9 10 11 -12 12 13 -15 16 -17 -18 18 -20 20 -22 -23 -24 26 -26 -27 -28 28 -30 -31
leaf_value=0.030994332859268225 -0.0081793372184656068 0.049188797512075895 0.010351193207870401 0.051116962309129432 -0.0163071810766355 -0.0028991853984497188 -0.042376391494118072 0.039627642749736111 -0.057980042157824964 0.053938736225117634 -0.014139965827702328 0.024293969038601957 0.037836140860124219 -0.0010010224604657199 0.030789998320671943 0.006495416015314507 -0.033889073099445145 0.0056659254955430168 -0.058121886270840084 -0.022268220331235031 -0.032072626603297287 0.044548287086212605 -0.016107659243063146 -0.016213943077075976 0.028083682273738548 0.0063276123441037575 -0.0040721817615746907 0.023659563079632923 0.0008469759823577207 -0.00088379491089300146
leaf_weight=4.0607906486839047 5.2207825630903226 4.7883647177368402 30.528464585542679 4.099743728991597 6.9833369255065909 160.81245208531618 0.48095032945275296 4.924655243754386 4.6708289831876737 4.7003193646669379 4.9793218821287155 12.674025222659109 10.194189146161081 11.165819884277878 7.9124216549098483 32.033920556306839 4.5803974196314803 5.4771071672439557 5.2184592634439468 20.799316331744194 8.8983703553676587 4.046237736940383 31.287322521209717 37.870525941252708 15.929403528571127 65.15461041778326 197.15477587282658 22.240276798605919 2797.8035719739273 2587.8260895125568
leaf_count=52 25 48 232 302 111 935 10 27 23 21 23 51 43 53 43 143 27 25 23 97 38 17 233 181 72 330 900 93 12604 11218
internal_value=6.06924e-06 0.0192655 -2.55092e-05 0.0092965 0.00538837 -9.02337e-05 0.0413006 -0.000111069 -0.0047368 2.28523e-05 -0.0353593 -1.0301e-05 -0.00286322 0.0175342 0.00021234 0.012566 0.000128618 -0.0039403 -0.0254567 -0.00335594 -0.00427538 -0.0036109 -0.00414013 -0.00302876 0.00389137 -0.000592069 -0.00602863 0.000157389 0.00102689 -0.000787246
internal_weight=6114.52 10.0091 6104.51 42.0925 37.5118 6062.42 4.58069 6058.35 170.463 5887.89 9.65015 5882.97 425.87 21.36 5457.1 36.7342 5420.36 404.51 10.6956 393.815 381.141 372.242 368.196 336.909 101.883 85.9539 235.025 5415.78 2820.04 2595.74
internal_count=28000 73 27927 655 343 27272 312 27220 981 26239 46 26212 2063 96 24149 164 23985 1967 48 1919 1868 1830 1813 1580 499 427 1081 23958 12697 11261
is_linear=0
shrinkage=0.05


Tree=94
num_leaves=31
num_cat=0
split_feature=36 41 31 10 12 11 0 12 0 40 38 40 38 41 40 40 38 6 38 40 38 38 38 38 38 38 38 38 0 38
split_gain=1.46218 1.69187 1.42755 1.38154 1.50828 3.64544 1.45827 1.31762 1.59896 2.26093 3.4729 2.42399 2.17896 1.82737 1.58267 1.9731 1.54628 1.32327 3.88236 3.20277 2.87682 5.3829 2.20441 2.99623 2.48844 3.18034 1.38559 3.1286 1.70373 1.79795
threshold=1.0000000180025095e-35 0.21913109756097562 1.0000000180025095e-35 9.5000000000000018 5.5000000000000009 15.500000000000002 24.500000000000004 7.5000000000000009 33.500000000000007 0.025657894736842109 4.3256116827850262 0.11583184257602865 4.1855268441215125 0.18301435406698566 0.04819976771196284 0.088562091503267992 4.2045292298840868 1.5000000000000002 3.54641915521186 0.039230769230769243 3.7842761036880259 3.9383978851393668 3.6072060618154063 3.5885090814884539 3.6239224456263801 3.6420882860777777 3.7231528091130959 3.7037659297835499 23.500000000000004 3.6637018666367642
decision_type=2 2 2 2 2 2 2 2 2 2 2 2 2 2 2 2 2 2 2 2 2 2 2 2 2 2 2 2 2 2
left_child=2 -2 3 7 5 6 -5 8 17 12 -11 -12 13 -10 -9 -16 -14 -1 -19 22 -21 -22 23 -20 -24 -26 27 28 -27 -30
right_child=1 -3 -4 4 -6 -7 -8 14 9 10 11 -13 16 -15 15 -17 -18 18 19 20 21 -23 24 -25 25 26 -28 -29 29 -31
leaf_value=4.5784836102204907e-05 0.0016089547291468804 0.05208208699361893 0.028624255446491005 -0.044668128391436884 0.050873514087610608 -0.10895748214396631 0.051401792329519982 -0.0032704250493004483 0.0033462266798155562 0.05013380404420114 -0.073049269280213588 0.021985728359343547 0.059411278835104733 -0.016856755578538832 -0.067656842419438909 -0.012007884249787729 0.014857400145144018 -0.021578325387165285 0.0027562824930969631 -0.0046336742279781164 0.064202688119583823 -0.004860498927203011 -0.045155483846694128 0.04301879501314354 0.037459536868592304 -0.0021692211594176265 -0.0023638226361833849 -0.040936263672290418 -0.049320599247031527 -0.0098692817298206299
leaf_weight=5501.7713376646861 3.8796239271759978 2.902391292154789 4.3465641029179087 0.51548025291413058 2.7847543223761022 0.61221565678715695 1.6901470543816683 15.388029068708422 135.98343965038657 6.165190674364565 1.1435786038637163 1.6235660854727028 2.3863352984189978 12.196629229933022 2.491415422409772 4.4164128601551056 10.58776008710265 26.090734554454684 26.451014183461666 8.1874590422958153 6.4858631789684278 4.9936635717749596 3.6242866665124884 5.5988336801528922 4.6720694899559012 46.904108986258507 247.43849359452724 7.4792837351560584 4.2391640096902838 9.0606414675712568
leaf_count=24335 36 21 35 17 266 14 74 91 704 85 13 41 20 87 19 38 87 239 148 49 28 24 17 26 22 234 1133 35 20 42
internal_value=5.78868e-06 0.0232091 -1.99864e-05 -4.03936e-05 0.024777 -0.00101298 0.0289492 -6.32047e-05 -1.86624e-05 0.00476087 0.0292468 -0.0172894 0.00340368 0.00168333 -0.0121959 -0.0320785 0.0230522 -0.000156378 -0.00292852 -0.00163142 0.0180099 0.0341598 -0.00271811 0.0097898 -0.00395761 -0.00349071 -0.00409785 -0.0104371 -0.00664816 -0.0224439
internal_weight=6112.11 6.78202 6105.33 6100.98 5.6026 2.81784 2.20563 6095.38 6073.08 170.086 8.93234 2.76714 161.154 148.18 22.2959 6.90783 12.9741 5903 401.226 375.135 19.667 11.4795 355.468 32.0498 323.418 319.794 315.122 67.6832 60.2039 13.2998
internal_count=28000 57 27943 27908 371 105 91 27537 27389 1037 139 54 898 791 148 57 107 26352 2017 1778 101 52 1677 174 1503 1486 1464 331 296 62
is_linear=0
shrinkage=0.05


Tree=95
num_leaves=31
num_cat=0
split_feature=7 40 39 39 11 38 11 39 11 0 38 40 0 41 10 7 40 38 39 38 38 40 11 38 38 38 0 38 40 38
split_gain=1.43174 2.47279 2.89015 5.72384 2.90312 1.67287 1.60111 1.35486 1.29719 3.1263 2.33543 4.19117 1.36417 2.47072 1.23524 2.38764 5.17174 3.11328 2.79712 2.3121 2.078 2.11915 4.76743 3.12203 2.11152 3.48706 3.13683 1.85632 5.87916 1.65064
threshold=1.0000000180025095e-35 0.15075757575757578 3.8523331503537412 3.6819433087818081 9.5000000000000018 3.3299574648874768 11.500000000000002 3.7860428940678914 30.500000000000004 36.500000000000007 4.1505187135146189 0.074537037037037054 45.500000000000007 0.15450928381962867 1.0000000180025095e-35 1.5000000000000002 0.065591397849462371 4.235498516310356 3.8826912842789354 4.235498516310356 3.9759018339524688 0.078461538461538485 15.500000000000002 3.8441697217888655 3.8250573474530047 3.8870841666935103 22.500000000000004 4.1275228043742151 0.096006144393241177 3.6467030064723334
decision_type=2 2 2 2 2 2 2 2 2 2 2 2 2 2 2 2 2 2 2 2 2 2 2 2 2 2 2 2 2 2
left_child=-1 5 3 4 -3 -2 -7 -5 9 14 -11 -12 13 -10 19 17 -17 20 -18 29 21 24 23 -23 26 -26 -16 -22 -29 -8
right_child=1 2 -4 7 -6 6 8 -9 12 10 11 -13 -14 -15 15 16 18 -19 -20 -21 27 22 -24 -25 25 -27 -28 28 -30 -31
leaf_value=-0.00029601193330960603 0.029494431665028908 -0.025054942876898596 0.04531487557851336 -0.022785280462917383 0.041194573758613941 -0.022537409503096548 0.0072115220587490167 -0.083550890113923637 -0.013647354271068945 0.00060930151692525328 -0.094228802229539221 -0.00051864648308419883 -0.010760431348808615 0.032190259317308074 0.0054479426214977473 0.03885443120655796 -0.058064074983910412 -0.036049043772763294 0.0058560781147408876 0.034551476763989432 0.037986132123515343 0.025602523992898182 0.05219335714035498 -0.030017248283499526 0.0501612952335748 -0.011836033657815829 -0.051585547965698558 0.060072185978212934 -0.045794535341617509 -0.00026114639555384253
leaf_weight=5289.2046641306952 5.3044768720865241 2.1235983800143021 6.947681074962019 2.521238435991108 7.47223309148103 6.9697173833847037 84.252889364957809 1.4419541992247102 3.9035877361893681 3.788090802729128 2.6392349004745483 2.1776674538850784 4.3445653319358817 11.907174948602913 5.4030995219945925 3.2849620841443521 5.0071387439966202 3.196180958300828 2.6003094203770161 5.0686369575560084 13.549490928649904 5.1817209944129008 7.0086416415870181 4.9172462150454521 3.8028392866253835 5.6197032183408737 4.353273794054985 2.4339148625731459 2.8434874005615711 601.37380425818264
leaf_count=23572 24 16 243 37 118 38 362 24 29 27 21 28 36 91 23 22 35 39 24 42 112 28 71 26 18 27 19 20 30 2798
internal_value=5.6017e-06 0.00194768 0.0190922 0.00565565 0.0265333 0.00150872 0.00132213 -0.044894 0.00153299 0.0012046 -0.0287639 -0.0518635 0.0140544 0.0208732 0.00154396 0.00791268 -0.0135757 0.0119268 -0.0362155 0.000905861 0.014709 0.00771575 0.0205094 -0.00147907 -0.00369624 0.0131854 -0.0200003 0.0281877 0.00303073 0.000657129
internal_weight=6110.64 821.439 20.5067 13.559 9.59583 800.932 795.627 3.96319 788.658 768.502 8.60499 4.8169 20.1553 15.8108 759.897 69.202 10.8924 58.3096 7.60745 690.695 55.1134 36.2865 17.1076 10.099 19.1789 9.42254 9.75637 18.8269 5.2774 685.627
internal_count=28000 4428 438 195 134 3990 3966 61 3928 3772 76 49 156 120 3696 494 81 413 59 3202 374 212 125 54 87 45 42 162 50 3160
is_linear=0
shrinkage=0.05


Tree=96
num_leaves=31
num_cat=0
split_feature=28 0 31 40 12 40 38 39 12 41 38 39 39 39 40 11 38 41 0 38 0 0 39 41 39 38 11 39 11 41
split_gain=1.36808 3.07242 1.34029 1.31204 1.94012 1.47689 1.483 6.41804 1.44855 1.43207 1.3977 1.37091 4.51542 1.33626 3.52663 2.86324 2.56181 2.89399 2.83588 2.28569 3.21739 2.57992 2.12821 5.42209 1.81433 2.5036 2.35174 1.78452 1.7279 1.64229
threshold=1.0000000180025095e-35 27.500000000000004 1.0000000180025095e-35 0.30151515151515157 5.5000000000000009 0.39565217391304358 3.7193351740411753 3.038855503989351 7.5000000000000009 0.11884584342211461 3.8443087154995541 2.5895401961761713 2.6730607426530448 2.6435987411598707 0.13574938574938578 8.5000000000000018 3.3470203280915363 0.21680376028202117 17.500000000000004 3.4086220332190753 17.500000000000004 18.500000000000004 2.7206113102771714 0.26201372997711675 2.750814583693912 3.2827785645955903 16.500000000000004 2.4123453272002151 9.5000000000000018 0.26201372997711675
decision_type=2 2 2 2 2 2 2 2 2 2 2 2 2 2 2 2 2 2 2 2 2 2 2 2 2 2 2 2 2 2
left_child=2 -2 3 9 5 11 -7 -8 -6 -1 -9 -5 -13 14 19 -15 17 -17 -18 20 -11 -21 23 -20 -19 -26 -27 -22 -16 -29
right_child=1 -3 -4 4 8 6 7 10 -10 13 -12 12 -14 15 28 16 18 24 22 21 27 -23 -24 -25 25 26 -28 29 -30 -31
leaf_value=0.030040568835320487 -0.0076057930478365876 0.048371632168358089 0.027867521279640629 0.045991558325475357 0.051070726356432533 0.015107616852599559 -0.13846652534252454 0.058441053569179072 -0.040891708562181606 -0.00061423306537530028 -0.016845017209581096 -0.061979992443840108 0.012676377372430662 0.038390773016585861 -0.056161267838413631 0.042768037439760979 -0.0079489352837392082 -0.0020442398954581484 0.045126540288632194 0.0010686408529041783 0.0014260621191841281 0.031732304804021221 -8.1048532544543512e-05 -0.0029314102295763655 0.025692971966363831 0.0093144416993840694 -0.023943490254683671 -0.0058265241285663794 -0.013576298510912237 -0.032246405118774933
leaf_weight=3.9371246024966231 5.2300174534320814 4.6137357521802187 4.3040639869868746 2.4249582886695888 3.79536348581314 2.5300626512616864 1.088077815249562 0.8083292925730351 0.48266272619366635 69.663379676640034 2.597620377317071 2.198446691036227 25.726644059643149 4.8532033935189238 4.5822284519672376 5.5344062000513068 114.94280759990215 44.071694284677505 9.1830728203058261 45.472893826663494 8.4321410208940488 8.0781888589262945 5624.6279208306223 16.263855889439583 20.131544269621372 33.791791036725044 6.3076142817735663 8.2253220081329363 4.9608675837516785 20.646876201033592
leaf_count=52 25 48 36 13 302 27 7 20 10 457 57 10 209 27 23 28 648 221 39 245 45 41 24886 78 93 157 26 39 23 108
internal_value=5.72402e-06 0.0186306 -2.43332e-05 -4.40283e-05 0.00879971 0.0051488 -0.0155118 -0.0327501 0.0406952 -0.000104877 0.00102252 0.00993041 0.00679894 -0.000124495 -0.00449388 1.88255e-06 -2.98304e-05 0.0075345 -0.000173949 -0.00273827 -0.00695983 0.00569426 -1.57774e-05 0.0144113 0.00566497 0.0113059 0.00408299 -0.0188098 -0.034024 -0.0247197
internal_weight=6109.51 9.84375 6099.66 6095.36 41.6522 37.3741 7.02409 4.49403 4.27803 6053.71 3.40595 30.35 27.9251 6049.77 170.062 5879.71 5874.85 109.837 5765.02 160.519 106.968 53.5511 5650.07 25.4469 104.303 60.2309 40.0994 37.3043 9.5431 28.8722
internal_count=28000 73 27927 27891 655 343 111 84 312 27236 77 232 219 27184 981 26203 26176 525 25651 935 649 286 25003 117 497 276 183 192 46 147
is_linear=0
shrinkage=0.05


Tree=97
num_leaves=31
num_cat=0
split_feature=38 39 38 39 38 39 39 38 7 0 39 11 0 0 39 40 38 38 38 40 10 6 39 39 0 11 38 11 11 38
split_gain=1.34103 2.87169 2.78029 3.39597 5.592 3.23558 5.13301 3.11829 3.04348 2.87412 3.66046 2.79871 2.74751 3.05488 2.56339 5.47865 2.35281 2.32394 2.17017 4.66395 5.4293 5.04902 3.5267 2.98924 3.5646 4.13524 2.79968 2.76106 2.76463 2.28444
threshold=4.030877617342794 3.8768917467430883 3.9689600969190457 3.6144040884350921 3.7719580414191989 3.6836992761039777 3.7014556151804201 3.999117158513001 1.5000000000000002 35.500000000000007 3.5006989127170525 27.500000000000004 32.500000000000007 34.500000000000007 3.7556188283926306 0.039230769230769243 3.9935001368732919 3.9666579022354393 4.0730876424175824 0.1731634182908546 6.5000000000000009 1.5000000000000002 3.6586137832561043 3.6254072918469564 25.500000000000004 15.500000000000002 4.1036875499420065 20.500000000000004 19.500000000000004 4.1066632247880905
decision_type=2 2 2 2 2 2 2 2 2 2 2 2 2 2 2 2 2 2 2 2 2 2 2 2 2 2 2 2 2 2
left_child=1 2 3 9 -5 12 7 -7 11 -1 -11 14 -4 -14 15 16 -8 -6 19 21 -21 -2 -23 27 25 -25 -26 28 -20 -28
right_child=18 -3 5 4 17 6 8 -9 -10 10 -12 -13 13 -15 -16 -17 -18 -19 23 20 -22 22 -24 24 26 -27 29 -29 -30 -31
leaf_value=-0.00036204754846099483 0.010332028705082362 0.032002532629103353 -7.5961762642941542e-05 0.034232021967635917 0.0026293078673654581 -0.048569293843739453 0.0077143226162051355 -0.012179043526622076 0.029276676100255857 0.0014566949873667631 0.051717728974736588 0.0074413069853498815 -0.044236982416434756 0.00039530998856970184 -0.020017620992653036 0.047281180740788527 -0.017947591879593015 0.024624144186772962 -0.013390700667922452 -0.077369721809814274 0.028069907427106907 0.0038966048463600434 -0.033863741307220453 -0.018564528579280992 -0.010487648253661913 0.026446758623926481 0.017095926988647547 -0.0038636288690771167 -0.074948816364425089 4.9363857700023094e-05
leaf_weight=4720.2428347654641 183.93847316130996 6.9044563043862572 297.56589275039732 15.318134777247904 348.40621787589043 12.546363890171053 13.467341631650923 11.090872034430502 5.8139871247112742 9.0950621077790839 6.0204854682087889 23.869307823479176 7.6188578605651838 7.7172150500118732 46.456628244370222 4.7897642720490685 26.522940889000893 12.438212204724548 3.7022615727037218 3.4350802712142459 1.8940774742513893 13.285242497920992 11.567597202956675 6.448047528043392 59.104119627736509 24.455789834260941 21.948227171786129 10.745210453867911 3.5949991494417191 188.00472071534023
leaf_count=21026 847 41 1313 70 1551 54 59 48 41 64 35 120 34 41 211 30 115 57 26 23 35 61 50 40 311 110 109 46 15 1417
internal_value=5.50166e-06 -0.000223368 -0.000263322 7.08948e-05 0.00464352 -0.00399777 -0.0101844 -0.0314946 -0.00601872 -0.000292341 0.0214755 -0.00780149 -0.00113962 -0.0217777 -0.0117893 -0.00325292 -0.00930555 0.00338746 0.00240373 0.00629505 -0.0398946 0.00747398 -0.0136787 -0.000216407 0.000972507 0.0170552 -0.000874749 -0.0199824 -0.0437173 0.00183139
internal_weight=6108.01 5575.88 5568.98 5111.52 376.163 457.459 144.557 23.6372 120.92 4735.36 15.1155 115.106 312.902 15.3361 91.2367 44.78 39.9903 360.844 532.124 214.12 5.32916 208.791 24.8528 318.003 299.961 30.9038 269.057 18.0425 7.29726 209.953
internal_count=28000 24910 24869 22803 1678 2066 678 102 576 21125 99 535 1388 75 415 204 174 1608 3090 1016 58 958 111 2074 1987 150 1837 87 41 1526
is_linear=0
shrinkage=0.05


Tree=98
num_leaves=31
num_cat=0
split_feature=36 39 40 12 40 39 38 38 39 38 11 34 41 39 41 10 39 38 38 41 39 38 39 38 38 38 39 39 38 39
split_gain=1.31943 1.71325 1.18684 1.86365 1.38784 3.01593 2.23734 2.04988 1.83729 1.69289 1.32879 2.4448 2.12584 5.83579 3.33589 2.35438 3.53734 3.57628 3.45106 2.23434 2.18994 4.24118 2.79515 2.72544 2.6973 1.93076 2.98899 2.61675 2.17299 1.93026
threshold=1.0000000180025095e-35 3.3920199341727337 0.30151515151515157 5.5000000000000009 0.36055555555555557 3.0850088017388173 3.8443087154995541 3.5367474890668338 3.2647583761866841 3.5754877035188977 17.500000000000004 1.0000000180025095e-35 0.22361111111111112 3.6396517497830132 0.21913109756097562 3.5000000000000004 3.3754072918469564 3.9914725034370799 3.8694540037139569 0.20761494252873566 3.8075592492374004 4.1066632247880905 3.6758507507459961 4.2654321889523965 4.0234683908255011 3.5771824039098052 2.9691539917456269 2.807372686467164 3.4209799704839883 2.8569235677759424
decision_type=2 2 2 2 2 2 2 2 2 2 2 2 2 2 2 2 2 2 2 2 2 2 2 2 2 2 2 2 2 2
left_child=2 -2 10 4 7 9 -7 -4 -8 -6 11 12 13 15 20 19 -17 18 -18 -1 21 22 -15 -22 -24 26 27 -12 -28 -29
right_child=1 -3 3 -5 5 6 8 -9 -10 -11 25 -13 -14 14 -16 16 17 -19 -20 -21 23 -23 24 -25 -26 -27 28 29 -30 -31
leaf_value=-0.054972187769371308 -0.013237021644254252 0.04027007390707945 0.04980515137430342 0.040334373940003644 0.0014748743263608526 0.05889247504419777 -0.040607566690795495 0.0066483683047092569 0.01868495727337138 -0.046745329336420116 0.017829253659037283 -0.038660169021375049 -0.00056440039981960402 0.0035724035808436827 -0.043732225667392197 -0.039592288848404031 -0.0027215397790155901 -0.029861006911100708 0.063271237578284956 -0.020404692047635495 0.062417603645156229 -0.034266224567771168 0.0089081654904854569 -0.019359606111948646 0.072504680793664872 0.00031800255119233728 0.028161683286147401 -0.04416229213545278 0.0067845404124326075 -0.0089328268894605933
leaf_weight=5.4548850804567328 2.2588604837656012 4.4299234878271818 3.2462544366717365 4.1209408342838278 2.9190907571464768 2.1403837436810118 1.9432493112981317 18.053634164854884 3.9874469134956598 4.8348961472511292 7.713104933500289 4.2722785621881476 2747.2844122983515 12.92068301886321 2.8365103118121615 4.582824543118476 3.8814599066972715 3.4768429212272167 4.0462331958115101 32.683876410126686 4.0436862241476765 5.0348186753690234 3.0794760230928651 1.3620327953249214 3.6356011033058167 3037.0813692118973 13.02397099137306 4.7446804940700558 136.2595981657505 21.538468703627586
leaf_count=23 11 46 19 313 23 31 18 142 76 34 37 20 12515 55 24 23 22 24 27 137 59 27 17 32 24 13476 60 21 573 91
internal_value=5.45246e-06 0.0222003 -1.88838e-05 0.00843397 0.00489296 -0.00632265 0.015072 0.0132258 -0.000742805 -0.0285922 -7.6426e-05 -0.000865104 -0.000808134 -0.00850131 0.00810159 -0.0185971 -0.00249071 0.0124183 0.0309607 -0.0253488 0.0129901 0.00667452 0.0171722 0.0418129 0.0433399 0.000618756 0.00560247 -0.00777781 0.00864955 -0.0152925
internal_weight=6106.89 6.68878 6100.2 41.2459 37.125 15.8251 8.07108 21.2999 5.9307 7.75399 6058.96 2838.6 2834.32 87.0389 32.9128 54.1261 15.9874 11.4045 7.92769 38.1388 30.0763 24.6706 19.6358 5.40572 6.71508 3220.36 183.28 33.9963 149.284 26.2831
internal_count=28000 57 27943 656 343 182 125 161 94 57 27287 13029 13009 494 238 256 96 73 49 160 214 123 96 91 41 14258 782 149 633 112
is_linear=0
shrinkage=0.05


Tree=99
num_leaves=31
num_cat=0
split_feature=28 39 7 38 10 7 38 10 10 10 39 0 0 0 7 39 38 38 11 41 38 39 12 39 39 38 38 38 38 38
split_gain=1.25493 2.88561 1.19723 1.93015 1.68686 3.15724 2.18869 2.01341 1.77409 1.90132 1.72392 2.92021 1.98803 2.19734 2.73296 2.37693 3.70808 3.13414 2.18262 2.22455 2.0861 1.70344 3.96625 3.94756 7.86973 6.83213 5.21773 4.95573 4.03976 3.93819
threshold=1.0000000180025095e-35 3.6309005040087921 1.0000000180025095e-35 3.3299574648874768 1.0000000180025095e-35 2.5000000000000004 3.4842291702451242 7.5000000000000009 2.5000000000000004 5.5000000000000009 4.137189849698534 31.500000000000004 29.500000000000004 27.500000000000004 1.5000000000000002 3.6248401734868243 3.978598834686681 3.9102061097784131 17.500000000000004 0.23861283643892342 3.879456487392646 3.2360563169422236 6.5000000000000009 3.3929372919485519 3.4992275444280256 3.6979571675716261 3.9133352175882434 3.7720678163213806 3.8694540037139569 3.7838244546904183
decision_type=2 2 2 2 2 2 2 2 2 2 2 2 2 2 2 2 2 2 2 2 2 2 2 2 2 2 2 2 2 2
left_child=2 -2 -1 -4 21 6 -6 10 -7 -10 11 12 13 14 15 16 17 20 19 -17 -8 22 -5 28 26 -26 27 -25 29 -23
right_child=1 -3 3 4 5 8 7 -9 9 -11 -12 -13 -14 -15 -16 18 -18 -19 -20 -21 -22 23 -24 24 25 -27 -28 -29 -30 -31
leaf_value=-0.0002984755676245617 -0.001195624782686233 0.056814743965663841 0.031049292198890521 -0.00243135196440719 -0.039524688542798607 -0.052126898299508208 0.013404131806553058 0.051218161885815898 0.018857997259622009 -0.038745126249839196 -0.033003684174530222 0.045678976244781233 -0.017806485087989831 0.032936807166082181 -0.031676090798154637 -0.045273554919380073 0.065017245682163716 -0.020858374812940787 0.026764510519905384 7.1479027335910212e-05 0.051023100868965159 0.010838282993285906 -0.039649633801066314 -0.026903298846611079 0.063720800525324126 0.001685068102217532 -0.042324593850332784 0.0018037654049679751 0.025531942634941088 -0.0090277515013600824
leaf_weight=5280.5635052029975 6.4820530340075475 3.2029944723471999 5.5864951014518729 95.968927159905434 2.1244775354862204 2.9773077555000764 24.898114126175646 3.1292882612906388 3.4868013076484203 2.4314975664019585 2.2301060240715733 5.819084618240594 6.3714657370001069 10.091532044112681 4.1033693812787524 4.3065072596073133 3.676083166152238 5.9432866889983407 3.8261950910091391 7.2718429435044527 4.325421752408146 81.235866710543633 7.7352185547351828 23.960363887250423 4.4908047020435324 379.28194559924304 14.256549522280691 40.35346582531929 29.16706682741642 36.00289560854435
leaf_count=23545 32 41 25 415 9 20 145 176 31 31 40 106 85 128 22 38 25 43 22 55 26 337 37 102 21 1937 62 174 121 149
internal_value=5.39635e-06 0.0179893 -2.31775e-05 0.00176043 0.00155829 0.0077438 0.0106097 0.0118483 -0.0206453 -0.0048079 0.0103616 0.0115609 0.0089072 0.011394 0.00766831 0.0106444 0.0172355 0.0122407 -0.00597518 -0.0167944 0.0189722 0.000716029 -0.00520744 0.00172513 -0.000540624 0.00241099 -0.0149576 -0.00889116 0.00888027 0.00473761
internal_weight=6105.3 9.68505 6095.62 815.052 809.465 97.0124 88.1168 85.9923 8.89561 5.9183 82.863 80.6329 74.8138 68.4424 58.3508 54.2475 38.8429 35.1668 15.4045 11.5784 29.2235 712.453 103.704 608.749 462.343 383.773 78.5704 64.3138 146.406 117.239
internal_count=28000 73 27927 4382 4357 1002 920 911 82 62 735 695 589 504 376 354 239 214 115 93 171 3355 452 2903 2296 1958 338 276 607 486
is_linear=0
shrinkage=0.05


Tree=100
num_leaves=31
num_cat=0
split_feature=36 41 40 38 40 41 40 39 38 38 41 40 41 39 38 39 38 38 38 1 1 39 39 38 39 1 39 41 41 1
split_gain=1.20618 1.6255 1.17943 4.38406 2.9775 7.6893 4.38268 4.34264 6.04901 4.07278 3.5312 2.92615 2.69008 2.63096 2.22423 2.63602 3.41367 2.49202 5.31968 5.22434 4.34716 3.18194 3.41171 2.75585 4.70014 3.92988 3.50498 3.44083 3.03357 2.90296
threshold=1.0000000180025095e-35 0.21913109756097562 0.049390243902439034 3.1830947672697021 0.032795698924731186 0.28102564102564109 0.025657894736842109 3.5006989127170525 3.8441697217888655 3.9001973936571717 0.20761494252873566 0.051956815114709856 0.22967032967032971 2.3604923862825689 3.5771824039098052 3.038855503989351 3.4729297375596802 4.0323197628658649 3.978598834686681 15.500000000000002 27.500000000000004 3.8224980385805121 3.7948710299710378 3.9866390033333201 3.6836992761039777 21.500000000000004 3.6407368646986655 0.21913109756097562 0.17974358974358975 25.500000000000004
decision_type=2 2 2 2 2 2 2 2 2 2 2 2 2 2 2 2 2 2 2 2 2 2 2 2 2 2 2 2 2 2
left_child=2 -2 4 -4 6 7 12 9 -9 10 -6 -5 14 -13 15 -1 -17 18 21 -19 23 22 -16 26 27 -26 28 -25 -20 -27
right_child=1 -3 3 11 5 -7 -8 8 -10 -11 -12 13 -14 -15 17 16 -18 19 20 -21 -22 -23 -24 24 25 29 -28 -29 -30 -31
leaf_value=-0.0012134947369219428 0.0001023700913662911 0.050402963352727898 0.053700014906497145 0.017074022194549461 -0.039655764152526654 0.045746766617765749 0.04650996276086776 -0.067070203787721702 -0.015815327494569924 0.0363416146608131 -0.0016796464273267928 -0.0418578907230805 -0.0014774671185849716 0.0011837995401675573 0.00057242310577066541 0.025729660821430436 0.0059780421884932551 0.022563620210877544 -0.010838900286111678 0.0023088096790002829 0.023072632659653702 0.031110418415870252 -0.039106199769992959 -0.0014822944445010526 -0.021771337069639445 0.0064478627986256122 -0.0018548377370822115 0.040181392319960811 -0.058207100020786634 -0.028906479556426775
leaf_weight=97.481042616069317 3.792742069810628 2.7858895380049944 4.0742410570383063 29.424637645483017 7.2334409207105628 6.0950699597597113 5.0394678674638262 6.843532219529151 36.23810139298439 5.9637990221381179 39.812058165669441 3.5710928011685601 2206.6077385917306 612.19186020642519 2258.916847396642 26.18242946267128 132.9811032563448 35.245991244912148 5.418160721659663 329.03538592904806 11.283245701342819 8.5089673623442632 5.4305294901132575 99.291528422385454 65.507978662848473 27.556237168610096 9.9969726353883726 5.2158194631338111 8.9854469299316388 7.3562483787536612
leaf_count=414 36 21 26 129 29 27 42 28 161 26 166 30 10227 3671 9380 117 552 147 22 1657 69 40 25 416 278 124 43 24 38 35
internal_value=5.42898e-06 0.0214034 -1.76575e-05 0.00199676 -0.000257714 -0.00871224 -9.61114e-05 -0.0121666 -0.0239572 -0.00258415 -0.00751863 0.00167026 -0.000140086 0.000934181 0.000801427 0.00526151 0.00922719 0.000403666 -0.00015648 0.00426856 -0.00722622 0.000591945 0.000477263 -0.00871696 -0.00682563 -0.0145504 -0.0246013 0.000597083 -0.0403888 -0.00100149
internal_weight=6104.07 6.57863 6097.49 649.262 5448.23 102.186 5346.04 96.0909 43.0816 53.0093 47.0455 645.188 5341 615.763 3134.39 256.645 159.164 2877.75 2513.47 364.281 240.612 2272.86 2264.35 229.328 204.928 100.42 24.4006 104.507 14.4036 34.9125
internal_count=28000 57 27943 3856 24087 437 23650 410 189 221 195 3830 23608 3701 13381 1083 669 12298 10494 1804 1049 9445 9405 980 877 437 103 440 60 159
is_linear=0
shrinkage=0.05


Tree=101
num_leaves=31
num_cat=0
split_feature=28 0 7 40 40 38 11 40 7 40 38 39 38 0 38 38 11 38 39 39 11 39 39 39 39 11 38 0 0 11
split_gain=1.15118 2.79847 1.09481 2.14093 2.58535 3.17329 5.01228 3.55331 3.31824 1.71241 1.43444 2.84491 1.70193 3.66187 3.36367 1.88802 1.70726 1.59581 6.89738 7.20349 3.61755 2.70662 4.45543 1.85432 4.43633 2.11769 1.76587 1.66802 1.38944 1.34849
threshold=1.0000000180025095e-35 27.500000000000004 1.0000000180025095e-35 0.15504807692307696 0.17902930402930406 4.1806421890487728 11.500000000000002 0.22048611111111113 1.5000000000000002 0.1856158484065461 3.4086220332190753 2.807372686467164 3.5020405073447978 20.500000000000004 3.5470132150399563 3.5715146852060999 11.500000000000002 3.6420882860777777 3.0232263396109507 3.3238656213382543 17.500000000000004 3.085551857534758 3.0983559703478538 3.2360563169422236 3.2408350000536879 15.500000000000002 3.6637018666367642 21.500000000000004 21.500000000000004 15.500000000000002
decision_type=2 2 2 2 2 2 2 2 2 2 2 2 2 2 2 2 2 2 2 2 2 2 2 2 2 2 2 2 2 2
left_child=2 -2 -1 10 -5 6 8 -8 -6 -7 11 -4 13 -12 -14 -16 -17 18 -18 20 28 26 -23 25 -25 -24 -19 -28 -20 -26
right_child=1 -3 3 4 5 9 7 -9 -10 -11 12 -13 14 -15 15 16 17 21 19 -21 -22 22 23 24 29 -27 27 -29 -30 -31
leaf_value=-0.00028504422581511425 -0.0072555576652002483 0.047133787638752742 -0.010252003896169638 0.051963538567996806 0.046700494998748947 -0.046152625771846055 -0.0073861197977930842 -0.098346508539253946 -0.04401975235425009 0.052422617912570794 -0.037752436499105903 0.04098153157898151 0.023850188434522458 0.0070307308723993852 -0.033331384238299726 -0.032313913110966964 0.071256807566729197 -0.044920816467775765 0.016920857189198762 0.044341119224974773 -0.048097777216707785 0.040426583691595852 0.01186826936104942 0.033819301674299043 -0.0064703389643530305 -0.018009189954869664 -0.024525373829731967 0.014109524512675539 -0.012706182109915882 0.0015959828748908656
leaf_weight=5279.0039780898951 5.2267228662967664 4.3195220669731498 4.7206781506538373 4.3888882249593761 4.0441623213700932 0.49254830181598563 2.3984629157930613 1.9438002365641294 1.3425670461729167 4.1746903965249658 8.6137328371405619 6.3601455241441727 16.327031806111336 9.7107776105403882 4.004284754395484 3.8047761172056189 4.2740604132413855 4.7774909734725979 6.8791510760784247 7.8116057962179175 5.1879907548427573 7.1768887639045706 7.8059548288583747 10.388291768729685 56.849980428814888 24.689175836741924 6.8587752729654294 4.71369668841362 9.3172205761075002 584.7795728687197
leaf_count=23545 25 48 23 63 84 8 40 39 9 181 42 27 70 42 17 20 19 22 29 36 22 30 34 44 250 104 31 20 40 3036
internal_value=5.29979e-06 0.0173547 -2.18833e-05 0.00168513 0.0183689 0.00812709 -0.00813202 -0.0481042 0.0240897 0.0420197 0.00129093 0.0191549 0.00103844 -0.0140203 0.00139885 0.000909649 0.00109361 0.00126503 0.0119335 0.00324906 -0.0117617 0.000760717 0.00123601 0.000825106 0.00140607 -0.0108321 -0.0193465 -0.00878862 -0.000122569 0.000881287
internal_weight=6102.39 9.54624 6092.84 813.836 18.7851 14.3962 9.72899 4.34226 5.38673 4.66724 795.051 11.0808 783.97 18.3245 765.646 749.319 745.315 741.51 33.47 29.196 21.3844 708.04 691.69 684.513 652.018 32.4951 16.35 11.5725 16.1964 641.63
internal_count=28000 73 27927 4382 424 361 172 79 93 189 3958 50 3908 84 3824 3754 3737 3717 146 127 91 3571 3498 3468 3330 138 73 51 69 3286
is_linear=0
shrinkage=0.05


Tree=102
num_leaves=31
num_cat=0
split_feature=36 39 40 38 40 41 40 39 38 38 41 40 41 39 7 0 38 7 40 38 39 0 41 38 41 41 38 7 7 0
split_gain=1.0969 1.62377 1.06103 3.89663 2.67557 6.9901 4.06298 3.92571 5.46997 3.67452 3.1893 2.67095 2.5484 2.39246 2.19139 2.08514 4.94591 4.19475 2.82183 2.62191 5.25161 2.46795 3.64549 3.17987 7.78354 2.96193 2.72338 3.54427 2.25206 2.07339
threshold=1.0000000180025095e-35 3.3920199341727337 0.049390243902439034 3.1830947672697021 0.032795698924731186 0.28102564102564109 0.025657894736842109 3.5006989127170525 3.8441697217888655 3.9001973936571717 0.20761494252873566 0.051956815114709856 0.28102564102564109 2.3604923862825689 1.0000000180025095e-35 27.500000000000004 4.0439025292556732 1.5000000000000002 0.057983193277310933 3.8694540037139569 3.385224931152861 31.500000000000004 0.19538706256627789 4.235498516310356 0.17817460317460321 0.17817460317460321 4.3491958551321925 1.0000000180025095e-35 2.5000000000000004 28.500000000000004
decision_type=2 2 2 2 2 2 2 2 2 2 2 2 2 2 2 2 2 2 2 2 2 2 2 2 2 2 2 2 2 2
left_child=2 -2 4 -4 6 7 12 9 -9 10 -6 -5 -1 -13 -10 17 19 -15 -18 20 -17 22 23 25 -25 -20 28 -28 -23 -24
right_child=1 -3 3 11 5 -7 -8 8 14 -11 -12 13 -14 15 -16 16 18 -19 21 -21 -22 26 29 24 -26 -27 27 -29 -30 -31
leaf_value=0.00017411570943335697 -0.013807146986511044 0.03872199106858476 0.05026791650396302 0.016319286663894327 -0.037647768538006166 0.043846997770729854 0.045427623961080278 -0.063755804544361486 -0.022076178104887781 0.034569691373536618 -0.0015604812278084772 -0.040100801222310502 -0.0040194511389148061 0.00054482429806155944 0.0063587483558084461 0.054105226678644092 -0.082799889501463178 -0.050637252861100324 -0.034945754146690176 0.039091996603124478 -0.037490425869493541 0.043864451551537842 0.054929833001225441 0.0040111808639600299 -0.14612663246109775 0.030688094451460802 -0.098150872767328007 0.0069627776590723391 -0.018083697510831453 -0.00094679990811995327
leaf_weight=4948.0084942243993 2.2502855807542792 4.2491515297442675 4.1365555897355071 29.353681404143572 7.2354666888713828 6.0550138205289832 4.8978421650826922 6.8402982354164115 27.270962551236153 5.9572759047150603 39.801982626318932 3.5407136948779216 390.89744854718447 549.5811686036177 9.0157693810760957 2.7153827003203359 1.0363254286348809 4.0325979739427558 4.8342519570142048 16.221714677289128 3.6934148194268346 7.7826756718568486 2.2415286395698768 1.7611005231738093 1.6932379882782695 2.6673872908577323 0.98235950246453185 4.3667944418266416 1.8079280685633419 6.4014669945463538
leaf_count=21376 11 46 26 129 29 27 42 28 113 26 166 30 2232 2884 48 27 8 23 35 156 24 161 41 19 30 24 17 113 19 90
internal_value=5.1937e-06 0.0205349 -1.66989e-05 0.00189456 -0.000244412 -0.00825914 -9.11654e-05 -0.0115415 -0.0227425 -0.00242606 -0.00711156 0.00158419 -0.000132924 0.000881302 -0.0150113 0.00111847 0.0101206 0.000172007 -0.00150414 0.0283948 0.0013183 0.000935113 -0.0107341 -0.0298871 -0.069583 -0.0116081 0.0162435 -0.0123411 0.0321866 0.0135446
internal_weight=6101.33 6.49944 6094.83 648.85 5445.98 102.177 5343.8 96.1218 43.127 52.9947 47.0374 644.714 5338.91 615.36 36.2867 611.819 58.2056 553.614 35.5751 22.6305 6.4088 34.5387 19.599 10.956 3.45434 7.50164 14.9398 5.34915 9.5906 8.643
internal_count=28000 57 27943 3856 24087 437 23650 410 189 221 195 3830 23608 3701 161 3671 764 2907 557 207 51 549 239 108 49 59 310 130 180 131
is_linear=0
shrinkage=0.05


Tree=103
num_leaves=31
num_cat=0
split_feature=39 39 0 39 6 41 6 7 39 0 0 0 41 41 41 41 11 40 10 41 41 39 39 40 11 39 39 41 7 41
split_gain=1.05124 2.70359 2.68844 2.71387 2.92356 2.70274 1.64649 2.44975 2.05211 1.72619 4.40307 2.31901 2.03562 1.38228 3.13741 3.12457 2.77874 1.99445 3.04402 1.72693 1.36624 1.34469 1.28258 6.57194 8.2436 2.9959 3.06784 2.35867 2.21206 1.78914
threshold=3.591483651618089 3.6061271041370619 37.500000000000007 3.5772185880117249 1.5000000000000002 0.21913109756097562 1.5000000000000002 3.5000000000000004 3.978598834686681 38.500000000000007 37.500000000000007 35.500000000000007 0.16336256195196344 0.24068965517241384 0.22653958944281527 0.20761494252873566 18.500000000000004 0.082207207207207214 1.0000000180025095e-35 0.21913109756097562 0.21320346320346323 3.8367752889555726 3.5375986596785869 0.10990338164251208 16.500000000000004 3.5216406363433199 3.5219916518807821 0.19139194139194141 1.0000000180025095e-35 0.18677325581395351
decision_type=2 2 2 2 2 2 2 2 2 2 2 2 2 2 2 2 2 2 2 2 2 2 2 2 2 2 2 2 2 2
left_child=2 -2 3 22 5 -5 7 8 13 10 11 12 -10 14 15 -3 -17 18 -15 21 -14 -18 25 24 28 -1 -27 -28 -24 -26
right_child=1 6 -4 4 -6 -7 -8 -9 9 -11 -12 -13 20 17 -16 16 19 -19 -20 -21 -22 -23 23 -25 29 26 27 -29 -30 -31
leaf_value=-0.00022710680998555807 0.02022289230795829 0.00030080791860136489 0.035421989873828739 -0.013871699216241498 -0.048150473960860529 0.0030657616750797336 -0.0056220712519002985 -0.034714346639091384 -0.018322430398844833 0.038246289230955015 -0.06079509077925889 0.055383694364620865 0.027917202099760771 0.011535931033196585 -0.0094263373320034611 -0.00058070023495266341 0.014472572624455624 0.041717625736287761 -0.030128221117108001 0.0010466551147823766 -0.0051949831021102276 0.041294627883596675 -0.043836287157046301 0.0471650510167844 -0.00030875624007184227 -0.040344087233144504 -0.013674866711756937 0.010031336843651963 -0.012921755129541718 0.0084192773311584906
leaf_weight=4534.6110249664634 18.72556234523654 705.14557607937604 5.2592721050605169 55.169673403725028 4.4373333305120459 41.099216029047966 85.010909475386143 4.6183701679110518 5.1718806736171379 6.1006918018683782 2.095474869478493 3.0674811229109755 10.485798629932104 35.942705780267715 67.332879099063575 62.526722720824182 79.328044850379229 4.4451166428625575 4.9929042235016814 24.818154916167259 4.4319338947534552 4.9652776196598998 10.294157236814499 8.2303595775738341 104.91377264261246 7.9763390719890586 37.521606626920402 14.565799631178377 13.214390859007835 133.33807969093323
leaf_count=20298 87 3391 45 234 19 187 382 33 45 124 26 55 169 172 355 297 372 44 26 135 50 40 44 50 433 34 157 69 54 573
internal_value=5.26903e-06 0.00138242 -0.000307586 -0.000345431 -0.00846975 -0.00664074 0.00106472 0.00161906 0.00178343 0.0143772 0.00861072 0.0148912 0.00870843 0.00138438 0.000974665 0.00177341 0.00782336 0.00990828 0.00645417 0.0126393 0.0180798 0.0160525 -0.000177245 0.00317193 0.00178868 -0.000374048 -0.0114676 -0.00704563 -0.0264589 0.0045759
internal_weight=6099.84 1129.21 4970.63 4965.37 100.706 96.2689 1110.48 1025.47 1020.85 31.3533 25.2526 23.1571 20.0896 989.497 944.117 876.784 171.638 45.3807 40.9356 109.111 14.9177 84.2933 4864.67 269.991 261.76 4594.67 60.0637 52.0874 23.5085 238.252
internal_count=28000 5803 22197 22152 440 421 5716 5334 5301 469 345 319 264 4832 4590 4235 844 242 198 547 219 412 21712 1154 1104 20558 260 226 98 1006
is_linear=0
shrinkage=0.05


Tree=104
num_leaves=31
num_cat=0
split_feature=28 39 40 12 39 38 39 40 39 38 38 40 7 39 40 38 11 0 0 38 0 38 39 11 39 39 38 11 11 40
split_gain=1.04429 2.69044 1.04436 1.7215 1.31661 2.89138 1.62029 1.60886 2.84688 1.95103 1.80657 1.65261 1.31364 1.11459 3.24718 2.12462 3.7606 2.71379 2.39348 2.09327 2.95637 2.35756 1.93658 3.71912 1.902 1.75656 2.22038 2.12656 1.57245 1.56614
threshold=1.0000000180025095e-35 3.6309005040087921 0.30151515151515157 5.5000000000000009 3.2778374513259747 3.8443087154995541 3.6980458290502227 0.36055555555555557 2.9852281360342525 3.5754877035188977 3.5367474890668338 0.31909090909090915 2.5000000000000004 2.6435987411598707 0.13574938574938578 3.3470203280915363 8.5000000000000018 23.500000000000004 17.500000000000004 3.4086220332190753 17.500000000000004 3.4324466276812697 2.7206113102771714 14.500000000000002 2.2426799698513049 2.750814583693912 3.2827785645955903 16.500000000000004 9.5000000000000018 0.061553030303030311
decision_type=2 2 2 2 2 2 2 2 2 2 2 2 2 2 2 2 2 2 2 2 2 2 2 2 2 2 2 2 2 2
left_child=2 -2 13 4 5 7 -6 10 9 -9 -4 -12 -5 14 19 17 -17 25 29 20 -1 -21 23 -20 -22 -15 -27 -28 -16 -18
right_child=1 -3 3 12 6 -7 -8 8 -10 -11 11 -13 -14 15 28 16 18 -19 22 21 24 -23 -24 -25 -26 26 27 -29 -30 -31
leaf_value=-0.00036502308550421701 -0.0014128771684831518 0.056279339921614741 0.04888548639541556 0.050949439917203881 0.033156677319073589 -0.043984953396835107 -0.030000230099891553 0.001093369671177323 0.028564188566338813 -0.053943849972190185 -0.0063621465503223467 0.030672665554309749 -0.036239916868573217 -0.0024344677707400634 -0.054124489591257534 0.045508110693928669 -0.010021470857403156 0.041423818652825566 -0.00054115624454678841 0.023351705258889258 0.016422535825774923 -0.00055683873609225609 -4.3475367157480986e-05 0.039298306840499148 -0.021610236923688398 0.024203348095309711 0.0088385628520751443 -0.022833329645120897 -0.013199670383012556 0.005300704552221782
leaf_weight=69.416961699724197 6.4491580873727781 2.9430034663528204 3.1731371358037093 3.3609292716719206 6.4107251623645416 3.3380359075963488 1.2066724468022583 2.8948487415909749 3.1176653634756804 3.6286708582192659 8.4464254826307279 4.6819866672158232 0.49572353065013874 44.206804610788822 4.4651262462139112 4.5181225128471842 93.782803013920784 5.4197127744555464 16.292816400527958 13.944196052849291 3.6465649008750907 39.57200675457716 5624.9276890000328 9.1467349231243116 33.36302138864994 20.203851446509361 33.847709864377975 6.2838768362998954 4.9483048617839813 20.284626305103302
leaf_count=457 32 41 19 302 99 30 33 23 37 20 50 32 10 222 23 26 563 28 78 67 20 219 24973 39 173 93 157 26 23 85
internal_value=5.23134e-06 0.0166648 -2.04656e-05 0.00795668 0.0046344 -0.000182958 0.023152 0.00545302 -0.0107379 -0.0295208 0.0150288 0.00684558 0.0397424 -7.42177e-05 -0.0040733 4.09855e-05 -9.0245e-05 0.00692575 -0.000125985 -0.00239367 -0.00644985 0.00567278 1.87755e-05 0.013783 -0.0178629 0.00513729 0.010685 0.00387932 -0.0326118 -0.00729673
internal_weight=6098.42 9.39216 6089.03 40.7548 36.8982 29.2808 7.6174 25.9427 9.64118 6.52352 16.3015 13.1284 3.85665 6048.27 169.356 5878.91 5768.95 109.962 5764.43 159.943 106.427 53.5162 5650.37 25.4396 37.0096 104.542 60.3354 40.1316 9.41343 114.067
internal_count=28000 73 27927 655 343 211 132 181 80 43 101 82 312 27272 982 26290 25764 526 25738 936 650 286 25090 117 193 498 276 183 46 648
is_linear=0
shrinkage=0.05


Tree=105
num_leaves=31
num_cat=0
split_feature=36 41 39 38 38 38 39 0 39 39 38 38 39 38 0 38 38 39 38 38 39 38 40 39 38 38 38 11 38 38
split_gain=0.995765 1.55408 0.96546 7.18247 4.16418 3.37048 3.19307 2.84257 5.20677 3.56997 3.14592 2.87276 4.61867 5.5275 5.46705 3.84597 2.58223 2.57173 2.52342 4.36955 5.51331 4.75813 5.03465 4.42583 3.74635 5.02671 3.73127 3.57512 3.25071 3.17202
threshold=1.0000000180025095e-35 0.21913109756097562 3.3293288462733837 3.6901884542810257 3.6892128038702086 3.5470132150399563 3.5071353490160777 28.500000000000004 3.0391486719030718 3.2408350000536879 3.7231528091130959 3.9315723663202506 3.3225011421579662 3.8331702983031941 27.500000000000004 3.7231528091130959 3.7529533538348692 3.3359272410873366 3.7463387134281234 3.5944740717404371 3.2935531298437213 3.6637018666367642 0.19756097560975613 3.23966092346532 3.54641915521186 3.4729297375596802 3.6634117814909573 14.500000000000002 3.5020405073447978 3.8797789142116303
decision_type=2 2 2 2 2 2 2 2 2 2 2 2 2 2 2 2 2 2 2 2 2 2 2 2 2 2 2 2 2 2
left_child=2 -2 7 4 5 -4 -7 11 -9 -10 -11 12 18 14 15 -14 -17 -5 19 23 21 26 -23 -1 25 -25 -21 -26 -27 -20
right_child=1 -3 3 17 -6 6 -8 8 9 10 -12 -13 13 -15 -16 16 -18 -19 29 20 -22 22 -24 24 27 28 -28 -29 -30 -31
leaf_value=-0.00027822884607803017 -0.0011786980457154954 0.048787896510695275 0.03609706209136631 0.020097743855380976 0.034837266038328228 0.0042515507579339671 0.031410888147683676 -0.043328136713259628 0.02937621684341812 -0.014485271047325594 0.018016341846022021 0.016221318442205212 0.0063615869538807563 -0.025673311684551215 -0.047380516713649755 -0.022458283210748459 -0.0022691689579582598 -0.00013512075729084103 0.003791652703402953 -0.0073255892861254172 0.01651008109235538 -0.00020623211228762078 -0.030539907149848552 0.030415385469263798 0.054828998970103626 -0.046667306906809862 -0.025126535850639776 0.014581123899933761 -0.0037002941541372431 -0.0062848524752046331
leaf_weight=1201.6444716304541 3.719816777855157 2.6753832036629319 9.9071675986051542 15.792983476072548 15.391699299216269 159.08650354668498 11.611972257494925 4.1829697992652646 23.123504278250039 13.653128355741503 16.374376003630459 24.422609269618988 68.092659495770931 38.140586437657475 6.9688112735748282 27.015880644321442 38.278986926190555 2833.9072837950662 530.55830453056842 370.21959073701873 31.425884682685137 420.20643667131662 14.139434823766349 9.0200891941785795 6.1790554001927367 5.5922011584043529 31.981132005807012 51.537447646260262 20.682394191622734 91.582349598407745
leaf_count=5899 36 21 43 66 63 665 52 30 108 59 77 101 281 162 29 111 159 13078 2324 1644 132 1834 81 38 28 23 151 212 86 407
internal_value=5.05337e-06 0.0197244 -1.56518e-05 0.000613789 0.00987223 0.00774464 0.0060991 -0.000645232 0.0103826 0.0146097 0.00323827 -0.000856858 -0.000997612 -0.00879452 -0.00420786 -0.00195231 -0.0106225 -2.29906e-05 -0.000497849 -0.00130513 -0.00405 -0.00482236 -0.0011937 0.000535107 0.0110429 -0.00178935 -0.00874104 0.01889 -0.0128453 0.00230834
internal_weight=6097.12 6.3952 6090.72 3045.7 195.997 180.606 170.698 3045.02 57.334 53.151 30.0275 2987.69 2963.27 178.497 140.356 133.388 65.2949 2849.7 2784.77 2162.63 867.972 836.547 434.346 1294.66 93.0112 35.2947 402.201 57.7165 26.2746 622.141
internal_count=28000 57 27943 13967 823 760 717 13976 274 244 136 13702 13601 742 580 551 270 13144 12859 10128 3842 3710 1915 6286 387 147 1795 240 109 2731
is_linear=0
shrinkage=0.05


Tree=106
num_leaves=31
num_cat=0
split_feature=40 40 40 38 38 38 38 39 38 39 40 11 0 39 39 34 38 38 39 38 39 39 41 41 41 12 39 11 39 39
split_gain=1.0134 1.64526 1.14225 2.51099 3.40657 1.8485 2.65644 2.16451 1.29654 2.93261 1.14558 1.12353 2.66158 3.10956 2.61278 2.35445 1.97931 1.90423 4.00038 1.59463 3.32566 3.76126 3.16078 6.15205 4.0416 3.43254 3.55802 3.06495 3.03346 2.36062
threshold=0.30151515151515157 0.43614130434782611 0.39565217391304358 3.7193351740411753 3.7618368601866696 4.030877617342794 3.8797789142116303 3.1810996580484505 3.5180930346395796 2.8458951406467268 0.32882882882882886 18.500000000000004 24.500000000000004 2.874070339756567 2.9489574220674188 1.0000000180025095e-35 4.0486562361027003 3.5558672161174503 3.0391486719030718 4.1904138032371039 3.9699956519455788 3.9022431950643792 0.14670014347202298 0.16172624237140368 0.15707236842105265 8.5000000000000018 4.0595379647257905 22.500000000000004 3.8224980385805121 3.9699956519455788
decision_type=2 2 2 2 2 2 2 2 2 2 2 2 2 2 2 2 2 2 2 2 2 2 2 2 2 2 2 2 2 2
left_child=11 2 5 -4 -5 6 7 8 -2 -10 -11 15 16 -14 -15 -1 -13 18 -16 29 21 28 -22 24 -24 26 27 -25 -21 -19
right_child=1 -3 3 4 -6 -7 -8 -9 9 10 -12 12 13 14 17 -17 -18 19 -20 20 22 -23 23 25 -26 -27 -28 -29 -30 -31
leaf_value=-0.0006002918116430455 0.032090950426821502 0.050655233900242014 0.022113320541163276 -0.10853925448834989 -0.0084933672475637646 0.053269006000786337 -0.025578697191644097 0.055468763292962422 -0.037495740348365572 -0.0029407435218130771 0.0269532023738587 0.0036329524829330894 0.037757716170846195 -0.029578281950759729 -0.016763049232949034 -0.031265781473790166 0.021627028743380777 -0.00050529627027167084 0.018082768785194679 0.032157439020010906 0.030073723397788278 0.043042683002446791 -0.02652186168286505 -0.067761922864213217 -0.11316267820998008 -0.049192830685894293 0.040833453484485319 0.0078717248331717903 -0.012096649524055808 0.025593130182723862
leaf_weight=3355.628834400326 4.4079915024340286 2.1303775100968769 2.9973967168480149 1.2096050940454004 2.8689108095131814 2.2504722205921999 5.3537785811349741 2.7101144054904571 3.7232336699962643 6.0505928099155408 6.8138573206961155 420.73701922595501 5.4460153281688681 7.476456180214881 10.704244017601011 6.2710455805063239 15.858539551496504 2133.8272303389385 35.726169750094414 6.3742283545434537 5.4977280683815506 11.09496841020882 4.0691181374713805 1.7541175000369564 2.0113284671679139 2.5854102931916705 6.4175829840824008 5.6665056822821498 9.8656887235119921 8.6997139863669855
leaf_count=15257 27 240 57 8 54 63 61 43 19 38 46 1731 27 31 45 29 70 9399 156 36 65 87 41 23 21 19 103 58 67 79
internal_value=4.87465e-06 0.00788617 0.00551253 -0.0126307 -0.0381649 0.00961282 0.00623193 0.0134161 0.00798799 0.0015829 0.0128931 -4.78559e-05 0.000712976 2.17673e-05 -6.9499e-05 -0.000657493 0.00428655 2.88042e-05 0.0100493 -0.000182881 0.00819736 0.0206035 -0.0039133 -0.0122163 -0.0551815 0.00369049 0.0135708 -0.0100069 0.00527325 -0.000399324
internal_weight=6096.23 40.5163 38.386 7.07591 4.07852 31.31 29.0596 23.7058 20.9957 16.5877 12.8645 6055.71 2693.81 2257.22 2251.77 3361.9 436.596 2244.29 46.4304 2197.86 55.3367 27.3349 28.0018 22.5041 6.08045 16.4236 13.8382 7.42062 16.2399 2142.53
internal_count=28000 656 416 119 62 297 234 173 130 103 84 27344 12058 10257 10230 15286 1801 10199 201 9998 520 190 330 265 62 203 184 81 103 9478
is_linear=0
shrinkage=0.05


Tree=107
num_leaves=31
num_cat=0
split_feature=24 11 41 41 39 39 38 38 41 0 6 39 41 38 39 39 41 0 39 41 38 39 39 39 38 0 39 36 39 0
split_gain=0.999288 0.938399 1.82148 2.79316 1.89122 2.6278 5.61656 2.23056 3.99754 3.51935 3.32416 2.11688 2.05453 1.98113 2.35128 2.0639 3.55976 1.84362 1.82331 1.74895 1.81084 2.30137 1.72847 4.39429 2.12118 1.58336 1.5137 1.2826 2.14239 1.26758
threshold=1.0000000180025095e-35 28.500000000000004 0.18834459459459463 0.16823899371069184 3.2203127661787532 3.4324466276812697 3.8870841666935103 3.978598834686681 0.13680926916221037 35.500000000000007 1.5000000000000002 3.5071353490160777 0.13245614035087722 4.1342599164868217 3.6637018666367642 3.9107409774580582 0.15707236842105265 35.500000000000007 3.885005894457811 0.13536417773705914 4.0730876424175824 3.7745165547421649 3.8367752889555726 3.7745165547421649 4.0839003475882114 42.500000000000007 3.7962017251771987 1.0000000180025095e-35 3.3920199341727337 38.500000000000007
decision_type=2 2 2 2 2 2 2 2 2 2 2 2 2 2 2 2 2 2 2 2 2 2 2 2 2 2 2 2 2 2
left_child=1 27 3 4 -3 -6 11 8 12 -10 13 -7 -8 14 -9 -15 25 -13 -5 20 21 -16 23 -21 -24 -17 -4 -1 -29 -28
right_child=-2 2 26 18 5 6 7 10 9 -11 -12 17 -14 15 19 16 -18 -19 -20 22 -22 -23 24 -25 -26 -27 29 28 -30 -31
leaf_value=-0.00013508577718011322 0.022867736212785997 0.044753915889745859 0.0049069414310638588 0.014329626140419709 -0.024200666060747666 0.059656167269607964 -0.019341536908879638 0.031473908109696934 -0.018739837416165646 0.02784062244060051 -0.025044586226417306 0.0020430569922863036 -0.070933703429597594 0.047038100909912783 0.0061205037729583234 0.011832675804909081 -0.044999564773294143 0.043478752759670947 0.050934470720813724 0.0014113825457455409 -0.014636277303991889 0.061306121943316728 0.039019687438068773 -0.047432060370705076 -0.015109089042351725 0.055561992927527476 -0.055724534967600395 -0.014301443767561324 0.048565413431797051 -0.010312999984224462
leaf_weight=5931.7217763666995 4.7756734071299425 2.6268378868699065 4.9690654464066011 12.495344463735821 8.9519297666847688 4.7260906919836989 4.1642944514751461 5.899089664220809 10.009575426578524 6.8165109865367404 8.7373012602329236 6.3218352943658811 3.5960355699062347 5.5411002933979061 4.9725749865174276 8.4003978222608549 2.3590202964842311 4.6657534837722778 4.6745970770716658 12.050971947610384 3.8486574031412593 3.046689335256815 3.5407378301024428 7.4526148177683345 3.7025891058146954 2.7469141092151395 2.9655047915875912 2.2438888996839514 3.4216366484761238 3.1893542483448982
leaf_count=27004 47 17 35 67 46 25 25 28 45 36 36 30 19 35 28 67 21 29 45 57 25 23 20 36 22 43 24 11 32 22
internal_value=5.01668e-06 -1.29123e-05 0.00386023 0.00539334 0.00277976 0.00187265 0.00394556 -0.000551712 -0.0135614 0.000130636 0.00387245 0.0316742 -0.0432487 0.00784746 0.00207315 0.021342 0.0108 0.0196382 0.0242955 -0.00241833 0.0135563 0.0270867 -0.00950647 -0.0172524 0.0113505 0.0226084 -0.0156204 -0.000112374 0.0236664 -0.032193
internal_weight=6094.63 6089.86 152.471 141.347 124.178 121.551 112.599 96.8851 24.5864 16.8261 72.2987 15.7137 7.76033 63.5614 44.5139 19.0474 13.5063 10.9876 17.1699 38.6148 11.8679 8.01926 26.7469 19.5036 7.24333 11.1473 11.1239 5937.39 5.66553 6.15486
internal_count=28000 27953 906 825 713 696 650 566 125 81 441 84 44 405 239 166 131 59 112 211 76 51 135 93 42 110 81 27047 43 46
is_linear=0
shrinkage=0.05


Tree=108
num_leaves=31
num_cat=0
split_feature=28 38 41 40 12 7 40 39 38 38 39 38 39 40 38 11 0 0 38 0 0 39 41 39 39 38 41 38 0 41
split_gain=0.94471 2.61811 1.04534 0.930803 1.57557 1.24912 1.14076 2.48336 2.06446 1.7326 1.34211 1.21677 0.984991 2.97286 1.93572 3.52013 2.47846 2.1394 1.89501 2.70528 2.27106 1.75776 4.49894 1.73522 1.57794 1.98539 2.08717 2.9448 2.08421 2.89876
threshold=1.0000000180025095e-35 3.7877426501774445 0.19139194139194141 0.30151515151515157 5.5000000000000009 2.5000000000000004 0.36055555555555557 3.0850088017388173 3.8443087154995541 3.5367474890668338 3.2647583761866841 3.5754877035188977 2.6435987411598707 0.13574938574938578 3.3470203280915363 8.5000000000000018 23.500000000000004 17.500000000000004 3.4086220332190753 17.500000000000004 18.500000000000004 2.7206113102771714 0.26201372997711675 2.2426799698513049 2.750814583693912 3.2827785645955903 0.29289215686274517 3.293716890073298 18.500000000000004 0.23606811145510839
decision_type=2 2 2 2 2 2 2 2 2 2 2 2 2 2 2 2 2 2 2 2 2 2 2 2 2 2 2 2 2 2
left_child=3 -2 -3 12 6 -6 9 11 -9 -5 -10 -8 13 18 16 -16 24 -17 19 -1 -20 22 -19 -21 -14 -26 27 -27 -29 -30
right_child=1 2 -4 4 5 -7 7 8 10 -11 -12 -13 14 -15 15 17 -18 21 20 23 -22 -23 -24 -25 25 26 -28 28 29 -31
leaf_value=-0.00029636162981911741 -0.023354770241467791 0.058988559449783068 0.017505621943514123 0.047044220929536161 0.050887204803293319 -0.034153873275318741 0.00010635227236009929 0.058219708400841896 -0.033232751388280406 0.0061687578210860121 0.016776236317812852 -0.040864822743051359 -0.0022652736122647124 -0.031306818602487102 0.044359618254267486 -0.0069177561230553564 0.039978168950718228 0.04098117742017731 0.0010641348573079735 0.015567266159814339 0.029691903119355774 -4.3755585581037196e-05 -0.0027290480585049192 -0.020704118941219186 0.022914566451223767 -0.03787078410105113 0.025282969634309017 -0.026800696119522644 -0.022770196568782045 0.02047187787333624
leaf_weight=69.36021863669157 2.9031125009059888 2.5181733369827271 3.8260576045140624 3.0323281213641193 3.1091763679869469 0.50144359096884716 2.8694910984486324 1.9805163824930785 2.0683520054444671 17.872166173532605 3.8184388214722276 4.9178759017959237 44.14649423211813 9.3044544309377653 4.4513628855347624 113.49703080952168 5.2971252575516692 9.2359978109598178 45.424384027719498 3.6629954352974883 8.1744898036122304 5622.2022473728284 16.234389990568161 33.03343952447176 20.296861931681633 4.9076715707778957 8.7790923118591291 4.4783744066953686 5.0196074396371868 17.005182132124901
leaf_count=457 13 28 32 19 302 10 23 31 18 142 76 34 222 46 26 648 28 39 245 20 41 24973 78 173 93 21 49 19 21 73
internal_value=5.12942e-06 0.0159743 0.0339712 -1.91401e-05 0.00756683 0.0390767 0.00445488 -0.00575137 0.0140616 0.012098 -0.00079466 -0.0257678 -6.95538e-05 -0.00383345 3.86825e-05 -8.66323e-05 0.00661119 -0.000120974 -0.00223235 -0.00610486 0.00543022 1.56161e-05 0.013121 -0.0170836 0.00492196 0.0101676 0.00373007 -0.00229381 0.00429409 0.0106167
internal_weight=6093.93 9.24734 6.34423 6084.68 40.1698 3.61062 36.5592 15.6547 7.86731 20.9045 5.88679 7.78737 6044.51 168.96 5875.55 5765.62 109.93 5761.17 159.656 106.057 53.5989 5647.67 25.4704 36.6964 104.633 60.4868 40.1899 31.4108 26.5032 22.0248
internal_count=28000 73 60 27927 655 312 343 182 125 161 94 57 27272 982 26290 25764 526 25738 936 650 286 25090 117 193 498 276 183 134 113 94
is_linear=0
shrinkage=0.05


Tree=109
num_leaves=31
num_cat=0
split_feature=7 40 38 10 40 7 39 39 39 7 11 41 38 38 41 0 41 0 38 38 38 6 41 39 41 38 39 38 39 38
split_gain=0.925593 1.86141 2.78894 5.68663 6.77759 1.94321 1.38516 10.9121 7.2685 3.1451 3.52343 2.40063 2.37837 3.10544 5.06146 5.22079 4.33754 2.96663 5.94296 2.84875 1.9686 3.05061 2.13743 3.37799 1.7889 3.11704 1.77001 1.62759 3.79783 2.47273
threshold=1.0000000180025095e-35 0.15075757575757578 4.1806421890487728 5.5000000000000009 0.24068965517241384 1.5000000000000002 3.939700639726563 3.9482810599910683 3.916876695230822 3.5000000000000004 22.500000000000004 0.15849282296650721 4.0816300277380764 4.0216345058934602 0.21913109756097562 28.500000000000004 0.20550527903469082 25.500000000000004 4.0233010727352676 4.0561096504339895 4.1904138032371039 1.5000000000000002 0.22967032967032971 3.8768917467430883 0.24621212121212124 4.0539449931801803 3.7407774116777821 3.6467030064723334 3.2408350000536879 3.7469261921013279
decision_type=2 2 2 2 2 2 2 2 2 2 2 2 2 2 2 2 2 2 2 2 2 2 2 2 2 2 2 2 2 2
left_child=-1 6 3 -3 -5 -6 8 -8 12 10 -9 -12 13 27 16 17 19 18 -16 -15 21 -14 23 -22 -20 -26 -21 28 -2 -29
right_child=1 2 -4 4 5 -7 7 9 -10 -11 11 -13 20 14 15 -17 -18 -19 24 26 22 -23 -24 -25 25 -27 -28 29 -30 -31
leaf_value=-0.00023730042504982956 0.00044535482704952773 0.03120601617322909 0.044844917403917745 -0.10356934894513894 0.032093724934713345 -0.061130339997940313 -0.10002152183935836 -0.026127760538083397 0.05407872694787668 -0.045993455408391316 -0.02521921379849533 0.029607808693127083 -0.013721464076013087 0.031002246919488448 0.035384545229600391 -0.04539850908068619 0.05322092347710438 0.02224307273687301 0.00048370625802131507 -0.032160870144717961 0.060956495476494676 0.031458475978461818 -0.02280910946834111 -0.011482468862310349 -0.059169414760619404 -0.0075315142086301058 0.011499111702584545 -0.0078097538265291316 0.022056924035068766 0.0012835111626970427
leaf_weight=5277.4716826798394 70.678689546883106 7.8037064876407403 6.1097101755440226 2.1807740367949009 2.4562295386567716 0.72368685109540809 2.9891514889895943 5.4062961451709333 6.5389803126454344 3.0445461533963671 2.3710341341793528 12.640217034146188 57.804585114121437 11.128424439579254 7.1729433014988926 5.3261361345648757 10.48026844114065 18.671468339860439 8.0750133022665995 3.8929015174508077 3.6996305547654611 3.9944319278001776 2.7911755740642548 2.8484649360179901 5.175748795270918 6.7126759439706802 5.7504801824688911 90.982899352908134 28.53577521443367 419.31365887448192
leaf_count=23572 313 82 226 33 89 8 20 41 51 19 25 149 350 67 33 33 63 94 38 22 28 18 18 27 24 29 41 399 126 1962
internal_value=4.92421e-06 0.00157286 0.0169264 0.00396916 -0.0356803 0.0108777 0.0012011 -0.010049 0.00158778 0.00141377 0.00848286 0.0209479 0.00113795 0.00203304 0.0111442 0.00145553 0.0269967 0.0069033 -0.00365138 0.0137654 -0.00756779 -0.0108012 0.0138282 0.0294451 -0.0176772 -0.0300126 -0.00612583 0.000801508 0.00666121 -0.000337765
internal_weight=6092.77 815.3 19.2741 13.1644 5.36069 3.17992 796.026 26.4512 769.574 23.4621 20.4175 15.0113 763.035 691.897 82.3861 51.134 31.2521 45.8078 27.1364 20.7718 71.1383 61.799 9.33927 6.5481 19.9634 11.8884 9.64338 609.511 99.2145 510.297
internal_count=28000 4428 438 212 130 97 3990 254 3736 234 215 174 3685 3244 444 251 193 218 124 130 441 368 73 55 91 53 63 2800 439 2361
is_linear=0
shrinkage=0.05


Tree=110
num_leaves=31
num_cat=0
split_feature=24 40 38 40 40 41 40 39 38 38 41 0 38 38 39 40 38 38 11 11 39 11 41 12 38 39 39 39 0 38
split_gain=0.907025 0.920764 3.55861 2.38122 2.37847 6.30084 3.75664 3.45464 4.85424 3.2205 2.85714 2.21967 4.31737 2.47796 4.79945 2.34951 2.20466 2.99967 2.10329 4.25238 3.8961 4.84921 2.08823 1.98853 3.05801 1.92263 4.95841 4.7541 3.55418 3.39809
threshold=1.0000000180025095e-35 0.049390243902439034 3.1830947672697021 0.051956815114709856 0.032795698924731186 0.28102564102564109 0.025657894736842109 3.5006989127170525 3.8441697217888655 3.9001973936571717 0.20761494252873566 27.500000000000004 4.0439025292556732 3.8694540037139569 3.385224931152861 0.057983193277310933 3.2728549613273388 3.2827785645955903 22.500000000000004 20.500000000000004 4.1513245817864322 28.500000000000004 0.28102564102564109 5.5000000000000009 4.2431552640469077 3.7014556151804201 3.7721310638768926 3.6819433087818081 25.500000000000004 4.1505187135146189
decision_type=2 2 2 2 2 2 2 2 2 2 2 2 2 2 2 2 2 2 2 2 2 2 2 2 2 2 2 2 2 2
left_child=1 4 -3 -4 6 7 22 9 -9 10 -6 16 13 14 -13 -14 -5 -18 19 23 -20 -22 -1 24 -17 27 -27 -19 -28 -30
right_child=-2 2 3 11 5 -7 -8 8 -10 -11 -12 12 15 -15 -16 18 17 25 20 -21 21 -23 -24 -25 -26 26 28 -29 29 -31
leaf_value=0.00015875288694951415 0.021964510548629135 0.047846389586244514 0.015418173480793688 -0.042301575470658624 -0.035628051902620701 0.04187239870654471 0.044387131913365734 -0.060159326779077572 -0.014144444850007546 0.03256822878456081 -0.0014604201055375974 0.052597813254027896 -0.072825162048029621 0.037966898483743537 -0.035417606818770604 0.030214261124789012 0.048388817738093781 -0.00034973496420588336 0.036537657490445956 -0.034748851908613813 -0.070334932973960998 0.044501209983675821 -0.0036443927304067774 0.024198481701037999 -0.058258455347917543 0.034392702388157753 0.02072546728591966 -0.036735191748712391 -0.042153408814130489 0.0070795484333250952
leaf_weight=4945.120069494471 4.6988080050796261 4.1640036180615416 29.222688261419535 3.0856877262704066 7.2305132299661627 6.0087982416152945 4.7455805055797091 6.8130630999803534 36.102392308413982 5.8684894293546668 39.781776398420334 2.6460395185276893 1.0965958088636387 15.883068013470618 3.7353758485987782 1.7675146963447361 3.1947490572929373 502.88179932162166 8.6078866263851506 8.7500861142761988 2.2843544939532872 1.5383847709745166 389.35734532773495 8.5763540742918831 2.1829643789678812 13.912889587692915 9.2703627962619066 9.1406192891299707 7.4992131367325783 6.5799969360232353
leaf_count=21388 47 26 129 17 29 27 42 28 160 25 166 28 8 156 24 28 15 2629 109 100 29 32 2234 216 33 83 49 49 41 53
internal_value=5.21849e-06 -1.17327e-05 0.00177294 0.00147404 -0.000223629 -0.00779427 -7.92768e-05 -0.0109096 -0.0214496 -0.00235588 -0.00671542 0.000808903 0.0101993 0.0273938 0.00107779 -0.000800203 -0.000155691 7.97004e-05 0.00154296 -0.00800363 0.0178834 -0.0241214 -0.000118834 0.0106781 -0.0186742 -0.000201275 0.0107642 -0.000999288 -0.0033149 -0.0191441
internal_weight=6091.75 6087.05 646.021 641.857 5441.03 101.805 5339.22 95.7962 42.9155 52.8808 47.0123 612.634 57.0686 22.2645 6.38142 34.8041 555.565 552.48 33.7075 21.2769 12.4306 3.82274 5334.48 12.5268 3.95048 549.285 37.2625 512.022 23.3496 14.0792
internal_count=28000 27953 3854 3828 24099 435 23664 408 188 220 195 3699 763 208 52 555 2936 2919 547 377 170 61 23622 277 61 2904 226 2678 143 94
is_linear=0
shrinkage=0.05


Tree=111
num_leaves=31
num_cat=0
split_feature=39 38 39 38 41 39 38 0 38 0 39 39 39 41 38 38 0 39 40 12 41 10 41 38 39 38 39 39 39 38
split_gain=0.844895 3.69471 5.6733 2.3957 2.10464 3.93295 3.02782 1.94253 2.73402 2.55772 2.03663 2.40479 2.95558 2.01716 2.21783 4.1936 3.21029 1.96815 1.78132 1.74121 1.68438 2.6568 2.17464 1.64985 4.62281 3.41026 7.4697 4.1432 3.98524 8.05907
threshold=3.4534939707360945 3.7719580414191989 3.591483651618089 4.0043543155378369 0.267948717948718 3.5465164544829775 4.0604182568245646 29.500000000000004 3.7130633111196718 30.500000000000004 3.385224931152861 3.3293288462733837 3.1907548686078333 0.19292803970223329 3.8175083389536781 3.7842761036880259 32.500000000000007 3.0780788756308879 0.26975051975051983 6.5000000000000009 0.19292803970223329 8.5000000000000018 0.12220009955201594 3.5842434495629507 3.23966092346532 3.5470132150399563 2.9997906153230329 2.9321041277738069 2.9691539917456269 3.4729297375596802
decision_type=2 2 2 2 2 2 2 2 2 2 2 2 2 2 2 2 2 2 2 2 2 2 2 2 2 2 2 2 2 2
left_child=3 2 -2 7 18 -6 19 23 10 -10 11 12 17 14 15 16 -11 -9 -3 -7 21 -20 -23 24 25 28 27 -27 -1 -30
right_child=1 4 -4 -5 5 6 -8 8 9 13 -12 -13 -14 -15 -16 -17 -18 -19 20 -21 -22 22 -24 -25 -26 26 -28 -29 29 -31
leaf_value=-0.003946672908167124 0.0046829771676484494 0.00027618678710702175 0.03480463298480313 -0.026369969456142603 0.014627014611525688 -0.020880896468187828 0.011910108636421755 -0.012954787810526593 0.026469873233774161 0.031686081780501606 -0.029957917307188872 0.025371652749672725 -0.022034220209069338 -0.025374226525835417 0.024482504066300967 -0.035805947106780221 -0.017559371042419759 0.034975277869221909 -0.081504858884675624 -0.052059432474787115 0.053341279346558162 -0.081466905132292045 0.051592874312303562 -0.0013078274858525805 0.010558947529929665 0.0077215863507162294 -0.0045813737823812541 0.027362032145855444 0.013199159126436738 -0.0032720724658069559
leaf_weight=584.44438725244254 185.48308864980936 1964.2941235406324 17.070804387331009 8.8868058654479665 10.319362837821243 15.283620707690721 5.3775021601468316 3.641111180186277 22.355015768203884 9.0577499270439166 6.3913994729518881 7.6238459162414065 13.344520565122364 4.7175755128264418 14.407710309606044 6.1109311506152144 5.2147263297811142 5.2015277296304703 0.74005771428346578 6.3336677588522425 3.0816702824085951 0.3717961655929688 1.7637804686091838 2496.8088885620236 112.95920148491859 114.03575197048485 115.73912023939192 35.12190654873848 120.3487369120121 193.93117826804519
leaf_count=3094 783 9198 79 40 48 69 28 28 99 39 28 36 62 22 67 28 26 27 13 31 85 18 104 10830 470 586 518 157 536 851
internal_value=5.23121e-06 0.000785552 0.00722157 -0.000439215 0.000136189 -0.0116276 -0.021664 -0.000379692 0.00656773 0.0129542 -0.00434569 0.0011455 -0.00717897 0.00530672 0.00946697 -0.00114654 0.0136933 0.0152392 0.000358981 -0.0300159 0.0276587 0.000136012 0.0284276 -0.000560247 0.000901913 -3.55495e-05 0.00495023 0.0123463 -0.0015051 0.00303534
internal_weight=6090.46 2210.12 202.554 3880.34 2007.57 37.3142 26.9948 3871.46 98.0661 61.8637 36.2024 29.811 22.1872 39.5087 34.7911 20.3834 14.2725 8.84264 1970.25 21.6173 5.9573 2.87563 2.13558 3773.39 1276.58 1163.62 264.897 149.158 898.724 314.28
internal_count=28000 10456 862 17544 9594 176 128 17504 462 281 181 153 117 182 160 93 65 55 9418 100 220 135 122 17042 6212 5742 1261 743 4481 1387
is_linear=0
shrinkage=0.05


Tree=112
num_leaves=31
num_cat=0
split_feature=28 0 7 40 40 7 39 39 10 38 38 40 38 38 41 41 38 11 39 38 41 38 38 39 39 11 39 39 39 38
split_gain=0.848522 2.44807 0.831961 1.76095 2.76334 2.38262 4.32634 2.34758 7.66472 1.93186 1.50702 2.76263 1.44502 3.10409 6.33577 4.93788 3.71707 4.83905 2.70946 2.51335 2.50634 2.3965 3.19547 2.6163 7.06643 2.99763 2.86452 2.23195 1.88247 5.29841
threshold=1.0000000180025095e-35 27.500000000000004 1.0000000180025095e-35 0.025657894736842109 0.032795698924731186 1.5000000000000002 3.916876695230822 4.1513245817864322 4.5000000000000009 4.4542585692075649 3.9102061097784131 0.069366479550922219 4.0781190257781939 4.0216345058934602 0.21913109756097562 0.20550527903469082 4.0233010727352676 18.500000000000004 3.7491349371179044 4.133302367334573 0.17974358974358975 4.1275228043742151 4.1162821106848613 3.7860428940678914 3.6836992761039777 23.500000000000004 3.8680144982828488 3.9107409774580582 3.3929372919485519 3.8694540037139569
decision_type=2 2 2 2 2 2 2 2 2 2 2 2 2 2 2 2 2 2 2 2 2 2 2 2 2 2 2 2 2 2
left_child=2 -2 -1 12 -5 7 10 -6 -9 -8 -7 -12 13 28 15 20 -16 -18 -19 21 -15 22 23 24 -14 -26 -25 -28 29 -4
right_child=1 -3 3 4 5 6 9 8 -10 -11 11 -13 19 14 16 -17 17 18 -20 -21 -22 -23 -24 26 25 -27 27 -29 -30 -31
leaf_value=-0.00024694964428417619 -0.0072270677070278046 0.045210260340905618 0.00074497337519272163 0.066039674699570172 0.012127352082713084 -0.0026854699965502488 0.035553525500966687 -0.14571427311674418 0.051367471867877823 -0.02338720016676395 -0.086429701645056423 -0.021180043821159501 0.0094387950505387033 0.050747331915493271 0.03541461164279823 0.057141975159176954 -0.037787812430132017 0.013443697915717583 -0.022446877278809941 0.0029136228991816266 0.0050288693820349705 -0.04826530511714372 0.031340610370567512 0.016112146703965362 -0.08635119193173714 -0.028437675423251582 -0.052480707765821304 0.0042409555506991315 -0.0024476821956917541 0.023188612780424011
leaf_weight=5270.3909522001632 5.1871585026383382 3.8986900085583329 224.4885977357626 2.0002407357096663 71.887567539233714 3.6374109648168105 5.429108041804283 0.94755746051669021 1.0291570490226147 1.8687574500218032 2.3780975192785263 5.1035791882313788 6.5121235996484748 3.7345442287623944 5.9736738055944434 10.245522294193504 9.5069748610258085 19.481006518006328 7.2027298286557189 42.813879527151585 15.194715302437542 4.6380886882543555 4.1235484816133967 9.594001706689598 4.7304570078849775 4.234513908624649 3.7160903066396704 3.252049308270216 305.91392549499869 29.785630121827126
leaf_count=23545 25 48 958 24 703 23 90 7 54 37 15 48 31 24 27 60 40 92 37 293 86 25 26 53 23 25 20 21 1416 124
internal_value=5.08281e-06 0.0152735 -1.77348e-05 0.00147475 0.00789776 0.0066375 -0.00945224 0.0106492 -0.0431056 0.0204606 -0.0290852 -0.0419201 0.000627966 0.00144578 0.0112688 0.029182 -0.00112594 -0.00715736 0.00375577 -0.00554885 0.0140486 -0.0144288 -0.0100891 -0.0154212 -0.0302016 -0.0589963 -0.00160917 -0.0260086 0.000194837 0.00337402
internal_weight=6088.9 9.08585 6079.81 809.424 94.2815 92.2812 18.417 73.8643 1.97671 7.29787 11.1191 7.48168 715.142 631.527 71.3392 29.1748 42.1644 36.1907 26.6837 83.6148 18.9293 40.8009 36.1628 32.0392 15.4771 8.96497 16.5621 6.96814 560.188 254.274
internal_count=28000 73 27927 4382 1001 977 213 764 61 127 86 63 3381 2864 366 170 196 169 129 517 110 224 199 173 79 48 94 41 2498 1082
is_linear=0
shrinkage=0.05


Tree=113
num_leaves=31
num_cat=0
split_feature=24 7 40 40 41 39 11 38 38 39 38 40 38 38 38 41 38 38 38 41 38 12 40 41 11 39 40 11 38 39
split_gain=0.833641 1.78722 0.815717 1.55003 1.28768 2.31163 2.16209 2.12953 2.47323 1.51218 3.98935 1.75888 1.9836 1.31627 1.20212 0.923556 1.92904 1.52459 3.28894 0.849433 2.69196 2.88888 2.45759 2.29528 1.48651 2.86715 2.32438 2.21698 1.96745 2.55647
threshold=1.0000000180025095e-35 1.0000000180025095e-35 0.30151515151515157 0.43614130434782611 0.19292803970223329 3.4188388898504312 15.500000000000002 3.5180930346395796 3.4301826802983593 2.8251996464786377 3.6809850782491051 0.40824915824915831 3.8797789142116303 3.6819433087818085 3.7543026367411141 0.12632978723404256 3.9436539081967346 4.0730876424175824 4.1768784291191787 0.31698564593301443 3.2827785645955903 6.5000000000000009 0.069366479550922219 0.35504201680672276 10.500000000000002 3.2731275256415033 0.2834821428571429 11.500000000000002 3.8443087154995541 2.9997906153230329
decision_type=2 2 2 2 2 2 2 2 2 2 2 2 2 2 2 2 2 2 2 2 2 2 2 2 2 2 2 2 2 2
left_child=2 -2 15 4 6 7 -4 8 -6 -9 -11 12 13 -12 -15 16 -1 -18 -19 24 23 22 -22 -21 25 26 -17 28 29 -26
right_child=1 -3 3 -5 5 -7 -8 9 -10 10 11 -13 -14 14 -16 19 17 18 -20 20 21 -23 -24 -25 27 -27 -28 -29 -30 -31
leaf_value=-0.024307915596948917 -0.0060479884950093467 0.056557705136997941 0.0045709735160996091 0.050619530499066027 -0.0061001325427225842 0.053256861327929089 -0.11519379641568556 -0.02834823541438003 0.065575111643025236 0.043384309443488152 -0.022354754218647643 -0.037843699686949624 -0.027316563589281757 0.046458324991522824 0.0073128579215984112 0.0070666477328022968 0.048436051583377188 -0.039231331402485775 0.054587222942114856 -0.035620600562801662 0.0093382981671255375 -0.030373230120153229 -0.0296102512273624 0.0056474616216970128 -0.0096605282271640877 0.044466723735971221 -0.026061301789938943 3.5083038543555211e-05 -0.027140032176790653 0.0059542794014344549
leaf_weight=2.388848736882208 2.6196431033313266 2.0182018764317036 1.0480429250746954 1.9485792568884779 2.1545684803277245 2.4982767705805591 0.58841137867420901 4.5149304587394026 2.7267145607620478 4.9153434038162258 2.2374766469001797 3.743096326943486 4.5775852575898162 2.9718539770692569 5.7670771405100822 65.996992163360119 4.0259434878826141 2.0201105512678628 1.7377218231558798 11.409987419843675 36.861414574086666 6.6808245554566374 4.5500348657369605 4.7812672257423392 82.741223752498627 4.7635208889842025 5.756756365299224 5760.8826067689806 10.638863632455466 38.367244809865952
leaf_count=20 18 29 33 240 28 70 27 37 21 42 12 28 39 22 57 296 32 17 30 110 229 35 23 26 471 42 34 25712 50 170
internal_value=5.22232e-06 0.0211955 -1.09329e-05 0.00713349 0.00488843 0.00685455 -0.0384922 0.00340527 0.0339381 -0.0017828 0.0031709 -0.00707224 0.000332971 0.0118639 0.0206251 -5.78546e-05 0.014995 0.0270571 0.00415287 -8.32344e-05 -0.00580011 0.000136758 0.00505887 -0.0234342 -2.16676e-05 0.00690259 0.00440881 -0.000111581 -0.00652471 -0.00471375
internal_weight=6087.93 4.63784 6083.3 39.692 37.7434 36.1069 1.63645 33.6086 4.88128 28.7274 24.2124 19.2971 15.554 10.9764 8.73893 6043.6 10.1726 7.78378 3.75783 6033.43 64.2835 48.0923 41.4114 16.1913 5969.15 76.5173 71.7537 5892.63 131.747 121.108
internal_count=28000 47 27953 656 416 356 60 286 49 237 200 158 130 91 79 27297 99 79 47 27198 423 287 252 136 26775 372 330 26403 691 641
is_linear=0
shrinkage=0.05


Tree=114
num_leaves=31
num_cat=0
split_feature=6 10 39 38 0 38 38 0 39 38 39 38 38 11 38 0 34 38 38 41 0 41 0 38 40 39 38 41 41 39
split_gain=0.807896 4.97389 0.881137 7.5554 3.36433 2.51136 2.99697 2.22075 2.26829 5.17545 2.1821 2.07268 2.9473 1.74707 1.73784 1.61232 2.25848 1.59801 3.18911 4.91049 2.3741 1.9254 1.87948 1.27858 1.10302 3.07131 3.34613 2.90759 5.21623 5.35677
threshold=2.5000000000000004 6.5000000000000009 3.591483651618089 3.7547497328258266 22.500000000000004 4.0906847176827297 4.0604182568245646 37.500000000000007 3.5772185880117249 4.0179089951977423 3.6061271041370619 3.9233088607576558 3.978598834686681 15.500000000000002 3.9702989661229862 24.500000000000004 1.0000000180025095e-35 3.7877426501774445 3.8175083389536781 0.17573529411764707 24.500000000000004 0.20638945233265724 24.500000000000004 3.9102061097784131 0.039230769230769243 3.6248401734868243 3.9001973936571717 0.21913109756097562 0.19399641577060936 3.6819433087818081
decision_type=2 2 2 2 2 2 2 2 2 2 2 2 2 2 2 2 2 2 2 2 2 2 2 2 2 2 2 2 2 2
left_child=2 -2 5 -4 14 6 7 8 -1 17 11 -6 -13 -8 -5 -12 24 20 -19 -20 -10 -21 -23 -24 -17 -26 -27 28 29 -28
right_child=1 -3 3 4 10 -7 13 -9 9 -11 15 12 -14 -15 -16 16 -18 18 19 21 -22 22 23 -25 25 26 27 -29 -30 -31
leaf_value=-0.00017412703961785877 -0.056784802855140037 0.050744367176316987 0.037636931552913325 -0.008383415625875178 0.035611218691339964 -0.029115078199783075 0.045823888734175831 0.033286282136369742 0.030473344600116161 -0.040272509402160934 0.0056873417316693963 -0.027662733953840932 0.028444997288119313 0.010149107722567828 -0.044180983486639437 -0.00067529018479103951 0.036679021635742319 -0.046171438667527348 0.022642634645888435 -0.026888788157558102 -0.011535399337667515 -0.010825116245164794 -0.0048077549654291845 0.035666524844953189 0.04034667143981898 -0.03602330675392066 0.066786990120524248 -0.012989792291739362 0.034836729688267669 -0.0022365328897189065
leaf_weight=4835.4951900374144 3.1853205710649481 1.6235925378277896 14.114613369107245 7.9461411535739881 8.866825748234989 7.5317887021228662 5.0362770832143715 4.9194901799783102 7.6093979030847532 10.973042652010916 148.10675430297852 4.4417645037174207 4.9477383643388748 10.772425919771193 5.9133722931146622 831.27988138981164 4.1938772872090331 4.7919735908508292 13.749438524246214 13.900375679135321 6.0271892249584198 29.983356006443501 3.6756659299135199 4.1591392643749714 5.7824577647261313 5.2388321049511424 2.9930763682350507 17.373916913755238 15.991732183843849 46.18834858876653
leaf_count=21428 16 198 67 34 43 34 32 43 32 47 653 19 23 45 25 3955 26 21 57 58 25 127 18 22 39 28 23 152 188 522
internal_value=5.14693e-06 -0.0204806 2.13446e-05 0.00128575 0.000823205 -0.000265107 -0.000221219 -0.000290842 -0.000324345 -0.00798096 0.00113294 0.0182745 0.00190288 0.0215142 -0.023657 0.000842411 7.00376e-05 -0.00375746 -0.00679756 -0.00391556 0.011906 -0.0109761 -0.00512724 0.0166782 -9.59718e-05 0.00505081 0.00272587 0.00518508 0.0100301 0.00196409
internal_weight=6086.81 4.80891 6082 1123.38 1109.26 4958.62 4951.09 4935.28 4930.36 94.8696 1095.41 18.2563 9.3895 15.8087 13.8595 1077.15 929.042 83.8965 70.2599 65.468 13.6366 51.7185 37.8182 7.83481 924.848 93.5684 87.7859 82.5471 65.1732 49.1814
internal_count=28000 214 27786 5797 5730 21989 21955 21878 21835 407 5671 85 42 77 59 5586 4933 360 303 282 57 225 167 40 4907 952 913 885 733 545
is_linear=0
shrinkage=0.05


Tree=115
num_leaves=31
num_cat=0
split_feature=36 41 12 39 39 41 39 41 41 41 39 41 39 41 39 41 41 39 39 39 39 11 39 11 10 40 11 40 39 11
split_gain=0.802842 1.45722 0.802045 1.58673 1.96667 4.39557 3.08818 2.01101 1.92139 3.88538 5.77791 1.87808 1.70569 6.058 4.88155 1.54923 1.31523 1.24045 5.18275 1.43506 2.603 1.24796 1.09474 1.91763 1.05837 1.00596 3.89701 3.07878 2.19583 2.38086
threshold=1.0000000180025095e-35 0.21913109756097562 7.5000000000000009 3.978598834686681 3.9330737427042401 0.18834459459459463 3.9694087061514027 0.17902930402930406 0.16172624237140368 0.15075757575757578 4.0717179768915264 0.15707236842105265 3.9022431950643792 0.20550527903469082 3.914421688532927 0.21320346320346323 0.19538706256627789 3.4681483650811837 3.6467030064723334 4.0017259965050282 4.1247476260021463 26.500000000000004 4.0548094206516554 32.500000000000007 1.5000000000000002 0.049390243902439034 21.500000000000004 0.054093567251461992 2.2663326399706238 10.500000000000002
decision_type=2 2 2 2 2 2 2 2 2 2 2 2 2 2 2 2 2 2 2 2 2 2 2 2 2 2 2 2 2 2
left_child=2 -2 3 4 12 7 -7 11 9 22 -11 -6 25 14 -14 -10 -8 -4 -19 21 -21 -20 23 -5 -15 -1 27 -27 -29 -30
right_child=1 -3 17 8 5 6 16 -9 15 10 -12 -13 13 24 -16 -17 -18 18 19 20 -22 -23 -24 -25 -26 26 -28 28 29 -31
leaf_value=-0.00025420158048660113 -0.0022370775460388483 0.046998694715780526 0.020354339984010525 0.03464628259353205 0.00087624309622024105 -0.088239820876343827 -0.0502279692051548 0.025600641821688416 0.03060216554077036 0.015582432053263047 -0.098767535906123138 -0.042145484383969464 0.050080801286684622 0.059990383605019321 -0.013318534468995001 -0.0034666351920942477 -0.00089587327282135822 -0.070349299425442394 -0.012064502846207631 -0.058164626538924749 0.0089258740540158008 0.023311529561724595 0.04013611954105134 -0.031818678255965967 0.02160043683359102 0.011692873049959531 0.027055463377317641 -0.036641938381243973 0.0065237354435557539 -0.0014934047038595356
leaf_weight=5356.4819977171719 3.6610631644725791 2.5492197433486581 3.0276203304529217 2.1801276784390229 9.3686812613159471 2.6727414038032276 2.4197492860257626 5.396110186353325 13.241545968689026 2.2265680618584156 2.1924361465498805 3.4786640778183928 3.6777688600122991 5.759420193731783 17.404403553809971 4.4611060917377463 3.0592321716248989 3.379392787814143 4.2016677632927912 2.6914541423320761 3.1236529648303986 6.1303115356713533 3.1914976555854082 2.1608572956174612 2.6084087789058685 63.169294387102127 14.997687470167874 4.0526861879043272 119.32823162572458 413.51382380351424
leaf_count=23565 36 21 17 21 62 16 17 38 236 17 33 30 26 38 98 50 27 21 27 23 37 41 60 22 30 272 115 31 919 2054
internal_value=5.07637e-06 0.0179734 -1.32782e-05 2.17659e-05 -3.49976e-05 -0.0136532 -0.0441774 -1.40794e-05 0.0115593 -0.0039304 -0.0411509 -0.0107727 2.49017e-05 0.0120284 -0.00225857 0.0220168 -0.022683 -0.00942458 -0.0140419 -0.00225738 -0.0221262 0.00892529 0.0179054 0.00156133 0.0480235 -3.42964e-05 0.00188083 0.00125162 2.31406e-05 0.000302008
internal_weight=6085.81 6.21028 6079.6 6057.04 6027.39 26.3952 8.15172 18.2435 29.6541 11.9515 4.419 12.8473 6000.99 29.45 21.0822 17.7027 5.47898 22.5541 19.5265 16.1471 5.81511 10.332 7.53248 4.34098 8.36783 5971.54 615.062 600.064 536.895 532.842
internal_count=28000 57 27943 27777 27338 190 60 130 439 153 50 92 27148 192 124 286 44 166 149 128 60 68 103 43 68 26956 3391 3276 3004 2973
is_linear=0
shrinkage=0.05


Tree=116
num_leaves=31
num_cat=0
split_feature=24 7 6 10 0 0 39 7 39 38 0 41 0 39 39 38 39 38 39 38 38 39 0 41 38 41 38 39 39 39
split_gain=0.775736 1.70809 0.755484 4.62608 0.878781 1.12481 1.92362 1.54032 1.53573 1.6036 1.97836 1.93174 1.39864 1.3731 2.28472 3.68701 2.04938 1.76182 1.68117 1.52258 5.11486 1.51506 1.37673 0.988978 4.40136 2.29183 2.92106 3.07711 2.19578 2.36938
threshold=1.0000000180025095e-35 1.0000000180025095e-35 2.5000000000000004 6.5000000000000009 33.500000000000007 50.500000000000007 4.0862589720034093 3.5000000000000004 4.0132130270147259 4.3256116827850262 38.500000000000007 0.16172624237140368 40.500000000000007 3.2203127661787532 3.4105065644434074 3.8616009670728046 3.5310618515627232 3.7965562610488228 3.5587990918365402 3.9024149211028321 3.8870841666935103 3.512177548847768 43.500000000000007 0.13680926916221037 3.9759018339524688 0.13245614035087722 4.122235376922017 3.7745165547421649 3.6586137832561043 3.7407774116777821
decision_type=2 2 2 2 2 2 2 2 2 2 2 2 2 2 2 2 2 2 2 2 2 2 2 2 2 2 2 2 2 2
left_child=2 -2 4 -4 -1 7 -7 8 13 12 11 -11 -10 -6 -15 17 -17 -16 -18 20 -20 -19 23 24 -21 26 27 -26 -25 -30
right_child=1 -3 3 -5 5 6 -8 -9 9 10 -12 -13 -14 14 15 16 18 21 19 22 -22 -23 -24 28 25 -27 -28 -29 29 -31
leaf_value=-0.00010107778454303057 -0.0056188182924424863 0.056266951407428746 -0.055219951343882016 0.050712678934092474 0.03534222448324903 0.063714323446536644 -0.013701293887729017 -0.029420897393309487 0.048537370932511474 -0.066045660059613334 0.033628100093338102 0.016481947669425095 -0.0057864785779256885 -0.023947751408354426 0.0070764863041713356 -0.026808664617530367 0.034677856921056134 0.068112757259698661 0.01660055238694064 -0.040996184043570943 -0.059930838701482803 0.024181769772386633 -0.029072572420266476 0.022914559717740236 -0.015947500842983797 0.035722762259279797 -0.043683854808639198 0.047905768392444509 -0.01232482159489208 0.0073719010173814662
leaf_weight=5891.8413631212898 2.6311284415423861 1.9349569687619803 3.1129343286156645 1.5406896001659331 3.0808548890054217 1.9727726895362132 1.3525785263627765 3.6170032247900954 5.3722049640491587 1.5458951424807312 2.3666740998160094 1.3098974134773014 1.5201150234788654 8.2735859961248917 6.0981972590088835 6.5218964619562021 3.7998939305543891 3.3937222957611066 4.6698683425784093 6.4489123448729542 4.0999906659126282 4.6539426892995834 3.3765737656503907 15.277660201303659 4.2838125973939913 5.0676122754812232 3.3708059675991535 3.3718610592186451 20.697628233581781 58.20341483829543
leaf_count=26476 18 29 16 198 23 22 29 24 76 17 57 36 19 45 31 33 20 19 25 35 20 27 35 77 24 31 26 22 110 380
internal_value=5.16245e-06 0.0206063 -1.03084e-05 -0.0201485 5.11651e-06 0.00341023 0.0322257 0.00287913 0.00353991 0.0207212 -0.000176784 -0.0281918 0.0365561 0.00227603 0.00164567 0.00302662 0.000554924 0.0273472 0.0019001 0.000933597 -0.0191786 0.0427076 0.00240224 0.00331275 -0.0060944 0.00789077 -0.00490041 0.012176 0.00556449 0.00220498
internal_weight=6084.81 4.56609 6080.24 4.65362 6075.59 183.747 3.32535 180.422 176.805 12.1148 5.22247 2.85579 6.89232 164.69 161.609 153.336 139.19 14.1459 132.668 128.868 8.76986 8.04766 120.098 116.722 22.543 16.0941 11.0265 7.65567 94.1787 78.901
internal_count=28000 47 27953 214 27739 1263 51 1212 1188 205 110 53 95 983 960 915 838 77 805 785 45 46 740 705 138 103 72 46 567 490
is_linear=0
shrinkage=0.05


Tree=117
num_leaves=31
num_cat=0
split_feature=28 38 39 6 38 39 38 39 10 38 39 39 38 39 39 39 11 38 0 39 39 39 38 38 38 38 39 38 38 38
split_gain=0.772027 2.30233 0.981699 0.772453 3.52511 4.13824 3.26539 2.7782 2.67344 2.11146 5.86265 5.06786 2.97788 3.97559 4.5319 6.16133 3.4562 3.04913 2.07697 2.45706 4.03903 5.1037 7.97426 4.99321 3.76536 3.69324 2.8144 2.58304 3.8292 2.95855
threshold=1.0000000180025095e-35 3.7877426501774445 3.6309005040087921 1.5000000000000002 3.4693760755761058 2.9161364536186212 3.293716890073298 2.5217843656153409 1.0000000180025095e-35 3.7529533538348692 3.3276521565353132 3.3726053923572601 3.7483615029509889 3.3816002981289501 3.3359272410873366 3.3238656213382543 20.500000000000004 3.6901884542810257 22.500000000000004 3.5754580086502443 3.5197283634515091 3.4729297375596802 3.7981269578727654 3.9213754263914278 3.8250573474530047 3.8240938637835225 3.591483651618089 3.8556271184800077 3.8731810575635239 3.9502039773024502
decision_type=2 2 2 2 2 2 2 2 2 2 2 2 2 2 2 2 2 2 2 2 2 2 2 2 2 2 2 2 2 2
left_child=3 -2 -3 -1 6 8 -5 -8 -6 12 -11 -12 13 14 15 16 17 -7 -13 20 21 22 -20 25 -24 -23 -21 -26 -29 -30
right_child=1 2 -4 4 5 9 7 -9 -10 10 11 18 -14 -15 -16 -17 -18 -19 19 26 -22 23 24 -25 27 -27 -28 28 29 -31
leaf_value=0.00013864193885883145 -0.021880614334100889 0.014830828545171763 0.055556747545774859 0.039880713599209486 0.012648930673755249 -0.0073831677038191691 0.021945986234576092 -0.045116934504751523 0.066937646682616522 0.013110896918593688 -0.042279811179268177 -0.024672903849227473 -0.048938458745860391 0.032555467005433478 -0.047819964663091297 0.056831886587661917 0.025377808557294431 -0.03342763801714186 -0.031471270511086905 -0.03723411434453127 0.023687443211995882 -0.0042731929722455743 0.061514872105211775 0.0026752417997483657 -0.013215857812379911 -0.061949182779672464 -0.0046163585601924143 0.060989499132053898 -0.0022585463794470829 0.038026255844386764
leaf_weight=5647.9751866171136 2.9076137840747815 3.4562299624085426 2.5874841473996639 1.6297522303648282 24.63670809566975 73.985265944618732 1.806489729322492 10.641347896773366 2.4976291917264453 63.789529367815703 8.3947649300098401 10.129863440990446 4.3220216613262883 6.1146375834941855 6.9883240386843672 3.7357934862375251 6.9174490571022025 13.250562148634343 9.8871648013591749 7.1474229693412772 20.944116916507483 4.2219806462526348 4.579161971807479 12.482784579973666 7.2515204250812522 8.1020021736621839 88.496286620851606 4.7692687809467342 13.603326201438906 6.8539160061627618
leaf_count=25632 13 19 41 21 142 396 55 103 123 308 40 48 23 27 34 17 30 69 46 32 94 20 21 60 34 38 398 22 61 33
internal_value=5.20676e-06 0.0146783 0.0322667 -1.64131e-05 -0.00206648 -0.00122801 -0.0266711 -0.0353844 0.017646 -0.0025549 -0.00014099 -0.00422741 -0.00822058 -0.00663503 -0.00891994 -0.00614286 -0.00864156 -0.0113392 -0.00261788 -0.00143165 0.00436941 -0.00126951 0.00842423 -0.019614 0.0190687 -0.0421904 -0.00705387 0.0130841 0.0206442 0.0112383
internal_weight=6084.11 8.95133 6.04371 6075.15 427.179 413.102 14.0776 12.4478 27.1343 385.967 270.653 206.864 115.314 110.992 104.877 97.8891 94.1533 87.2358 198.469 188.339 92.6952 71.7511 46.9444 24.8068 37.0572 12.324 95.6437 32.478 25.2265 20.4572
internal_count=28000 73 60 27927 2295 2116 179 158 265 1851 1255 947 596 573 546 512 495 465 907 859 429 335 217 118 171 58 430 150 116 94
is_linear=0
shrinkage=0.05


Tree=118
num_leaves=31
num_cat=0
split_feature=39 38 38 38 39 38 39 38 41 38 38 38 38 40 10 39 38 39 0 38 38 38 41 38 38 38 39 38 10 41
split_gain=0.737682 6.06347 3.91233 3.01447 2.92729 2.50344 4.16927 4.98602 3.52976 3.70623 2.79857 3.68211 7.57599 4.58951 4.48681 5.17411 3.63016 3.55205 3.12554 5.96623 3.04675 2.96287 3.14163 4.41453 2.77482 2.93469 3.54213 2.73669 2.78028 2.52312
threshold=3.3293288462733837 3.6901884542810257 3.6892128038702086 3.5470132150399563 3.5071353490160777 3.9315723663202506 3.3225011421579662 3.8331702983031941 0.18677325581395351 3.7231528091130959 3.7463387134281234 3.6422606651904035 3.6637018666367642 0.19756097560975613 2.5000000000000004 3.0270779758999535 3.6634117814909573 3.2731275256415033 27.500000000000004 3.7622890633926835 3.8175083389536781 3.8797789142116303 0.19139194139194141 3.8038690757349274 3.7981269578727654 3.8140163164339067 3.2778374513259747 3.54641915521186 1.0000000180025095e-35 0.29520697167755999
decision_type=2 2 2 2 2 2 2 2 2 2 2 2 2 2 2 2 2 2 2 2 2 2 2 2 2 2 2 2 2 2
left_child=5 2 3 -2 -5 6 10 8 -8 -10 11 17 14 -14 16 -16 29 -1 21 -20 -21 22 23 -12 -24 -26 -27 -19 -29 -13
right_child=1 -3 -4 4 -6 -7 7 -9 9 -11 18 12 13 -15 15 -17 -18 27 19 20 -22 -23 24 -25 25 26 -28 28 -30 -31
leaf_value=-0.00023011189197729429 0.033994558725527431 -3.2095765538605296e-05 0.033231813555772101 0.003702406791378135 0.029837936604937079 0.015406898338507811 -0.037186231912577916 -0.023940218169444819 0.0062553467409141904 -0.010308754110488701 -0.046065921502112868 -0.012053653814626576 0.00046031086735223898 -0.028346628294698396 -0.026252992248475934 0.046259081072383038 -0.029490592510320292 -0.0053598254017151502 -0.041984842647560992 0.014249694869397814 0.053004842415447187 -0.0063380764428168646 0.0025110034314461561 0.011559620444811052 0.034911121979562268 0.012619140628866144 -0.02409646022391683 0.011581224335017334 0.041749416638163644 0.013249461748071387
leaf_weight=1436.005430850666 9.7754244953393918 2846.4997097265441 15.405077889561651 160.25792546570301 11.481361627578734 24.394011482596397 7.4605142325162879 38.709790801629424 68.948748722672462 66.189443280920386 7.4594711214303953 172.83447390794754 446.6097096838057 14.268227348569779 3.8553735697641951 6.797772204503417 29.570029765367508 19.270664542913437 3.3182326108217266 12.34156287321821 8.6087124934419972 90.540051367133856 431.29690421605483 5.9941113507375121 12.525842919945715 58.835511662997305 7.394691376015543 47.071251973509789 9.1161914169788343 10.447690606117247
leaf_count=6956 43 13188 63 672 52 101 31 166 285 274 30 750 1949 83 43 42 127 81 14 56 40 403 1895 25 53 258 34 192 43 51
internal_value=4.62782e-06 0.000554905 0.00904008 0.00698693 0.00544966 -0.000546293 -0.000675348 -0.008026 -0.00370593 -0.0018576 -0.000205109 -0.00105222 -0.00409497 -0.000431517 -0.0116492 0.020017 -0.0132341 0.000325518 0.00270902 0.0203083 0.0301746 0.00201346 0.00345785 -0.0203914 0.00408692 0.0127172 0.00851979 0.0108994 0.0164759 -0.0106113
internal_weight=6083.28 3043.42 196.92 181.515 171.739 3039.86 3015.47 181.308 142.599 135.138 2834.16 2195.85 684.383 460.878 223.505 10.6531 212.852 1511.46 638.315 24.2685 20.9503 614.047 523.507 13.4536 510.053 78.756 66.2302 75.4581 56.1874 183.282
internal_count=28000 14018 830 767 724 13982 13881 756 590 559 13125 10317 3045 2032 1013 85 928 7272 2808 110 96 2698 2295 55 2240 345 292 316 235 801
is_linear=0
shrinkage=0.05


Tree=119
num_leaves=31
num_cat=0
split_feature=11 0 39 39 34 39 38 38 38 39 38 39 0 10 0 38 39 38 38 38 38 39 38 39 38 38 39 39 38 41
split_gain=0.730602 2.47118 2.80724 2.33224 2.16827 1.73698 3.22902 1.75193 1.6807 3.63719 1.51047 1.47694 4.29472 4.41642 1.47648 2.3827 1.76918 1.61726 1.43093 1.49782 7.80033 2.59845 1.45179 3.82515 3.33418 2.23524 3.80268 1.67712 1.45799 1.38858
threshold=18.500000000000004 24.500000000000004 2.874070339756567 2.9489574220674188 1.0000000180025095e-35 3.3726053923572601 3.6850506496423425 3.8844896035761618 3.5558672161174503 3.0391486719030718 4.0486562361027003 3.8563805301751679 25.500000000000004 5.5000000000000009 27.500000000000004 3.538315392360504 3.2408350000536879 3.4842291702451242 3.8553631698054756 3.7085114564352462 3.7201521494487668 3.1893099855025779 3.4842291702451242 3.0391486719030718 3.508985020136778 3.5944740717404371 3.1294016334093855 3.0983559703478538 3.5587990918365411 0.19538706256627789
decision_type=2 2 2 2 2 2 2 2 2 2 2 2 2 2 2 2 2 2 2 2 2 2 2 2 2 2 2 2 2 2
left_child=4 5 -3 -4 11 7 -7 18 9 -5 -8 -1 -13 -14 15 16 17 -11 19 22 -21 -22 23 -2 -24 26 -26 -27 -28 -19
right_child=1 2 3 8 -6 6 10 -9 -10 14 -12 12 13 -15 -16 -17 -18 29 -20 20 21 -23 24 -25 25 27 28 -29 -30 -31
leaf_value=-0.00048997220073150984 -0.010004977930456509 0.036163979480852163 -0.027984740867962783 -0.016151803980707063 -0.030006859071047887 0.029383733112717244 0.0042922851545088006 0.019076854914896909 -0.00023844665256588448 -0.024657967808634992 0.020355413170080938 0.070401014088602082 -0.032585630489082709 0.039599339786749344 0.03796670668011335 0.042825227427817199 0.029640912855898111 -0.0099541944476301113 -0.017468267461204591 0.059830465813292558 0.025258806630338512 -0.0042608424676453737 -0.040102182970627342 0.044175821218877365 0.028519307409054465 -0.028873436754633181 -0.019696952258546327 -0.0048238950641165713 0.013826476782422076 0.023838010326275083
leaf_weight=3376.1451508975588 7.9434656053781492 5.3396534621715537 7.4912300556898108 10.701557233929632 6.20754350721836 14.921490117907522 215.21988272666931 11.870528846979139 2193.509562194813 5.5982172936201193 15.702788800001143 2.8735510036349288 4.7281664311885816 3.8396919909864664 6.8445218950510016 5.1758936196565619 5.6801060587167731 5.7845932245254499 11.956168562173842 6.2062326669692984 8.9370893687009794 44.944762259721756 6.4253811538219443 5.5222679823637009 13.082947358489038 8.4731761515140516 9.7801595628261548 50.183502987027168 4.852665349841117 6.4073661416769028
leaf_count=15688 36 27 31 45 29 63 889 48 10029 25 70 18 43 133 33 22 25 24 48 25 36 181 27 27 54 34 41 202 20 27
internal_value=4.44772e-06 0.000620132 -4.67997e-05 -0.000132842 -0.000483296 0.00406556 0.00684121 0.000477477 -3.96843e-05 0.00939885 0.00538458 -0.000429196 0.0175048 -0.000235883 0.0171032 0.0121182 0.00534637 -0.00241047 -0.000760744 0.000440074 0.00674942 0.000635421 -0.00312762 0.0122144 -0.00535389 -0.00276891 0.00893255 -0.00829794 -0.00857962 0.00780497
internal_weight=6082.35 2688.56 2252.53 2247.19 3393.79 436.023 245.844 190.178 2239.7 46.1923 230.923 3387.59 11.4414 8.56786 35.4907 28.6462 23.4703 17.7902 178.308 166.352 60.0881 53.8819 106.264 13.4657 92.7978 86.3725 27.7158 58.6567 14.6328 12.192
internal_count=28000 12089 10288 10261 15911 1801 1022 779 10230 201 959 15882 194 176 156 123 101 76 731 683 242 217 441 63 378 351 115 236 61 51
is_linear=0
shrinkage=0.05


Tree=120
num_leaves=31
num_cat=0
split_feature=6 11 39 38 40 38 41 38 41 41 38 39 38 38 39 38 41 41 38 6 38 41 7 39 39 38 39 38 11 38
split_gain=0.721324 4.17156 0.760149 7.51767 6.98655 4.31068 4.4152 2.8151 2.84738 2.97293 2.68059 2.60838 3.1222 5.86521 4.19093 2.96193 2.59637 2.2952 3.763 2.97943 2.96528 2.70991 2.48782 4.72823 3.62535 3.9218 3.04006 3.01158 3.93973 3.21004
threshold=2.5000000000000004 13.500000000000002 3.5375986596785869 3.7888323397754475 0.042572463768115944 3.7981269578727654 0.267948717948718 3.7842761036880259 0.22653958944281527 0.27097902097902099 4.0604182568245646 3.5216406363433199 3.8563805301751684 3.7672796328537523 3.5310618515627232 3.9102061097784131 0.19139194139194141 0.24068965517241384 4.0439025292556732 1.5000000000000002 4.0539449931801803 0.21913109756097562 1.0000000180025095e-35 3.642260665190403 3.8500864429761346 4.0561096504339895 3.8273923320043042 3.9582485183848615 23.500000000000004 3.8331702983031941
decision_type=2 2 2 2 2 2 2 2 2 2 2 2 2 2 2 2 2 2 2 2 2 2 2 2 2 2 2 2 2 2
left_child=2 -2 11 4 7 -5 17 8 -4 -10 -8 -1 13 -13 -15 16 -14 21 19 -19 -20 22 27 -24 26 -26 -25 28 29 -7
right_child=1 -3 3 5 -6 6 10 -9 9 -11 -12 12 15 14 -16 -17 -18 18 20 -21 -22 -23 23 24 25 -27 -28 -29 -30 -31
leaf_value=-0.00016214671599681867 0.050656274925942914 -0.053346845450927452 0.025161907850612161 -0.029514885710084284 -0.034563551255302603 -0.016010409529230437 -0.027713807040983571 0.045384045427827258 -0.004596701425997018 0.035800562023118751 0.011995444912559701 0.020667939071070295 0.0010430674821583674 -0.062157536017342079 -0.013087368803778055 -0.013249915639121125 0.045393131592011721 0.027995981852729491 -0.044418071019455434 -0.006677305989330768 0.0035950223574680502 -0.0048708304005911224 0.024042427908548474 -0.00023617773782000245 0.06100413902668575 0.0098753891569759514 -0.035637332036458767 -0.0020840648722047594 0.010503674087668849 0.0019537017186658698
leaf_weight=4523.7154326341115 1.4162088739685703 3.0205117985606194 38.139021646231413 12.142745390534399 6.3512944616377345 27.81033430993557 21.268390331417326 9.5686785578727704 21.42660212516785 5.7836292386054984 5.3113327100872985 5.3366052955389049 10.209714285098014 9.3084725737571734 8.170637369155882 22.526444725692272 4.8761149048805228 27.804341856390238 4.2379636252298978 7.9719751700758925 13.332534357905386 206.82443875959143 32.571609610691667 87.988350885454565 4.129954043775796 40.826536502921954 6.5133143477141848 540.37996682338417 137.2833640947938 235.04029436782002
leaf_count=20122 198 16 167 53 29 114 99 39 93 26 28 23 44 39 35 99 22 147 22 35 77 1024 178 546 33 569 47 2504 596 976
internal_value=4.40073e-06 -0.0201489 1.91147e-05 0.000999106 0.0157865 0.000147661 0.000405065 0.020055 0.0163463 0.00398988 -0.0197788 -0.000299994 -0.0106194 -0.0252119 -0.0392196 -0.00176756 0.0153781 0.000795884 0.0109635 0.0202698 -0.00798563 0.000384771 0.0013618 0.00689023 0.00288419 0.0145724 -0.00267612 0.000350592 0.00363859 5.30483e-05
internal_weight=6081.29 4.43672 6076.85 1492.71 81.2692 1411.44 1399.29 74.9179 65.3493 27.2102 26.5797 4584.14 60.428 22.8157 17.4791 37.6123 15.0858 1372.71 53.3468 35.7763 17.5705 1319.37 1112.54 172.03 139.458 44.9565 94.5017 940.514 400.134 262.851
internal_count=28000 214 27786 7402 354 7048 6995 325 286 119 127 20384 262 97 74 165 66 6868 281 182 99 6587 5563 1373 1195 602 593 4190 1686 1090
is_linear=0
shrinkage=0.05


Tree=121
num_leaves=31
num_cat=0
split_feature=36 39 38 12 39 38 41 41 38 0 39 41 39 41 38 38 38 39 39 38 41 0 38 41 0 38 11 11 11 38
split_gain=0.711779 1.42526 0.962064 0.776975 1.34643 2.55241 1.87439 5.21032 3.29254 2.01218 1.7646 3.87116 2.593 1.83953 1.70968 3.31058 3.00004 5.90168 1.78627 4.05524 3.74765 3.12808 2.16664 1.69798 1.57011 2.35917 3.17516 2.34449 2.33799 1.45255
threshold=1.0000000180025095e-35 3.3920199341727337 3.8175083389536781 7.5000000000000009 3.978598834686681 4.1505187135146189 0.16172624237140368 0.15075757575757578 4.2285685937444528 35.500000000000007 3.9330737427042401 0.18834459459459463 3.9694087061514027 0.17902930402930406 4.1655745823242958 4.1806421890487728 4.1556453072410688 3.8680144982828488 3.8826912842789354 4.030877617342794 0.18469785575048733 33.500000000000007 4.0839003475882114 0.15707236842105265 32.500000000000007 4.2654321889523965 18.500000000000004 18.500000000000004 16.500000000000004 4.3256116827850262
decision_type=2 2 2 2 2 2 2 2 2 2 2 2 2 2 2 2 2 2 2 2 2 2 2 2 2 2 2 2 2 2
left_child=3 -2 -3 4 10 -6 7 8 -7 -10 14 13 -13 23 16 -16 18 -18 -1 -20 21 22 -21 -12 25 26 -8 28 -27 -26
right_child=1 2 -4 -5 5 6 24 -9 9 -11 11 12 -14 -15 15 -17 17 -19 19 20 -22 -23 -24 -25 29 27 -28 -29 -30 -31
leaf_value=-6.3759961797278441e-05 -0.014765156725502141 0.0069097566265048154 0.057095450579644193 -0.009295336219135631 0.057169153869712976 -0.039314055646209177 0.037741586945290201 -0.057321209131029484 -0.015483470431857395 0.055569706045437345 0.00089332644171741477 -0.080856733950612589 -0.021471633796718365 0.024694791614058881 0.036759430276079162 0.0033342978721519279 0.0055105940984080956 -0.069227997855900378 0.061041458004088917 -0.052408626073281984 0.033854800632614923 0.024410699996188882 -0.0064805578494139902 -0.039805459498006693 0.056566593180953896 0.052657478162571464 -0.044957957355668071 0.059106988387246706 -0.059057214128161652 0.0015239230806650865
leaf_weight=5905.1923698128667 2.2361287325620642 1.6861352100968363 2.2021817415952682 22.45959054864943 2.6880338527262237 1.9809765554964558 1.7305830810219029 3.7787452880293131 1.3581967726349828 3.7407298216130584 9.3703930424526387 2.7581622935831529 5.5109779220074415 5.3244290449656537 8.9194218665361387 43.715367124881595 6.1893191989511234 4.6077545471489429 3.751109071075919 4.0937040057033318 7.634477896615862 4.9092934727668753 6.8892891258001328 3.5275496700778595 3.6975090862251809 0.80787006998434652 3.5242239478975534 2.898536641150713 1.1143640149384735 1.7735016755759714
leaf_count=26580 11 11 35 166 29 18 36 44 12 70 62 16 44 38 50 295 32 30 22 20 57 32 30 30 70 29 29 28 25 49
internal_value=4.41339e-06 0.0170413 0.0353329 -1.27651e-05 2.16863e-05 0.0107522 0.00602696 -0.00991291 0.0153902 0.0366433 -3.0151e-05 -0.0129062 -0.0412795 -3.06903e-05 2.67389e-05 0.00899848 -5.27167e-05 -0.0263848 -4.79235e-06 0.0127607 0.00506279 -0.00876857 -0.0235994 -0.0102377 0.0171603 0.0054514 -0.0177222 0.0307115 -0.0121061 0.0387238
internal_weight=6080.07 6.12445 3.88832 6073.95 6051.49 29.0933 26.4052 10.8586 7.0799 5.09893 6022.39 26.4915 8.26914 18.2224 5995.9 52.6348 5943.27 10.7971 5932.47 27.2779 23.5268 15.8923 10.983 12.8979 15.5466 10.0756 5.25481 4.82077 1.92223 5.47101
internal_count=28000 57 46 27943 27777 439 410 144 100 82 27338 190 60 130 27148 345 26803 62 26741 161 139 82 50 92 266 147 65 82 54 119
is_linear=0
shrinkage=0.05


Tree=122
num_leaves=31
num_cat=0
split_feature=24 7 38 39 38 39 39 39 41 38 7 39 39 40 38 7 41 1 1 38 38 40 39 38 11 11 41 39 12 39
split_gain=0.705694 1.62237 0.69726 2.2719 2.48979 3.01419 2.71659 4.22753 3.95801 2.75873 2.66041 2.54231 3.93276 4.44885 2.52148 3.14237 3.24912 2.25264 2.61659 5.27208 4.77299 2.23192 2.21414 6.76941 3.81622 3.44582 3.04621 2.44531 4.01981 2.3964
threshold=1.0000000180025095e-35 1.0000000180025095e-35 4.030877617342794 3.8768917467430883 3.9689600969190457 3.7501463298083348 3.6836992761039777 3.7014556151804201 0.15184453227931491 3.999117158513001 1.5000000000000002 3.7556188283926306 3.7501463298083348 0.039230769230769243 3.9954766092749705 1.0000000180025095e-35 0.19139194139194141 26.500000000000004 27.500000000000004 3.7981269578727654 3.8616009670728046 0.029857397504456332 3.6254072918469564 3.9706988089210813 21.500000000000004 18.500000000000004 0.19538706256627789 3.5772185880117249 5.5000000000000009 3.5375986596785869
decision_type=2 2 2 2 2 2 2 2 2 2 2 2 2 2 2 2 2 2 2 2 2 2 2 2 2 2 2 2 2 2
left_child=2 -2 3 4 5 17 8 9 -6 -8 11 12 13 14 15 16 -9 -1 19 -19 -20 -13 27 25 -25 -24 -26 29 -29 -10
right_child=1 -3 -4 -5 6 -7 7 10 22 -11 -12 21 -14 -15 -16 -17 -18 18 20 -21 -22 -23 23 24 26 -27 -28 28 -30 -31
leaf_value=-6.7390119174727057e-05 -0.0052779357570968089 0.055912075208365053 0.0017348157217458881 0.029173123796769014 -0.033669365697517668 0.014831178314905803 -0.044762692109435578 0.0012597252887574326 -0.002630493522347854 -0.010550392750817563 0.028189534083882452 -0.011537276294002859 0.045529252975021563 0.043692754931568004 -0.017533459332357108 -0.0243468090741869 0.0542948657513894 -0.013279865221208312 0.042019051278319397 0.062307179331233191 -0.018000798448047056 -0.046679402650463581 -0.00018515606644832532 0.035479143662362225 0.013320040172543969 -0.052022215613520488 -0.027648807353654516 -0.021289435713497111 0.0074465053569414841 0.011081938492892868
leaf_weight=5030.5450725960545 2.6377761326730242 1.8381032422184942 523.25002207118087 6.5867064110934725 9.0707817375659925 34.524071756750345 12.589370593428614 8.0203674137592333 143.9421538724564 11.076558299362658 5.5464147590100756 54.430279843509197 4.4479124173521987 4.5480317696928969 28.082894720137119 5.7278545573353759 4.5127865076065055 3.623822860419752 4.9414664828218511 6.3479089010506868 10.047400085255502 4.9271736145019522 6.9572662562131864 17.370752224698663 27.055176680907607 5.9457016289234161 5.4514854587614527 36.24615010432899 18.321967456489801 40.919443555176258
leaf_count=22467 18 29 3064 41 42 161 54 34 636 48 40 248 22 29 125 29 19 20 44 36 60 28 30 83 116 25 27 150 93 182
internal_value=4.60133e-06 0.0198509 -1.00207e-05 -0.000174469 -0.000209329 0.000107503 -0.0037522 -0.0094331 -0.00112584 -0.02875 -0.00563122 -0.00726669 0.000442818 -0.0034977 -0.00812881 0.00633424 0.020356 6.95517e-06 0.0149905 0.0348381 0.00178629 -0.0144544 -0.000149055 0.0082088 0.0165596 -0.0240717 0.00644942 -0.00234055 -0.011641 0.000404778
internal_weight=6079.53 4.47588 6075.06 5551.81 5545.22 5090.03 455.191 143.91 311.281 23.6659 120.244 114.697 55.3398 50.8919 46.3439 18.261 12.5332 5055.51 24.9606 9.97173 14.9889 59.3575 302.21 62.7804 49.8774 12.903 32.5067 239.43 54.5681 184.862
internal_count=28000 47 27953 24889 24848 22788 2060 676 1384 102 574 534 258 236 207 82 53 22627 160 56 104 276 1342 281 226 55 143 1061 243 818
is_linear=0
shrinkage=0.05


Tree=123
num_leaves=31
num_cat=0
split_feature=10 40 40 40 41 39 39 41 39 10 41 39 39 39 39 0 11 41 41 11 11 0 39 11 39 39 40 39 41 39
split_gain=0.708377 2.21963 2.7552 2.12611 2.37189 2.27967 1.86673 3.71005 2.97649 3.10502 1.96823 3.31343 4.95314 2.36588 3.84893 2.73727 2.24644 2.12663 1.9977 1.91865 1.85818 2.33151 2.09988 4.54141 1.84136 4.65887 2.09211 1.84425 3.00544 2.78112
threshold=3.5000000000000004 0.10990338164251208 0.091966173361522213 0.096006144393241177 0.19538706256627789 3.3510810516731371 2.9852281360342525 0.23861283643892342 3.107674594476435 4.5000000000000009 0.22967032967032971 3.1893099855025779 3.6248401734868243 3.2867626206524796 3.3739877880912341 25.500000000000004 10.500000000000002 0.21913109756097562 0.20881782945736438 9.5000000000000018 28.500000000000004 37.500000000000007 4.0595379647257905 27.500000000000004 2.7206113102771714 2.8569235677759424 0.15707236842105265 3.7222170025823202 0.22967032967032971 3.4534939707360945
decision_type=2 2 2 2 2 2 2 2 2 2 2 2 2 2 2 2 2 2 2 2 2 2 2 2 2 2 2 2 2 2
left_child=1 2 -1 -4 -5 -6 7 19 9 -8 11 -10 13 -13 -15 -16 -12 18 20 -2 21 -14 -23 -24 -3 26 -26 28 29 -27
right_child=6 24 3 4 5 -7 8 -9 10 -11 16 12 17 14 15 -17 -18 -19 -20 -21 -22 22 23 -25 25 27 -28 -29 -30 -31
leaf_value=-6.7977708913500185e-05 -0.011733706729281347 -0.024280381453161731 0.021326087384580625 -0.027688797449590314 0.0027189212418354848 0.029871039627472219 0.05159584321391042 0.0024684667199431631 -0.04287834846451697 0.008217825687907316 0.0084330469195857422 0.058441432119276937 -0.00091234256586020463 -0.040609850203461514 0.018577020386406847 0.065308042133391059 -0.012687519279821169 -0.027887730349996021 0.030781137031950657 -0.053735310584645951 0.053130267727551778 -0.15001263200840728 0.051654657358965364 -0.14681819104842672 0.0095078557437202303 -0.039986690867263662 0.050631568973746814 0.016647940316098866 -0.0040936466451688865 -0.010015710750782484
leaf_weight=5648.1948419567198 5.862538527697323 12.610747605562208 24.539300996810198 5.3997749276459208 49.797760587185621 9.151021068915723 6.7969066649675396 32.415452456800267 3.0061271386221042 10.495900922920553 20.98879269650206 4.6915916679427054 23.18923184694723 2.3892631186172393 19.705878818407658 3.7261608871631315 31.462320529855788 6.2563965283334246 5.7140266215428701 5.0706846220418811 1.4528706232085813 0.48176944837905367 0.73156538954935946 0.47560122795403004 9.3946028053760511 12.787294596433638 4.6105032563209525 7.5705104842782012 90.313222534954548 19.611101359128952
leaf_count=25123 39 63 110 39 209 81 28 331 24 93 182 37 347 29 122 61 199 47 67 25 34 15 47 5 40 57 19 36 406 85
internal_value=4.62116e-06 -9.09814e-05 6.94795e-05 0.00880391 0.00402858 0.00693393 0.00305189 -0.00602666 0.00583185 0.0252675 0.00312731 0.00850475 0.0107494 0.0257786 0.019844 0.0260082 -0.00423593 -0.00122364 0.00398219 -0.0312135 -0.00183338 -0.00504322 -0.0617606 -0.02654 -0.00595834 -0.00435699 0.0230458 -0.00730275 -0.00878035 -0.0218449
internal_weight=6078.89 5893.98 5737.08 88.8879 64.3486 58.9488 184.913 43.3487 141.564 17.2928 124.272 71.8205 68.8144 30.5129 25.8213 23.432 52.4511 38.3015 32.0451 10.9332 26.331 24.8782 1.68894 1.20717 156.898 144.287 14.0051 130.282 122.712 32.3984
internal_count=28000 26268 25562 439 329 290 1732 395 1337 121 1216 835 811 249 212 183 381 562 515 64 448 414 67 52 706 643 59 584 548 142
is_linear=0
shrinkage=0.05


Tree=124
num_leaves=31
num_cat=0
split_feature=6 10 41 38 12 40 41 39 11 12 11 39 39 39 39 38 0 39 38 38 38 39 39 41 38 38 38 38 38 38
split_gain=0.676159 3.88719 0.703994 2.56394 2.40977 2.1976 2.16224 1.43553 1.40593 1.78197 1.62583 1.42659 1.3715 3.00596 2.17282 2.57652 1.99564 1.84482 1.90643 1.50642 1.35759 2.77901 1.63664 2.6582 2.37185 1.48156 2.12502 1.38683 1.21433 3.6114
threshold=2.5000000000000004 6.5000000000000009 0.31698564593301443 3.2827785645955903 6.5000000000000009 0.069366479550922219 0.35504201680672276 2.5145103693834776 10.500000000000002 5.5000000000000009 11.500000000000002 2.8493281730667497 2.6499918208507922 2.5610525396418251 2.750814583693912 3.4549046278596376 17.500000000000004 3.2526449285380048 3.8841694071874975 3.5285632774845577 3.1830947672697021 2.5145103693834776 2.9997906153230329 0.26201372997711675 3.5715146852060999 3.8443087154995541 3.6422606651904035 3.7838244546904183 3.5771824039098052 3.4549046278596376
decision_type=2 2 2 2 2 2 2 2 2 2 2 2 2 2 2 2 2 2 2 2 2 2 2 2 2 2 2 2 2 2
left_child=2 -2 8 6 5 7 -4 -5 9 12 20 -11 13 16 -14 -16 -1 19 -19 -17 21 -10 23 -22 -24 26 -26 -28 29 -25
right_child=1 -3 3 4 -6 -7 -8 -9 10 11 -12 -13 14 -15 15 17 -18 18 -20 -21 22 -23 24 28 25 -27 27 -29 -30 -31
leaf_value=-0.0084446603057631454 -0.051976118008087061 0.050622950950382196 -0.034728447811445975 0.029257549184484255 -0.028059575313705534 -0.028073449335142123 0.0054660599849902401 0.0041937346120990244 0.046287706166663625 -0.024076614348122721 9.5183075354626171e-05 0.049623572163792651 0.028062080217341107 -0.036634344669972584 0.034380682523872268 -0.032797713573330771 0.032482873825094821 0.058662735341730943 0.007773242138535189 0.00013248088097032328 -0.051315854308654957 -0.017051555771457557 0.035381999205546265 -0.0064849309591793834 -0.02721250770065621 -0.018573397823540099 0.018578430741421882 -0.0032869775348600356 0.0049647244673405198 -0.03919145921551434
leaf_weight=8.5715093761682528 2.9469991922378531 1.3443078910931943 11.09878186881542 7.0616797283291808 6.3704232200980178 4.487002804875373 4.7898319214582434 29.911028958857059 3.62369081377983 0.79865127056836982 5767.3052106911782 3.6915724449791014 10.763292357325552 6.1264219731092444 6.413254724815487 3.6990684494376174 4.5645694658160201 2.5825350619852525 6.4040079014375806 56.812018074095249 3.9443431943655005 3.3168598264455795 4.3953576534986487 48.611519858241081 5.2223877459764472 11.529489850625394 14.22739711077884 14.790829468518494 12.556686267256735 10.213368788361548
leaf_count=41 16 198 110 45 33 23 26 184 22 5 25948 78 49 28 30 19 31 35 70 311 17 21 19 299 23 70 73 64 67 45
internal_value=4.58645e-06 -0.0198356 1.86039e-05 -0.00520934 0.000571383 0.00497063 -0.0226113 0.00898085 7.40297e-05 0.00566371 -3.05938e-05 0.0365149 0.00435605 -0.00771191 0.00703804 0.00405707 0.00577698 0.00125881 0.0223978 -0.00188056 -0.00550808 0.0160181 -0.00669863 -0.0113585 0.000298334 -0.00307079 0.00214924 0.00743345 -0.00915052 -0.0121635
internal_weight=6078.17 4.29131 6073.88 63.7187 47.8301 41.4597 15.8886 36.9727 6010.16 110.427 5899.74 4.49022 105.937 19.2625 86.6742 75.9109 13.1361 69.4976 8.98654 60.5111 132.432 6.94055 125.491 75.3259 50.1655 45.7701 34.2406 29.0182 71.3816 58.8249
internal_count=28000 214 27786 421 285 252 136 229 27365 697 26668 83 614 100 514 465 72 435 105 330 720 43 677 428 249 230 160 137 411 344
is_linear=0
shrinkage=0.05


Tree=125
num_leaves=31
num_cat=0
split_feature=28 0 12 39 38 41 41 38 41 38 0 39 41 41 41 39 38 38 38 39 39 41 11 11 39 11 11 41 39 41
split_gain=0.696535 2.20295 0.668212 1.27358 3.0756 1.97972 3.69162 3.36745 2.4736 2.38374 2.01086 1.87548 3.91491 1.77808 1.77549 1.58429 1.43308 3.10736 2.77248 5.0457 1.59006 3.61992 3.29452 1.34176 1.33247 4.28738 4.10286 2.62326 1.72356 1.21141
threshold=1.0000000180025095e-35 27.500000000000004 7.5000000000000009 3.9705743148392902 4.1505187135146189 0.16172624237140368 0.14434523809523811 4.2285685937444528 0.21320346320346323 4.2543605575584804 33.500000000000007 3.9330737427042401 0.18834459459459463 0.17902930402930406 0.15075757575757578 3.9683608651752471 4.1655745823242958 4.1806421890487728 4.1556453072410688 3.8680144982828488 3.892566011853154 0.18469785575048733 27.500000000000004 20.500000000000004 3.8441697217888651 20.500000000000004 23.500000000000004 0.21320346320346323 3.7860428940678914 0.22967032967032971
decision_type=2 2 2 2 2 2 2 2 2 2 2 2 2 2 2 2 2 2 2 2 2 2 2 2 2 2 2 2 2 2
left_child=2 -2 3 11 -5 6 7 -6 -7 -8 -11 16 13 14 -13 -16 18 -18 20 -20 -1 22 -22 -14 26 -26 27 28 -19 -29
right_child=1 -3 -4 4 5 8 9 -9 -10 10 -12 12 23 -15 15 -17 17 24 19 -21 21 -23 -24 -25 25 -27 -28 29 -30 -31
leaf_value=-5.1626709811377173e-05 -0.006932358095330127 0.043869947753250371 -0.0085980933324424844 0.057058963560558375 -0.04760331275874434 0.027603769948819103 0.00027369002628347268 0.042838919849301473 -0.016700692663643081 -0.10878188358129581 -0.032643063410099163 0.014867309837696727 -0.024761192290212661 0.023548844593971358 -0.046918723816083752 -0.0016662313044883495 0.035427435527196814 -0.055545110089675699 0.0047011367648685737 -0.064035843205082127 -0.021117060734110408 0.044602594421328044 0.032715253619940557 -0.067360237484771601 0.047383730795422768 -0.0031500273909449324 0.030419586755613792 0.027258321519087449 -0.01556739766558716 -0.016043420901446118
leaf_weight=5908.6605439935811 5.1640402451157552 3.6366915283724666 22.597273810766637 3.1397994533181217 1.3957564067095534 12.018350847065451 2.4100301098078489 3.918880864745006 4.2697217939421526 1.4762121830135586 2.1019209339283407 4.1950765005312913 4.0836020130664101 5.2587256808765224 4.0878959316760302 3.6711073592305183 8.7651552353054267 4.6120963953435474 6.1173250367864949 4.7373502440750599 7.7950360160321015 6.5256933365017167 4.4730680957436562 3.3772262390702963 6.0606179996393648 13.651976712048052 6.02076282352209 3.5888833478093138 6.4897248903289437 2.9369570389389992
leaf_count=26614 25 48 168 34 14 231 19 70 49 13 33 31 27 38 29 22 50 23 31 30 36 48 28 23 60 93 33 24 37 19
internal_value=4.29873e-06 0.0140605 -1.60862e-05 1.59904e-05 0.0101689 0.0048329 -0.0112451 0.0190865 0.0159899 -0.0381651 -0.0640553 -3.588e-05 -0.0137927 -0.00068027 -0.0113389 -0.0255079 2.07819e-05 0.00827506 -5.16737e-05 -0.025298 -5.44121e-06 0.014515 -0.00148928 -0.0440441 0.00278638 0.0123865 -0.00521601 -0.0173874 -0.0321756 0.00777036
internal_weight=6077.24 8.80073 6068.44 6045.84 30.7307 27.5909 11.3028 5.31464 16.2881 5.98816 3.57813 6015.11 24.6736 17.2128 11.9541 7.759 5990.44 52.1262 5938.31 10.8547 5927.45 18.7938 12.2681 7.46083 43.361 19.7126 23.6484 17.6277 11.1018 6.52584
internal_count=28000 73 27927 27759 463 429 149 84 280 65 46 27296 170 120 82 51 27126 339 26787 61 26726 112 64 50 289 153 136 103 60 43
is_linear=0
shrinkage=0.05


Tree=126
num_leaves=31
num_cat=0
split_feature=36 41 6 38 39 39 38 39 38 39 41 41 41 39 38 39 38 38 39 38 38 38 39 39 38 38 39 39 38 41
split_gain=0.652579 1.41701 0.667535 3.39993 4.04373 2.35951 2.53578 2.39137 2.2962 4.6038 3.83418 3.76697 2.89602 3.07583 3.30962 4.50946 2.98371 2.51919 3.55875 3.64979 3.53029 3.0342 2.80723 4.31155 2.80698 4.75752 2.48545 2.27017 2.06711 2.00221
threshold=1.0000000180025095e-35 0.21913109756097562 1.5000000000000002 3.54641915521186 3.0570204192104438 2.6499918208507922 3.4301826802983593 2.3604923862825689 3.7672796328537523 3.2935531298437213 0.28102564102564109 0.27097902097902099 0.25462962962962971 3.1553932710946153 3.7231528091130959 3.2030314438610916 3.6962861127732456 3.8635368451664447 3.5754580086502443 3.8844896035761618 3.8499759243670946 3.9365759126444071 3.5197283634515091 3.4729297375596802 3.8844896035761618 3.9502039773024502 3.3791270321417142 3.5944740717404371 3.7981269578727654 0.28102564102564109
decision_type=2 2 2 2 2 2 2 2 2 2 2 2 2 2 2 2 2 2 2 2 2 2 2 2 2 2 2 2 2 2
left_child=2 -2 -1 5 -5 6 7 -4 12 -10 11 17 13 -6 15 -15 -14 20 22 -20 26 -21 23 24 -19 -26 28 -23 -11 -18
right_child=1 -3 3 4 8 -7 -8 -9 9 10 -12 -13 16 14 -16 -17 29 18 19 21 -22 27 -24 -25 25 -27 -28 -29 -30 -31
leaf_value=0.0001321305786512141 -0.0036228957889839959 0.045709136665688939 0.043645912051138103 0.012457317888526866 -0.037676181252048413 -0.026806689330883766 0.066583423280422591 -0.047458671618139076 0.014044104134811778 -0.049135800323483671 0.037864766169310386 -0.037146011307781994 -0.0075482073613263936 0.03162428238331487 0.028030291351545673 -0.022597315613819065 -0.020920460533366499 0.04477466986285094 -0.061350810183393237 0.027473629146466907 -0.034984748759706683 -0.039944434250087979 0.02827741749528867 -0.018209813241284737 -0.011541575842525877 0.037941536539028285 0.0060907004584054066 -0.0049101318240162726 -0.0061183356675247845 -0.054422818813644414
leaf_weight=5644.8993642407004 3.578988589346408 2.4535527937114239 1.1576766972430079 50.316405882593244 4.1607896238565436 20.808973701205105 1.484425355447456 1.9064579252153633 46.533131252042949 4.5441394299268705 5.4816455096006385 8.4723431915044767 42.788923755288124 5.583117872476584 12.387057587504385 12.244062528014181 16.398661568760875 6.1645477116107967 2.9017994552850714 6.8902855366468421 13.3054251819849 4.9412189722061148 15.166732809972016 15.108416080474852 13.393596366047861 7.6215123180299988 20.588500469923019 72.008011822588742 7.2452496141195297 6.1254377514123908
leaf_count=25650 36 21 22 339 20 191 60 43 218 22 25 40 218 26 56 59 77 28 13 30 64 22 67 72 61 36 95 324 34 31
internal_value=4.47566e-06 0.0164414 -1.18581e-05 -0.00192106 -0.000796558 -0.0196759 0.0129465 -0.013038 -0.00270165 -0.000146363 -0.00338591 -0.00452591 -0.00911926 0.00262776 0.008178 -0.00561619 -0.0153019 -0.00307041 0.00017122 -0.0062216 -0.0133024 -0.0043135 0.00982266 0.00320381 0.015107 0.00640438 -0.00439221 -0.00715983 -0.0226991 -0.0300314
internal_weight=6076.66 6.03254 6070.63 425.729 400.371 25.3575 4.54856 3.06413 350.055 250.367 203.833 198.352 99.6881 34.375 30.2142 17.8272 65.313 189.879 144.196 86.7413 45.6833 83.8395 57.4548 42.2881 27.1797 21.0151 32.3779 76.9492 11.7894 22.5241
internal_count=28000 57 27943 2293 1977 316 125 65 1638 1151 933 908 487 161 141 85 326 868 653 389 215 376 264 197 125 97 151 346 56 108
is_linear=0
shrinkage=0.05


Tree=127
num_leaves=31
num_cat=0
split_feature=24 38 11 40 39 38 39 39 0 41 39 41 12 38 38 39 41 38 38 0 0 38 38 38 0 41 11 38 38 6
split_gain=0.648639 0.626059 2.13465 3.44533 2.091 2.27369 2.72014 2.42354 3.91445 3.52494 2.62383 2.18633 2.42445 3.7686 2.24305 2.55924 2.10133 2.09228 2.06854 2.03603 2.40274 5.34384 4.35896 1.98241 1.98228 1.94727 1.91507 2.63413 1.83829 3.60741
threshold=1.0000000180025095e-35 4.030877617342794 13.500000000000002 0.267948717948718 3.8768917467430883 3.9689600969190457 3.7501463298083348 3.6836992761039777 23.500000000000004 0.15184453227931491 3.6901884542810257 0.27097902097902099 5.5000000000000009 3.9954766092749705 4.0043543155378369 3.5944740717404371 0.13245614035087722 3.8936612158712429 4.0225960823715452 35.500000000000007 36.500000000000007 3.7965562610488228 3.8616009670728046 4.0179089951977423 37.500000000000007 0.23205128205128209 20.500000000000004 3.9914725034370799 4.0730876424175824 1.5000000000000002
decision_type=2 2 2 2 2 2 2 2 2 2 2 2 2 2 2 2 2 2 2 2 2 2 2 2 2 2 2 2 2 2
left_child=1 4 3 -3 5 6 19 9 -9 -7 23 12 -11 -14 -15 18 -12 -8 -16 -1 21 -21 -22 -10 -24 -17 27 -18 29 -4
right_child=-2 2 28 -5 -6 7 17 8 10 11 16 -13 13 14 15 25 26 -19 -20 20 22 -23 24 -25 -26 -27 -28 -29 -30 -31
leaf_value=-6.1843158840405141e-05 0.019188924522626424 -0.050813875073156205 0.008077795089397986 0.028083073576162861 0.028175010044807481 -0.031647752527972473 0.045975260386495 -0.053853557064748203 -0.03674286527739664 -0.0018744889504038386 0.029260212266796062 -0.022210589466164152 -0.0017704310684866411 0.051627396149444726 -0.025262729690310865 0.011784867866736938 0.03079601482105862 0.0093438307872387993 0.016737152902321913 -0.016205389147391495 0.040937566914565848 0.060942346717895696 -0.04213570985326489 0.00019836109897098118 0.0024640330903404934 0.049778493510933053 -0.009811444703622654 -0.0036952763956416925 -0.00043915209379817599 -0.012301974103092786
leaf_weight=5028.3613692028448 4.4025665540248147 4.5393386557698241 182.32675934489816 1.9904876518994568 6.5007422547787419 9.166685722768305 4.4822116196155539 4.6945578455924979 12.105939060449602 223.06780004594475 4.3537442348897448 10.852205969393252 37.335811864584684 5.2504886239767101 5.0854708822444099 6.7796572111546975 7.3686674479395178 29.911323171108961 6.9218734055757523 3.4802730008959788 4.8030548100359729 6.32223482709378 4.4000650048255903 5.1881084591150275 5.7433419786393642 6.7104757614433765 88.079249687492847 22.250998120754957 308.805434897542 24.649469248950481
leaf_count=22467 47 24 859 58 41 42 20 20 51 945 29 58 184 27 28 34 37 141 31 19 44 37 22 22 38 35 408 109 2012 111
internal_value=3.95014e-06 -9.96121e-06 0.00164497 -0.0267637 -0.000165729 -0.000198968 0.000103952 -0.00358445 -0.00894666 -0.00110227 -0.00743375 -0.000175127 0.000646209 0.00890495 0.0218676 0.0157394 -0.00485111 0.0141177 -0.00105106 8.56902e-06 0.0143145 0.0335519 0.00169788 -0.0256607 -0.0168827 0.0306843 -0.00611291 0.00488534 0.00200462 0.0056507
internal_weight=6075.93 6071.53 522.311 6.52983 5549.22 5542.72 5087.5 455.212 144.041 311.17 139.347 302.004 291.152 68.0838 30.748 25.4975 122.053 34.3935 12.0073 5053.11 24.749 9.80251 14.9465 17.294 10.1434 13.4901 117.699 29.6197 515.782 206.976
internal_count=28000 27953 3064 82 24889 24848 22788 2060 676 1384 656 1342 1284 339 155 128 583 161 59 22627 160 56 104 73 60 69 554 146 2982 970
is_linear=0
shrinkage=0.05


Tree=128
num_leaves=31
num_cat=0
split_feature=28 0 40 38 39 40 41 39 38 38 41 40 38 38 0 38 7 38 39 38 0 41 40 38 41 41 38 12 7 39
split_gain=0.63213 2.07229 0.618876 3.40033 2.20268 2.10703 5.66076 3.04146 4.40351 2.99441 2.53993 1.96234 3.80566 2.75087 2.00337 3.70729 3.47379 2.37132 3.24856 2.40986 2.0606 2.71517 2.97685 2.74941 6.31918 2.58147 2.1334 2.47403 1.91191 1.93082
threshold=1.0000000180025095e-35 27.500000000000004 0.049390243902439034 3.1830947672697021 2.3604923862825689 0.032795698924731186 0.28102564102564109 3.5006989127170525 3.8441697217888655 3.9001973936571717 0.20761494252873566 0.054093567251461992 3.6427819312973484 3.8455070432369092 27.500000000000004 4.0439025292556732 1.5000000000000002 3.9138546650815367 3.385224931152861 3.999117158513001 31.500000000000004 0.19538706256627789 0.069366479550922219 4.235498516310356 0.17817460317460321 0.17817460317460321 4.3491958551321925 6.5000000000000009 1.0000000180025095e-35 3.5711025431757997
decision_type=2 2 2 2 2 2 2 2 2 2 2 2 2 2 2 2 2 2 2 2 2 2 2 2 2 2 2 2 2 2
left_child=2 -2 5 -4 -5 -1 7 9 -9 10 -7 12 -6 -14 16 17 -13 18 -16 -19 21 23 -23 25 -25 -17 -22 -28 29 -10
right_child=1 -3 3 4 11 6 -8 8 28 -11 -12 14 13 -15 15 20 -18 19 -20 -21 26 22 -24 24 -26 -27 27 -29 -30 -31
leaf_value=-5.3137658173604705e-05 -0.0066548236230863757 0.04309557791537566 0.046667517656179103 -0.039438567339687279 0.024499087387147036 -0.033717777482079513 0.040280281557607031 -0.057147590531024223 -0.043417350222958728 0.031320570536407043 -0.0014462915817101364 -0.00016869854802809936 -0.0065431877415808373 0.028718784809419074 0.053151556279076945 -0.031752144980918981 -0.047359147490515861 0.06240933377312307 -0.0099212893706903359 0.016240811414463364 0.027497182584303323 -0.068102519381703572 0.022569810565501138 0.0038740935258189386 -0.12885713282542491 0.029905257526083737 -0.050964421392652642 0.018714592655418145 0.0068932806568610177 -0.012279993985186352
leaf_weight=5324.3843534793705 5.1715214625000936 3.5163647248409688 4.1315919291228047 3.3234024234116069 25.824690818786621 7.2186478525400153 5.8780235201120368 6.7738035172224036 6.5643038302660015 5.9118936359882346 39.242993295192719 510.45569317322224 31.490764454007149 6.7092965207993975 2.853599108289929 4.9140772940590995 3.9297551847994319 6.2016548905521613 7.1733647929504514 5.1933229714632034 9.3887607571668905 1.0421760864555825 6.8875978393480182 1.7623585648834708 1.8256154619157312 2.5935777621343732 2.3106873547658315 2.8392251660116017 8.9057618677616102 20.612053573131561
leaf_count=23640 25 48 26 30 120 29 27 28 27 26 164 2733 130 31 34 35 23 65 51 57 185 9 122 19 30 24 62 67 47 86
internal_value=3.94867e-06 0.0134813 -1.53529e-05 0.00145408 0.00116069 -0.00018892 -0.0073393 -0.0102786 -0.0201568 -0.00219557 -0.00646024 0.00137372 0.00967304 -0.000349925 0.000440473 0.0095118 -0.00052922 0.0257628 0.00802877 0.0413678 -0.000860247 -0.0116902 0.0106531 -0.0276584 -0.0636616 -0.0104521 0.0133118 -0.0125493 -0.0132124 -0.0198011
internal_weight=6075.03 8.68789 6066.34 640.851 636.72 5425.49 101.107 95.2295 42.8559 52.3735 46.4616 633.396 64.0248 38.2001 569.371 54.986 514.385 21.4219 10.027 11.395 33.5641 19.0254 7.92977 11.0956 3.58797 7.50766 14.5387 5.14991 36.0821 27.1764
internal_count=28000 73 27927 3853 3827 24074 434 407 188 219 193 3797 281 161 3516 760 2756 207 85 122 553 239 131 108 49 59 314 129 160 113
is_linear=0
shrinkage=0.05


Tree=129
num_leaves=31
num_cat=0
split_feature=10 38 39 40 38 38 39 40 0 40 41 38 40 38 39 38 39 41 40 40 41 0 10 39 41 40 40 40 38 38
split_gain=0.631094 2.1001 4.79559 3.5314 4.39967 4.26065 3.89922 3.04884 2.89355 2.81147 2.45172 2.33569 3.30955 2.84858 4.69685 3.48945 3.01195 3.84911 2.51442 6.08567 2.5182 2.03235 2.88749 2.24118 2.0194 1.95815 2.45573 1.93181 4.03275 4.01627
threshold=3.5000000000000004 4.0216345058934602 3.4830745604309223 0.18898809523809526 3.8443087154995541 3.8490542645098729 3.2778374513259747 0.24357284113381678 22.500000000000004 0.31414473684210531 0.23606811145510839 4.0561096504339895 0.20761494252873566 4.1066632247880905 3.8500864429761346 4.0816300277380764 3.7491349371179044 0.21320346320346323 0.1526806526806527 0.14434523809523811 0.14760348583878 26.500000000000004 4.5000000000000009 3.5772185880117249 0.23606811145510839 0.10990338164251208 0.091966173361522213 0.096006144393241177 3.7483615029509889 3.4729297375596802
decision_type=2 2 2 2 2 2 2 2 2 2 2 2 2 2 2 2 2 2 2 2 2 2 2 2 2 2 2 2 2 2
left_child=25 2 3 8 6 -6 -5 -7 -2 -9 -11 12 -3 15 16 -13 -15 -18 19 -16 -20 22 23 -4 -24 26 -1 28 -28 -29
right_child=1 11 21 4 5 7 -8 9 -10 10 -12 13 -14 14 18 -17 17 -19 20 -21 -22 -23 24 -25 -26 -27 27 29 -30 -31
leaf_value=-6.5230629989253036e-05 0.056881704677295288 -0.0033496694437524957 0.025690399184541524 0.0015405766102576956 -0.080402447947717032 -0.030040668472495952 0.042354076627952424 0.04620884717710929 0.0042913083752397453 0.033845790293643423 -0.032452517102714525 -0.010103469604822432 -0.064838637446266875 -0.0011081012161927978 0.0086100814901587438 0.061222705036919303 -0.10182692548971424 -0.017130808925102915 -0.054877211715735522 -0.096540413269164196 0.032053177354794002 0.062164232233615925 0.061945132826561639 -0.021021217375786966 0.0042174142750821004 -0.0056060979363296536 -0.014053696969108929 0.04649419078606104 0.032260488502406058 0.00010594311673277834
leaf_weight=5645.1159736691043 5.0592349469661695 5.1330718286335451 5.4700117036700302 80.077999209053814 2.5881850374862578 11.263732470571997 6.3134644352830938 3.2410415150225145 5.4149164706468582 2.0618351972661912 4.3081303779035807 3.2224135503638527 3.8145671584643424 3.3568093334324676 6.4200743474066275 3.6649904130026698 2.8151571098715067 2.5624967608600855 0.92092874343506892 1.7514044214040039 8.7334612070117128 3.5695247072726479 5.1291236989200106 4.8398533277213573 2.1499359142035246 156.39166355878115 6.3428499549627331 5.0653373748064032 18.148685019463301 59.189351906999946
leaf_count=25123 23 33 25 644 16 55 59 26 28 47 39 38 44 39 77 46 22 22 39 13 254 48 48 24 23 706 27 21 83 308
internal_value=3.99866e-06 0.00288851 0.00581347 0.00195345 -0.000691458 -0.0198921 0.00452322 -0.0123896 0.0296936 0.00829669 -0.010993 -0.00687304 -0.0295637 -0.000803038 -0.00823344 0.0278513 -0.0382709 -0.0614685 0.00648458 -0.013927 0.0237609 0.0277655 0.0207846 0.00376214 0.0448947 -8.60501e-05 6.45097e-05 0.00831725 0.020266 0.00376283
internal_weight=6074.14 183.882 141.487 120.329 109.854 23.4629 86.3915 20.8747 10.4742 9.61101 6.36997 42.3954 8.94764 33.4477 26.5603 6.8874 8.73446 5.37765 17.8259 8.17148 9.65439 21.1584 17.5889 10.3099 7.27906 5890.25 5733.86 88.7462 24.4915 64.2547
internal_count=28000 1732 1105 937 886 183 703 167 51 112 86 627 77 550 466 84 83 44 383 90 293 168 120 49 71 26268 25562 439 110 329
is_linear=0
shrinkage=0.05


Tree=130
num_leaves=31
num_cat=0
split_feature=11 34 39 38 39 41 11 39 39 7 0 38 11 39 38 38 40 41 39 38 39 40 11 40 38 41 38 39 38 11
split_gain=0.627014 1.94234 1.57295 5.23365 2.71315 2.07734 4.48875 4.7609 2.16084 2.16751 2.24505 2.13825 2.28864 2.79027 1.97486 3.28075 2.30572 3.29421 1.87486 4.93472 1.76193 1.62411 2.72592 3.7597 13.33 4.67157 2.98736 3.22206 3.11451 2.50925
threshold=17.500000000000004 1.0000000180025095e-35 3.8563805301751679 4.2810611664964666 4.0281768803601583 0.21807065217391305 12.500000000000002 3.6396517497830132 3.7491349371179044 1.5000000000000002 23.500000000000004 4.1066632247880905 16.500000000000004 3.642260665190403 3.6850506496423425 3.7201521494487668 0.19139194139194141 0.20761494252873566 3.5197283634515091 3.9383978851393668 3.3726053923572601 0.049390243902439034 12.500000000000002 0.16247642991829042 3.9102061097784131 0.22967032967032971 3.8443087154995541 3.4594613894182262 3.8490542645098729 14.500000000000002
decision_type=2 2 2 2 2 2 2 2 2 2 2 2 2 2 2 2 2 2 2 2 2 2 2 2 2 2 2 2 2 2
left_child=1 2 5 -4 -5 6 -1 14 9 21 -11 12 13 -9 -8 -16 18 -18 19 20 -17 -7 26 25 -25 29 -23 28 -28 -24
right_child=-2 -3 3 4 -6 8 7 11 -10 10 -12 -13 -14 -15 15 16 17 -19 -20 -21 -22 22 23 24 -26 -27 27 -29 -30 -31
leaf_value=0.036889346680558065 0.00048398685240082326 -0.034934050519731676 0.049512074489719789 -0.11502586609138998 0.007117166420520387 -0.0007069687922914656 -0.041281511967969531 -0.037713391317702155 -0.034266955191670966 0.0058849194451921528 -0.0428424985993585 -0.020218406587956601 0.036727833598029967 0.015557532302029478 0.02850526044128264 -0.047315840682899214 0.055999600739163984 -0.022132084441144097 -0.040956429464377025 0.025914602185300391 -0.014981216327923905 0.0017334796188045146 -0.036895928252538422 0.075352647153487093 -0.037235143459556246 0.0091843202741709873 -0.061005381024525296 0.022133194251391784 -0.013166599824265358 -0.0022620411312336865
leaf_weight=5.1489292674232265 3210.0285730671603 4.0975036621093741 5.0715198167599729 0.84268399747088529 0.98735025012865663 2299.5001129284501 8.9825677797198278 3.3517411202192369 4.6765505252405992 3.9050916358828527 5.9893493079580367 5.8387289252132168 7.1868454329669467 9.2200154457241279 3.8548832088708869 7.565680190920836 2.2915441840887061 3.2801913693547249 11.655616819858549 5.3012216538190833 9.5071329921483976 247.41660413518548 8.5404689460992813 7.3897214755415899 4.0807806849479675 131.9324984177947 3.7986174505203953 5.7449537687934926 32.608406635001302 13.490989845246077
leaf_count=127 14341 20 91 13 37 10505 41 15 36 19 37 41 32 59 16 33 30 20 49 22 40 1346 37 40 27 602 20 57 189 58
internal_value=4.17344e-06 -0.00053375 -0.000484451 0.0233568 -0.0491266 -0.000542139 -0.00832741 -0.0113109 -0.000308263 -0.000250815 -0.023611 0.00636561 0.0142213 0.00135503 -0.0199394 -0.0155279 -0.0198142 0.0100019 -0.0246961 -0.0162253 -0.02931 -0.000166903 0.00256249 0.00768263 0.0352981 0.00562524 -0.000362719 -0.0126666 -0.018158 -0.0156878
internal_weight=6073.29 2863.26 2859.16 6.90155 1.83003 2852.26 83.1851 78.0362 2769.07 2764.4 9.89444 25.5973 19.7586 12.5718 52.4388 43.4563 39.6014 5.57174 34.0297 22.374 17.0728 2754.5 455.003 165.434 11.4705 153.964 289.569 42.152 36.407 22.0315
internal_count=28000 13659 13639 141 50 13498 525 398 12973 12937 56 147 106 74 251 210 194 50 144 95 73 12881 2376 764 67 697 1612 266 209 95
is_linear=0
shrinkage=0.05


Tree=131
num_leaves=31
num_cat=0
split_feature=39 38 39 38 1 38 1 41 38 38 1 39 39 39 39 38 39 38 39 39 39 38 39 41 39 38 39 38 1 11
split_gain=0.598816 2.8994 4.56325 2.22127 1.5844 2.46225 2.38865 2.02954 2.06223 3.87784 2.88246 1.82769 2.32643 2.40186 1.86551 1.4895 3.75461 2.90781 6.62851 3.82069 3.44071 7.20378 3.43042 4.39743 3.30037 2.58339 5.79815 3.8799 4.77341 3.65592
threshold=3.4534939707360945 3.7719580414191989 3.591483651618089 4.0043543155378369 20.500000000000004 3.7130633111196718 21.500000000000004 0.19292803970223329 3.8175083389536781 3.7842761036880259 23.500000000000004 3.385224931152861 3.3293288462733837 3.1907548686078333 3.0780788756308879 3.5842434495629507 3.23966092346532 3.5470132150399563 2.9997906153230329 2.9321041277738069 2.9691539917456269 3.4729297375596802 3.2360563169422236 0.28102564102564109 2.9321041277738069 3.6637018666367642 3.3084829020490516 3.6540102171420124 16.500000000000004 14.500000000000002
decision_type=2 2 2 2 2 2 2 2 2 2 2 2 2 2 2 2 2 2 2 2 2 2 2 2 2 2 2 2 2 2
left_child=3 2 -2 4 15 11 -7 8 9 10 -8 12 13 14 -6 16 17 20 19 -19 24 -22 23 -20 -1 26 27 -17 -29 -28
right_child=1 -3 -4 -5 5 6 7 -9 -10 -11 -12 -13 -14 -15 -16 25 -18 18 22 -21 21 -23 -24 -25 -26 -27 29 28 -30 -31
leaf_value=-0.0022177970881822927 0.0041251316751246166 8.6375691979885609e-05 0.031498040009562682 -0.025344278010990678 -0.014487106150726937 0.025180865857690912 0.030137081083410927 -0.026108956159046817 0.023404047513026684 -0.03460077909930822 -0.016534490242470497 -0.028579650043221674 0.02483197080319792 -0.020564048128327479 0.032744423326050265 -0.0050463478525772758 0.0096377118945435575 0.0071730213336235861 0.0030952640366163262 0.025985353241404094 0.01254426838395134 -0.0030414659589371052 -0.034627872577660569 -0.022567366584779567 -0.014069508942601592 -0.00029181865262869051 0.026005840379352631 -0.0264096163502625 0.012535434710700314 0.0018675468881095569
leaf_weight=514.98057946562767 184.96717214584351 1998.8201772740576 16.591246694326401 8.8831338817253691 3.5606464408338123 22.172305300366133 8.9886076748371142 4.7165404371917239 14.298459362704305 6.1342345625162116 5.2349690273404113 6.4239720404148093 7.5337356105446807 13.439568575471638 5.0637851655483246 406.15373818902299 112.48657001554966 114.28379630018026 86.128913713619113 35.334207236766815 120.15738727897406 193.58170583471656 8.6430649161338788 20.706262364983559 66.303852267563343 1904.0154938623309 18.283657260239124 43.689634427428246 9.5961415795609337 110.42735166847706
leaf_count=2796 783 9594 79 40 28 99 39 22 67 28 26 28 36 62 27 1809 470 586 367 157 536 851 35 116 298 8245 80 202 42 452
internal_value=4.10111e-06 0.000662729 0.00637833 -0.000370259 -0.00031282 0.00597782 0.0120546 0.00466264 0.0088505 -0.00137129 0.0129597 -0.00440462 0.00084239 -0.00734883 0.0132446 -0.000475847 0.000915907 7.02309e-05 0.0046698 0.0116158 -0.00129211 0.00292764 -0.00432969 -0.00187854 -0.00356966 -0.00118654 -0.004083 -0.00671063 -0.0193961 0.00529644
internal_weight=6071.6 2200.38 201.558 3871.22 3862.34 97.5668 61.5451 39.3728 34.6563 20.3578 14.2236 36.0217 29.5977 22.064 8.62443 3764.77 1272.61 1160.12 265.096 149.618 895.024 313.739 115.478 106.835 581.284 2492.17 588.151 459.44 53.2858 128.711
internal_count=28000 10456 862 17544 17504 462 281 182 160 93 65 181 153 117 55 17042 6212 5742 1261 743 4481 1387 518 483 3094 10830 2585 2053 244 532
is_linear=0
shrinkage=0.05


Tree=132
num_leaves=31
num_cat=0
split_feature=24 12 39 39 39 39 40 39 38 12 11 11 38 39 41 11 38 11 38 41 41 39 41 0 38 39 38 38 38 39
split_gain=0.600986 0.58695 1.15514 4.75211 1.40581 3.35221 1.3807 1.14085 2.30197 1.79494 1.71676 1.638 1.89339 2.68058 2.56351 3.08544 2.42387 3.38619 4.82738 3.27977 1.17294 1.0854 3.67465 2.66325 2.64817 1.94882 1.37976 2.8141 2.54774 4.3456
threshold=1.0000000180025095e-35 7.5000000000000009 3.4681483650811837 3.6467030064723334 4.0281768803601583 4.1247476260021463 0.033908045977011504 3.978598834686681 4.1505187135146189 6.5000000000000009 19.500000000000004 16.500000000000004 4.3256116827850262 4.0862589720034093 0.15075757575757578 22.500000000000004 4.2654321889523965 26.500000000000004 4.2165949164547696 0.14670014347202298 0.16172624237140368 3.9330737427042401 0.18834459459459463 37.500000000000007 4.1039458654316352 3.9694087061514027 4.1655745823242958 4.1806421890487728 4.1556453072410688 3.8680144982828488
decision_type=2 2 2 2 2 2 2 2 2 2 2 2 2 2 2 2 2 2 2 2 2 2 2 2 2 2 2 2 2 2
left_child=1 7 -3 -4 6 -6 -5 21 -9 11 -11 -10 16 -14 -15 -16 17 18 -13 -19 -18 26 23 24 -23 -24 28 -28 -1 -30
right_child=-2 2 3 4 5 -7 -8 8 9 10 -12 12 13 14 15 -17 20 19 -20 -21 -22 22 25 -25 -26 -27 27 -29 29 -31
leaf_value=-8.452489703213999e-06 0.018567851096721676 0.020972961703968965 -0.066414288695075305 0.017868030250144003 -0.077474927615134803 0.0083585395134921792 -0.023520555044623023 0.056381044827617847 0.052463936588122109 -0.015939598003494315 0.055671395688583453 0.012940167967746273 -0.0801225159511888 0.054833248861551734 0.020254947103840907 -0.088344764827831379 0.0054563841154257296 -0.01600833436746529 -0.091540666622711542 0.059598284713775145 0.056430155000090215 -0.028939556543772307 -0.070919436316697212 -0.043728057874420245 0.021312411964599348 -0.020118048524559812 0.034222756876346565 0.0029394140042930386 0.0040341129651976018 -0.059481049874588937
leaf_weight=5925.2229955014773 4.3566356375813475 2.9766716584563282 3.377868220210078 8.777373671531679 1.8176189558580507 3.0400973237119615 2.6154359132051459 2.4458709619939354 1.3889625284355194 1.1599443401209999 3.0054401033557951 2.1445498978719133 1.7336093625053752 1.2147915307432415 1.3323296485468747 1.284669332206249 1.9134217277169216 3.2767744548618793 2.2819104390218854 2.5510961562395096 2.7512760679237545 3.3431459218263688 2.8671984001994115 2.6553778648376456 12.148485225159673 5.526753555983305 8.6202019117772561 43.290642257314175 6.0588182462379319 4.847640560939908
leaf_count=26752 47 17 21 56 16 37 22 29 53 19 69 24 19 26 39 11 21 32 26 23 50 18 16 22 91 42 50 291 31 30
internal_value=3.8934e-06 -9.44006e-06 -0.00805131 -0.0124529 -0.00123634 -0.0237579 0.00836649 2.06418e-05 0.0100035 0.00564714 0.0357297 -8.15371e-05 -0.00364442 -0.028533 -0.0051925 -0.033056 0.00564003 -0.00795288 -0.0409214 0.0170878 0.0355211 -2.66361e-05 -0.0101156 0.0025376 0.0104679 -0.0374707 1.80815e-05 0.00813426 -5.28937e-05 -0.0241967
internal_weight=6070.03 6065.67 22.6051 19.6284 16.2505 4.85772 11.3928 6043.07 28.4846 26.0388 4.16538 21.8734 20.4844 5.5654 3.83179 2.617 14.919 10.2543 4.42646 5.82787 4.6647 6014.58 26.541 18.147 15.4916 8.39395 5988.04 51.9108 5936.13 10.9065
internal_count=28000 27953 169 152 131 53 78 27784 441 412 88 324 271 95 76 50 176 105 50 55 71 27343 189 131 109 58 27154 341 26813 61
is_linear=0
shrinkage=0.05


Tree=133
num_leaves=31
num_cat=0
split_feature=36 39 12 41 11 38 39 38 11 39 38 38 11 39 39 38 38 38 39 38 39 38 38 38 39 11 38 38 39 38
split_gain=0.597349 1.34136 1.03333 0.605771 2.33893 7.04527 7.33828 4.832 3.36221 3.30158 2.50209 5.71514 1.92331 1.72829 2.41173 1.87166 4.44259 3.57313 2.47827 2.42733 1.99437 3.30838 2.7268 2.51255 3.37109 3.12118 2.5098 2.78194 2.71642 2.02339
threshold=1.0000000180025095e-35 3.3920199341727337 5.5000000000000009 0.22967032967032971 13.500000000000002 3.9702989661229862 3.2360563169422236 3.6742902792137371 15.500000000000002 3.7201521494487664 4.1066632247880905 4.137189849698534 12.500000000000002 2.7237043259426157 2.6499918208507922 3.4209799704839883 3.4110097353675966 3.4301826802983593 3.0232263396109507 3.3470203280915363 3.038855503989351 3.7193351740411753 3.5558672161174503 3.4842291702451242 2.874070339756567 17.500000000000004 3.508985020136778 3.6185302986066428 2.9321041277738069 3.5470132150399563
decision_type=2 2 2 2 2 2 2 2 2 2 2 2 2 2 2 2 2 2 2 2 2 2 2 2 2 2 2 2 2 2
left_child=3 -2 -3 4 5 6 7 -1 9 -6 -11 -12 -7 14 -10 16 18 -17 19 -15 21 23 -22 -19 25 -25 -26 28 -28 -30
right_child=1 2 -4 -5 8 12 -8 -9 13 10 11 -13 -14 15 -16 17 -18 20 -20 -21 22 -23 -24 24 26 -27 27 -29 29 -31
leaf_value=0.026583813383060085 -0.014850988315740429 0.0041351976457648541 0.057156559099761563 -0.00057769505188759842 -0.018575439507628265 0.00048873818108151486 0.046994690861659243 -0.041573640023786204 -0.0041879577121443452 0.046326526289293429 -0.092553569630103416 0.043706520079868645 -0.0527281603038251 0.01376282217074877 0.048197901061666867 -0.042079446188276838 0.049457148277866347 0.0081669443536780111 0.021430762554006895 -0.018505735005292092 0.008205096921181437 0.019647935496014485 0.00029957447670256332 -0.012403226499711258 -0.045390934309536737 0.033774743557419232 -0.029221138308509944 -0.026480665678061489 -0.011956306575078728 0.017829098857189477
leaf_weight=5.2655806476250309 2.2335954159498206 1.6249795891344549 2.1148596713319421 2655.3244146746583 39.754511767998338 2.8807840107474467 15.813400521874426 5.1376035609282553 4.2926350906491262 3.7702748589217654 1.3355150148272517 1.8158468077890573 4.1345343459397554 9.8135186061263102 4.5005072355270386 4.968371406197547 6.3240192979574195 16.9403325766325 13.367384418845175 14.349512681365011 113.12196742743254 10.985205769538878 3050.4108589454554 8.0808332413434965 7.3906733989715567 6.6875260770320883 8.1144412159919757 26.068967074155807 10.370617598295214 12.66511410474777
leaf_count=42 11 11 35 12643 192 50 141 43 20 33 9 36 25 45 21 21 29 71 61 60 474 46 13546 36 31 28 34 110 43 53
internal_value=4.07333e-06 0.0158078 0.0341185 -1.14951e-05 0.00042961 0.0136296 0.0255387 -0.00707569 0.000299641 -0.0130267 0.0188426 -0.0140391 -0.0308751 0.000486521 0.0226242 0.000427883 0.0106889 0.000290515 0.00415627 -0.00540026 0.000354875 -0.00634894 0.000582261 -0.0093139 -0.0130445 0.00850745 -0.0179708 -0.0144291 -0.00434347 0.0044198
internal_weight=6069.66 5.97343 3.73984 6063.68 3408.36 33.2319 26.2166 10.4032 3375.13 46.6761 6.92164 3.15136 7.01532 3328.45 8.79314 3319.66 43.8544 3275.8 37.5304 24.163 3270.84 107.304 3163.53 96.3185 79.3782 14.7684 64.6098 57.2191 31.1502 23.0357
internal_count=28000 57 46 27943 15300 301 226 85 14999 270 78 45 75 14729 41 14688 195 14493 166 105 14472 452 14020 406 335 64 271 240 130 96
is_linear=0
shrinkage=0.05


Tree=134
num_leaves=31
num_cat=0
split_feature=7 38 40 38 10 40 7 38 39 11 41 38 6 39 0 0 39 39 39 38 41 39 39 39 38 39 38 39 38 38
split_gain=0.591676 1.7031 1.22361 2.76327 5.02554 5.43397 1.96053 1.53157 1.41475 1.29102 1.20922 1.27016 3.38448 2.41909 2.66379 2.27233 3.75513 2.09064 8.52157 2.66408 2.07677 1.95824 3.70522 3.42794 1.7085 3.98404 3.56227 3.90262 4.0367 3.36588
threshold=1.0000000180025095e-35 3.3299574648874768 0.15075757575757578 4.1806421890487728 5.5000000000000009 0.24068965517241384 2.5000000000000004 3.9677909290881934 3.7491349371179044 27.500000000000004 0.34166666666666673 4.0781190257781939 1.5000000000000002 3.6538767234763561 31.500000000000004 30.500000000000004 3.4729297375596802 3.4623003290109104 3.5033987287898358 3.8964897487335972 0.17974358974358975 3.7903397265970051 3.7556188283926306 3.7350938664410989 4.0439025292556732 3.6248401734868243 3.9914725034370799 3.535708989309482 4.0179089951977423 3.9133352175882434
decision_type=2 2 2 2 2 2 2 2 2 2 2 2 2 2 2 2 2 2 2 2 2 2 2 2 2 2 2 2 2 2
left_child=-1 -2 10 4 7 -6 8 -4 -7 -5 11 13 21 14 15 24 -17 -16 -19 -20 -15 22 23 -13 26 -26 29 -28 -29 -3
right_child=1 2 3 9 5 6 -8 -9 -10 -11 -12 12 -14 20 17 16 -18 18 19 -21 -22 -23 -24 -25 25 -27 27 28 -30 -31
leaf_value=-0.00018947747395346861 0.028762558913987449 0.0019999261219784325 0.011288727804399263 0.053017074235640942 -0.09406436825951596 0.052017806198370209 -0.068016332819821793 0.059659782582344445 -0.041581908828034898 -0.021338499207060616 -0.023558823159265847 -0.01551709883082669 0.030889678195670418 0.029940817855058602 0.01580569829280162 -0.016528932169012338 0.045803514096839665 -0.089346301416486446 -0.034911378012583316 0.0066197757113782259 0.0061822064099654574 -0.0011154952875276761 -0.041298496841764031 0.028285920772412348 0.0025299675988820569 -0.04969968814055023 -0.012935400365403693 0.06902247796849309 0.016301265895999156 -0.0096389115116096002
leaf_weight=5260.223705856828 5.5916325896978369 406.97193724289536 4.7215985618531722 4.7409292689990243 2.2887550070881844 1.7589518185704953 0.64785960316658009 2.5044927950948477 0.52397405728697766 0.66575218643993128 5.071264997124671 19.902820356190208 6.4380457401275626 10.04039032384753 4.4515969753265408 3.7165911793708784 6.9058066979050636 3.8366747051477459 5.7575716562569168 11.724427118897436 109.60599620454013 61.310882569290698 10.210536137223242 5.75884249433875 10.673075944185259 5.5496148616075507 6.4065658226609257 5.3025199808180359 11.51594280824065 73.307683538645506
leaf_count=23572 25 1775 44 207 33 77 4 37 16 19 33 107 32 67 22 19 38 18 32 67 611 514 63 34 52 28 29 31 58 336
internal_value=4.01405e-06 0.00126383 0.00107218 0.0140159 0.00105033 -0.0363339 0.00874985 0.0280537 0.0305349 0.0438613 0.000777614 0.000935964 -0.00421866 0.00172637 0.000338771 0.00110158 0.0239945 -0.0153597 -0.0218674 -0.00705821 0.00817596 -0.00654447 -0.0158234 -0.00568708 0.000633682 -0.0153373 0.00114826 0.0202732 0.0329232 0.000223427
internal_weight=6068.13 807.903 802.311 17.8523 12.4456 5.21954 2.93079 7.22609 2.28293 5.40668 784.459 779.388 103.621 675.766 556.12 530.35 10.6224 25.7703 21.3187 17.482 119.646 97.1831 35.8722 25.6617 519.727 16.2227 503.505 23.225 16.8185 480.28
internal_count=28000 4428 4403 437 211 130 97 81 93 226 3966 3933 750 3183 2505 2366 57 139 117 99 678 718 204 141 2309 80 2229 118 89 2111
is_linear=0
shrinkage=0.05


Tree=135
num_leaves=31
num_cat=0
split_feature=11 0 39 39 38 38 38 41 39 39 40 38 39 38 39 41 38 39 39 38 38 38 38 38 39 39 0 39 12 38
split_gain=0.571806 1.8302 1.58816 4.81625 4.0569 1.46325 2.2544 2.60942 1.764 1.39118 1.34081 2.65311 1.31807 1.34133 2.48366 1.16497 1.18744 1.07527 2.47521 2.20107 2.04218 1.98762 1.22432 1.08275 0.907988 4.72511 3.96679 2.30039 1.91457 2.38628
threshold=30.500000000000004 36.500000000000007 3.3754072918469564 3.4534939707360945 3.8616009670728046 4.0043543155378369 3.9706988089210813 0.13680926916221037 3.7255656565549811 3.7255656565549811 0.074537037037037054 4.1435829940246913 3.9542494257371539 4.4542585692075649 4.2636353823710031 0.12220009955201594 4.1162821106848613 3.7842637325256843 3.8523331503537412 4.1655745823242958 4.2654321889523965 4.122235376922017 4.2285685937444528 4.0781190257781939 3.9022431950643792 3.914421688532927 34.500000000000007 4.09636973196345 6.5000000000000009 4.0839003475882114
decision_type=2 2 2 2 2 2 2 2 2 2 2 2 2 2 2 2 2 2 2 2 2 2 2 2 2 2 2 2 2 2
left_child=1 24 -2 -4 -5 6 7 -6 -7 -8 11 -3 -12 -14 -15 16 -10 -17 23 21 22 -20 -21 -19 -1 -26 28 -28 29 -27
right_child=2 10 3 4 5 8 9 -9 15 -11 12 -13 13 14 -16 17 -18 18 19 20 -22 -23 -24 -25 25 26 27 -29 -30 -31
leaf_value=-7.8300748719408689e-05 0.043748558091675827 -0.0050677635827630595 -0.069986075779477949 0.061324640452575498 -0.011240707838261015 0.036477230603685518 -0.043727737129530403 0.034844585868482318 0.058041494285269994 -0.0049772476587028646 -0.04999799903385653 -0.06998091323199164 0.045434037702574148 -0.063181662989166665 0.052829198996249896 -0.019066260911736049 0.002522883247019634 0.0093523945141659754 -0.0029979590580549455 0.014371483686231121 -0.016212963819630419 -0.047969436402953286 0.058385343020825944 0.048811382702175998 0.049021868398119374 -0.029558004353984209 0.059980800098181686 -0.01312699223132825 0.026141728235630081 -0.00046044890230195361
leaf_weight=5914.5984959050547 2.4763807617127886 3.3641548268496972 2.189723812043666 3.0903428941965094 8.3592182993888873 4.8601343147456637 5.1714849248528463 4.855810245499014 1.9467399753630155 4.1949902102351189 1.0343510545790193 2.9582730364054441 1.7563051707111301 1.114707665517926 0.78713264758698631 5.3286143615841857 1.9061163766309617 3.140981130301955 6.8159419298172015 5.1021070443093759 4.0386667363345623 3.8418451249599457 2.2887770310044289 3.8935773596167564 5.7675727214664212 8.4212794266641122 4.2577613135799757 1.4398850593715904 5.3765345392748705 43.148719794116914
leaf_count=26698 17 22 13 22 48 27 26 30 19 25 26 23 57 20 31 33 31 18 43 39 37 27 22 22 41 48 61 24 59 391
internal_value=4.20616e-06 -4.95437e-05 0.00438749 0.00301512 0.00533736 0.00270568 -0.00760718 0.00569315 0.00810098 -0.0263724 -0.020412 -0.0354407 -0.000163014 0.013928 -0.0151671 0.00450045 0.0305749 0.00158436 0.00536293 -0.00286354 0.0123782 -0.019209 0.0280015 0.0311927 -1.20558e-05 0.00571521 0.00172802 0.0415053 -0.0022518 -0.00521202
internal_weight=6067.53 5994.03 73.5015 71.0251 68.8353 65.745 22.5815 13.215 43.1635 9.36648 11.0149 6.32243 4.6925 3.65815 1.90184 38.3034 3.85286 34.4505 29.1219 22.0873 11.4296 10.6578 7.39088 7.03456 5983.01 68.4118 62.6442 5.69765 56.9465 51.57
internal_count=28000 27501 499 482 469 447 129 78 318 51 179 45 134 108 51 291 50 241 208 168 98 70 61 40 27322 624 583 85 498 439
is_linear=0
shrinkage=0.05


Tree=136
num_leaves=31
num_cat=0
split_feature=28 0 6 40 0 39 39 39 10 39 41 39 39 39 0 39 39 41 0 39 39 41 41 39 39 11 0 39 41 39
split_gain=0.571529 1.94843 0.593467 2.98529 4.71074 5.89995 2.83643 2.09003 2.33998 1.61713 1.82932 1.98166 1.07488 7.08815 3.3128 2.43789 3.95565 3.77033 3.45121 2.11696 3.63631 5.13237 2.27883 3.32787 1.72966 1.37164 1.34399 1.70155 2.22196 2.25753
threshold=1.0000000180025095e-35 27.500000000000004 1.5000000000000002 0.039230769230769243 25.500000000000004 3.5465164544829775 2.9201119644709261 3.1230102876585404 1.5000000000000002 3.7745165547421649 0.17573529411764707 3.7491349371179044 3.3276521565353132 3.3238656213382543 27.500000000000004 3.3791270321417142 3.3924473170566602 0.23861283643892342 23.500000000000004 3.2030314438610916 3.1553932710946153 0.27097902097902099 0.30217391304347835 2.7263487792301757 2.9124846630988999 18.500000000000004 22.500000000000004 3.4729297375596802 0.24068965517241384 3.5219916518807821
decision_type=2 2 2 2 2 2 2 2 2 2 2 2 2 2 2 2 2 2 2 2 2 2 2 2 2 2 2 2 2 2
left_child=2 -2 -1 9 5 6 -5 -8 -9 10 -4 12 13 14 19 17 -17 -14 -19 20 21 -12 23 -23 -25 -22 -18 -28 29 -29
right_child=1 -3 3 4 -6 -7 7 8 -10 -11 11 -13 15 -15 -16 16 26 18 -20 -21 25 22 -24 24 -26 -27 27 28 -30 -31
leaf_value=0.00012196397743684647 -0.0064118498798603762 0.04234619544848546 0.02108372361700914 0.062190396602323741 0.073367772497933678 -0.070893763584546354 -0.023930330416970305 0.045860441934967328 -0.004016331467714916 -0.015157389177310202 -0.028989428828276709 0.031505116921661996 -0.053442268982595569 0.060931394086124996 0.028610483977856694 0.044375617683314328 -0.021764070707465749 -0.032445010358300247 0.0048594282222971944 -0.011886210394392947 0.012837941453045823 -0.039770380202572467 -0.01084323696167179 0.028091440297808093 0.005425201408227498 0.044361724432421666 0.0085785792058256389 -0.025813735812816121 0.0069006054659176965 -0.0054334871864925834
leaf_weight=5633.8087556136306 5.1699897944927198 3.3941025445237756 8.4129602909088117 2.8699642880819836 3.102000727551057 2.1588757634162894 3.8032394284382454 4.5327917188405973 4.886739986948669 24.772053137421608 16.427423924207687 4.2365156561136237 6.1312250941991797 4.6121136993169776 8.5386196225881559 4.2875468134880057 10.300774201750754 10.23549045622349 15.725412502884863 50.933635383844376 13.003078475594522 3.6941057294607154 27.260687433183193 10.030700936913489 52.308608673512936 4.6971776634454718 25.453879028558731 17.648661613464355 25.554680541157722 59.056345894932747
leaf_count=25632 25 48 34 182 25 9 35 19 25 109 80 19 30 20 35 19 51 49 77 244 59 22 231 51 267 22 114 84 116 267
internal_value=4.34273e-06 0.0129118 -1.39029e-05 -0.00181633 0.0164027 0.00672103 0.0171332 0.0073537 0.019985 -0.00278093 -0.00197102 -0.00249504 -0.0028887 -0.000302621 -0.00181374 -0.00572854 -0.00292114 -0.0181771 -0.00984843 -0.00327027 0.000173734 -0.00321879 0.00131896 0.00633991 0.00907231 0.0212035 -0.00439045 -0.00298918 -0.00586856 -0.0101227
internal_weight=6067.05 8.56409 6058.48 424.675 21.3536 18.2516 16.0927 13.2228 9.41953 403.322 378.55 370.137 365.9 191.506 186.894 174.394 142.302 32.0921 25.9609 178.355 127.422 109.722 93.2941 66.0334 62.3393 17.7003 138.014 127.714 102.26 76.705
internal_count=28000 73 27927 2295 295 270 261 79 44 2000 1891 1857 1838 1031 1011 807 651 156 126 976 732 651 571 340 318 81 632 581 467 351
is_linear=0
shrinkage=0.05


Tree=137
num_leaves=31
num_cat=0
split_feature=24 38 39 38 38 39 0 41 39 41 12 10 38 38 39 41 41 38 38 39 39 0 11 40 40 41 41 39 39 38
split_gain=0.547398 0.574435 1.91723 2.12069 2.43638 2.30687 3.4897 3.01132 2.36101 1.92975 2.09233 3.52237 3.18442 2.24629 3.02741 1.93813 1.90476 1.84386 1.78583 1.76299 2.25754 1.75516 3.58045 2.21155 3.20938 1.76446 2.849 3.20816 2.90927 5.6503
threshold=1.0000000180025095e-35 4.030877617342794 3.8768917467430883 3.9689600969190457 3.9666579022354393 3.6836992761039777 23.500000000000004 0.15184453227931491 3.6901884542810257 0.27097902097902099 5.5000000000000009 1.0000000180025095e-35 3.9954766092749705 4.0043543155378369 3.5944740717404371 0.23205128205128209 0.13245614035087722 4.0225960823715452 4.0179089951977423 3.7014556151804201 3.5754580086502443 21.500000000000004 13.500000000000002 0.26006441223832533 0.29520697167755999 0.22967032967032971 0.19478319783197837 3.4844403611550336 3.7948710299710378 4.1619704068090781
decision_type=2 2 2 2 2 2 2 2 2 2 2 2 2 2 2 2 2 2 2 2 2 2 2 2 2 2 2 2 2 2
left_child=1 2 3 4 -1 7 -7 -5 18 10 -9 12 -12 -14 17 -16 -10 -15 -8 20 -6 -3 23 -23 -25 26 27 -24 29 -28
right_child=-2 21 -4 5 19 6 8 9 16 -11 11 -13 13 14 15 -17 -18 -19 -20 -21 -22 22 25 24 -26 -27 28 -29 -30 -31
leaf_value=3.3944932886756761e-05 0.01782767814091946 0.036029713268641704 0.02722454975345345 -0.029067616635007267 0.035892754331814825 -0.051364799102123528 -0.035043681521442403 -0.0017396185628448975 0.028070988713095185 -0.020951310384646139 -0.0048268396688187533 0.050452618650790586 0.048639099541083558 -0.031560249121678131 0.010496680416399472 0.050713697565901543 -0.0060087591870338734 0.0099110625232646798 1.5731785246939516e-05 0.041536523561359798 -0.0055089099736052825 -0.072722545588535303 0.046436778504352905 -0.087427820477132531 0.052610693566327117 -0.0066756490958862118 0.0062921069857486151 -0.00061055866929454088 0.019137843877458746 -0.05102482571218362
leaf_weight=5060.2555101739708 4.3046710775233796 3.6711128279566756 6.385152591392397 9.2951908782124502 4.9572799550369409 4.6377465426921836 12.135319396853449 222.86144294124097 4.2481467053294173 10.774590145796536 35.047124721109867 4.6178866121917954 4.8749391362071064 4.6690684407949465 6.6875272616744024 5.4266572892665863 117.59586497023702 6.2922482788562775 5.1837463825941077 5.5101811103522769 9.8051988184452039 2.6257449947297564 3.6676252856850615 0.65592806413769711 1.0873973416164515 55.782669678330421 103.26097448915243 301.06985424947925 44.207239239476621 4.4865946415811768
leaf_count=22693 47 24 41 42 23 20 51 945 29 58 161 46 24 21 33 26 554 28 22 27 45 15 16 7 43 300 492 1781 361 25
internal_value=3.99105e-06 -8.66615e-06 -0.000157843 -0.000189432 0.000103249 -0.0034622 -0.00869784 -0.0010378 -0.00727593 -0.000172935 0.000597793 0.00830193 0.00521218 0.0178001 0.0112851 0.0285123 -0.00482055 -0.007754 -0.0245501 0.0174022 0.00839388 0.00157943 0.00133474 -0.0437366 -7.89484e-05 0.00171899 0.00274435 -4.4327e-05 0.0083369 0.00390544
internal_weight=6066.08 6061.78 5541.26 5534.88 5080.53 454.347 143.801 310.547 139.163 301.251 290.477 67.6155 62.9976 27.9504 23.0755 12.1142 121.844 10.9613 17.3191 20.2727 14.7625 520.515 516.844 4.36907 1.74333 512.475 456.692 304.737 151.955 107.748
internal_count=28000 27953 24889 24848 22788 2060 676 1384 656 1342 1284 339 293 132 108 59 583 49 73 95 68 3064 3040 65 50 2975 2675 1797 878 517
is_linear=0
shrinkage=0.05


Tree=138
num_leaves=31
num_cat=0
split_feature=39 38 39 38 1 38 39 38 39 1 41 38 38 39 39 1 38 41 38 1 38 11 40 1 11 39 38 39 39 39
split_gain=0.543427 4.5098 4.1587 2.08209 1.89749 1.72515 6.99332 5.00267 4.70042 4.62848 4.33909 3.46678 3.82097 3.06905 2.71366 2.2934 2.11488 2.32381 1.52951 2.44888 2.85908 2.87331 4.21245 2.17515 1.4276 1.4245 1.3565 1.39287 1.82866 1.66449
threshold=2.8458951406467268 3.4209799704839883 3.1700299469352529 3.4301826802983593 8.5000000000000018 3.4729297375596802 3.038855503989351 3.5020405073447978 2.874070339756567 12.500000000000002 0.27097902097902099 3.6537086989875935 3.538315392360504 3.0079457296242302 2.874070339756567 9.5000000000000018 3.4324466276812697 0.22653958944281527 3.5715146852060999 12.500000000000002 3.5944132873659442 10.500000000000002 0.057983193277310933 10.500000000000002 13.500000000000002 3.250814583693912 3.2466689551453567 2.8569235677759424 2.9691539917456269 3.107674594476435
decision_type=2 2 2 2 2 2 2 2 2 2 2 2 2 2 2 2 2 2 2 2 2 2 2 2 2 2 2 2 2 2
left_child=18 2 26 -3 -5 6 14 9 11 13 16 12 -9 -7 -6 -16 -8 -18 -1 20 21 -20 23 -23 -22 -15 -2 -28 -29 -30
right_child=1 3 -4 4 5 7 10 8 -10 -11 -12 -13 -14 25 15 -17 17 -19 19 -21 24 22 -24 -25 -26 -27 27 28 29 -31
leaf_value=-0.0030357826784762204 0.031454962288410458 -0.019366819557156831 0.046383432925737739 -0.010640314059426038 -0.041037011180605147 -0.045965839678979596 0.0026463532940823077 0.0070386058084278905 -1.6030401307198553e-05 -0.0005799391883709134 -0.026017501532287469 -0.0056984884932731825 0.045989449722028404 -0.008009948087317224 -0.027441073663583268 0.0026847557321904615 0.012559925442728843 0.040694859865033621 0.029148449114098259 0.031731994562422573 -0.043001750208188312 0.0026429455630124095 -0.043248030089902099 0.039563763366236737 -0.0086007094629749221 -0.037039856074180061 0.02576405563290355 -0.0015084928724930005 0.015422781628396609 -0.0073134548098671235
leaf_weight=377.9358707445208 5.4798656553030005 13.958812192082403 7.1249890029430381 41.825217068195343 4.9920293092727652 12.528868451714514 7.8638718724250785 11.60625307261944 5202.2100710067898 35.826143942773342 4.4473858177661887 10.761718351393936 13.761808920651672 17.168692216277126 7.5500900372862807 38.694753244519234 10.91689111292362 22.394779071211815 11.342429071664808 7.4031490916386238 4.0572450850158903 48.136439383029938 4.7966265976428977 4.3496676236391059 11.749062448740005 5.6055255532264701 8.3195116668939573 59.036948204040527 43.799703150987625 9.8623739480972272
leaf_count=2188 23 60 36 233 22 58 34 53 23490 152 22 64 61 78 35 182 47 96 50 65 22 266 22 20 55 23 36 268 196 43
internal_value=3.98299e-06 0.000141109 0.00921637 -8.09049e-05 -3.14921e-05 5.05814e-05 0.00666338 -7.00549e-05 0.000108788 -0.013241 0.0209011 0.018081 0.0281689 -0.0260897 -0.00601431 -0.00223369 0.0259688 0.0314745 -0.00162942 0.00415833 0.00174061 0.00615635 0.00160374 0.00570267 -0.0174309 -0.0151552 0.00712295 0.00602117 0.00456373 0.0112442
internal_weight=6065.51 5595.74 133.623 5462.11 5448.15 5406.33 96.8598 5309.47 5238.34 71.1292 45.6229 36.1298 25.3681 35.3031 51.2369 46.2448 41.1755 33.3117 469.77 91.8346 84.4315 68.6252 57.2827 52.4861 15.8063 22.7742 126.498 121.019 112.699 53.6621
internal_count=28000 25312 602 24710 24650 24417 438 23979 23668 311 199 178 114 159 239 217 177 143 2688 500 435 358 308 286 77 101 566 543 507 239
is_linear=0
shrinkage=0.05


Tree=139
num_leaves=31
num_cat=0
split_feature=36 41 12 39 39 39 39 39 11 7 39 39 39 39 0 39 11 41 39 39 39 0 0 39 40 12 39 40 11 0
split_gain=0.536502 1.29787 0.595717 1.12413 4.06543 1.23983 3.07335 1.18295 1.34579 1.10416 4.31264 2.57029 1.78752 1.33982 2.92956 2.34069 1.79188 1.78687 1.43204 1.04843 3.43297 1.21468 1.75654 0.871085 0.859666 2.41127 3.66561 2.63495 2.14431 3.82339
threshold=1.0000000180025095e-35 0.21913109756097562 7.5000000000000009 3.4681483650811837 3.6467030064723334 4.0281768803601583 4.1247476260021463 3.9022431950643792 28.500000000000004 1.5000000000000002 3.3510810516731371 3.4200248278151633 3.4623003290109104 3.7556188283926306 26.500000000000004 3.8210925925175254 21.500000000000004 0.17902930402930406 3.5944740717404371 3.8680144982828488 3.9107409774580582 30.500000000000004 36.500000000000007 3.6836992761039777 0.04819976771196284 5.5000000000000009 2.7237043259426157 0.054093567251461992 15.500000000000002 24.500000000000004
decision_type=2 2 2 2 2 2 2 2 2 2 2 2 2 2 2 2 2 2 2 2 2 2 2 2 2 2 2 2 2 2
left_child=2 -2 9 -4 -5 7 -7 8 -6 24 -11 -12 -13 14 -14 -15 -16 -17 -18 -19 -21 -22 -23 -20 -1 27 -27 -26 29 -28
right_child=1 -3 3 4 5 6 -8 -9 -10 10 11 12 13 15 16 17 18 19 23 20 21 22 -24 -25 25 26 28 -29 -30 -31
leaf_value=-0.00025723276214404523 -0.0039906265195842677 0.044033570575076952 0.020462833120045036 -0.0620795724985473 -0.020312218009903828 -0.074521032154232267 0.0079299671773822387 0.03350735406522095 0.021048187490504647 -0.028581858385511413 0.059544222054350004 -0.031946567120653607 -0.011794994143359078 -0.022224109279490575 0.052483371547451731 0.055983880598607427 0.0027206461026451296 0.029968233342640111 0.048355711112566528 -0.044378333330420169 -0.0086104300750265809 0.055647069275882199 -0.01227552875259864 0.019637449278898683 0.01093562546557961 0.079972611888135245 0.0068405445311276085 -0.00054197495056527078 0.018768526078540484 -0.040818796558593717
leaf_weight=5346.7496187854558 3.5376076009124509 2.3357684942893684 2.9741811193525818 3.4134195297956493 4.6677784658968431 1.8150339359417547 2.9954967708326876 3.0876742117106906 3.3988097347319126 7.7885008528828612 2.6060980856418601 2.5743672624230376 6.7175739258527782 7.1431803591549423 4.9113138723187175 2.0359542628284535 8.1633314564824122 3.3849972598254672 4.1696645822375995 3.2811173740774375 2.7455291654914618 2.9639843171462417 1.402136927237734 7.199920155107975 55.583249405026436 1.8497724852059025 32.762017372297123 498.23348249681294 29.26522549870424 4.8283397890627375
leaf_count=23598 36 21 17 21 28 15 37 25 23 36 13 15 33 51 35 49 50 29 34 30 28 44 21 52 243 136 264 2477 435 104
internal_value=3.67159e-06 0.015108 -1.09707e-05 -0.00815849 -0.0125513 -0.00196171 -0.0231791 0.00718879 -0.00288525 1.91992e-05 0.00639798 0.0109923 0.00876046 0.0106969 0.0174494 0.00153098 0.0254861 0.0122613 0.0186979 0.00580041 -0.00207121 0.0174481 0.0338344 0.0301695 -5.24909e-05 0.00170601 0.0105409 0.000609963 0.0086199 0.000718882
internal_weight=6064.59 5.87338 6058.71 22.3524 19.3782 15.9648 4.81053 11.1543 8.06659 6036.36 67.0877 59.2992 56.6931 54.1187 31.1618 22.9569 24.4442 15.8137 19.5329 13.7778 10.3928 7.11165 4.36612 11.3696 5969.27 622.522 68.7054 553.817 66.8556 37.5904
internal_count=28000 57 27943 166 149 128 52 76 51 27777 520 484 471 456 204 252 171 201 136 152 123 93 65 86 27257 3659 939 2720 803 368
is_linear=0
shrinkage=0.05


Tree=140
num_leaves=31
num_cat=0
split_feature=6 38 39 38 39 10 38 39 39 38 38 38 38 1 39 39 39 38 38 38 41 39 39 41 39 38 38 38 38 38
split_gain=0.526451 3.08899 3.13655 3.10844 2.34912 2.16946 1.59612 3.13061 5.03371 2.85558 2.81822 2.75516 3.73299 2.35697 2.00282 3.12748 3.86536 7.14163 4.73177 3.64122 3.58333 3.19896 2.39899 2.37439 1.66771 1.62237 1.59036 1.57214 1.24036 4.51363
threshold=1.5000000000000002 3.4693760755761058 2.9161364536186212 3.293716890073298 2.5217843656153409 1.0000000180025095e-35 3.7231528091130959 3.3276521565353132 3.3726053923572601 3.7483615029509889 3.7037659297835499 3.8403748315611295 3.8553631698054756 13.500000000000002 3.5754580086502443 3.5197283634515091 3.4729297375596802 3.7981269578727654 3.9213754263914278 3.8175083389536781 0.24621212121212124 3.4057306562576288 3.591483651618089 0.24621212121212124 3.3754072918469564 3.7720678163213806 3.8694540037139569 3.5226417724085599 3.8403748315611295 3.8844896035761618
decision_type=2 2 2 2 2 2 2 2 2 2 2 2 2 2 2 2 2 2 2 2 2 2 2 2 2 2 2 2 2 2
left_child=-1 3 5 -2 -5 -3 10 11 26 -10 -4 -8 -13 -11 15 16 17 25 19 -18 21 -19 -16 -20 -22 -15 -9 -7 -24 -30
right_child=1 2 6 4 -6 27 7 8 9 13 -12 12 -14 14 22 -17 18 20 23 -21 24 -23 28 -25 -26 -27 -28 -29 29 -31
leaf_value=0.00013150921384840299 0.039956882254536523 0.011209890466960888 -0.0052228472386255595 0.019339857471978285 -0.043620698665495061 -0.032985379728479154 0.0025959012947990284 -0.063478102425105654 0.039491361574444765 -0.025424739635928409 -0.037759920788817153 0.063260156625437644 0.012613949496664272 -0.011637916897889481 -0.034644096165966372 0.020835121340243786 -0.00068612224615603626 0.066034927242452648 -0.01172507100246262 -0.059146875314758242 0.01681274425540652 0.019943102913055941 0.025148323377427846 0.034242839792071475 -0.018121261206491088 -0.052245988218094223 -0.02030101569735334 0.080195114403505505 -0.053213926225981811 -0.0025840456692401946
leaf_weight=5639.6254750862718 1.6020433651283372 24.875746071338657 89.719469510950148 1.7392377820797253 9.9983988574240339 0.36516666295938138 54.7006930639036 4.08378918468952 4.1105289757251731 10.711212515830992 7.1883587986230841 4.6811311109922853 16.332592360675335 5.2931388914585096 6.973185569047927 21.103639796376228 3.9968413859605807 4.7136977412737933 7.9568834276869875 7.9844577610492706 6.0735186189413053 18.693196629639715 3.4640040695667258 4.3422434478998184 7.8088648915290833 4.594643235206604 4.4638828188180923 1.9203936641570178 4.6592292338609687 79.740228025475517
leaf_count=25704 21 142 473 55 103 27 273 21 18 53 35 23 75 25 32 94 19 22 39 39 29 84 16 21 36 22 21 96 22 360
internal_value=3.78053e-06 -0.00169558 -0.000926199 -0.0253745 -0.0342914 0.0154932 -0.00208943 -0.000213082 -0.00334582 -0.00175718 -0.00763636 0.00850756 0.0238962 -0.00261304 -0.00130918 0.003923 -0.00107169 0.00727095 -0.0172815 -0.039645 0.0172885 0.0292251 -0.00641581 0.00450404 -0.00283769 -0.0305076 -0.0409296 0.0621121 -0.00417551 -0.00537904
internal_weight=6063.52 423.89 410.551 13.3397 11.7376 27.1613 383.389 286.482 210.767 202.22 96.9078 75.7144 21.0137 198.109 187.398 92.5611 71.4575 47.1771 24.2804 11.9813 37.2893 23.4069 94.8366 12.2991 13.8824 9.88778 8.54767 2.28556 87.8635 84.3995
internal_count=28000 2296 2117 179 158 265 1852 1344 973 931 508 371 98 913 860 430 336 218 118 58 171 106 430 60 65 47 42 123 398 382
is_linear=0
shrinkage=0.05


Tree=141
num_leaves=31
num_cat=0
split_feature=39 39 38 38 38 39 38 38 0 39 39 38 38 39 0 38 38 38 0 41 41 38 41 40 41 41 38 38 39 38
split_gain=0.526617 3.22841 5.1833 2.70349 3.8326 2.82548 3.11621 2.91022 2.51626 8.14685 6.79841 6.07256 5.88682 3.45671 3.58099 6.46279 2.89723 2.21082 2.17866 1.85188 3.08388 1.84635 4.10531 1.86623 1.98851 1.71053 3.94099 4.03004 3.13987 3.06997
threshold=3.4468509220561137 3.4324466276812697 3.8805927053651881 3.7965562610488228 3.7981269578727654 3.5845731102501732 3.7854045649248205 3.7877426501774445 28.500000000000004 3.3929372919485519 3.4105065644434074 3.8694540037139569 3.7533304062081481 3.085551857534758 29.500000000000004 3.7130633111196718 3.8287448374091375 3.7547497328258266 27.500000000000004 0.267948717948718 0.27888888888888896 3.7719580414191989 0.17108013937282232 0.049390243902439034 0.24621212121212124 0.19139194139194141 3.9133352175882434 3.7965562610488228 3.4188388898504312 3.7720678163213806
decision_type=2 2 2 2 2 2 2 2 2 2 2 2 2 2 2 2 2 2 2 2 2 2 2 2 2 2 2 2 2 2
left_child=1 8 -3 5 -5 7 -7 21 25 13 16 12 -12 -10 15 -15 -11 -17 -9 -6 -21 -2 -23 24 -24 26 27 29 -27 -1
right_child=3 2 -4 4 19 6 -8 18 9 10 11 -13 -14 14 -16 17 -18 -19 -20 20 -22 22 23 -25 -26 28 -28 -29 -30 -31
leaf_value=-0.0063588731593562297 0.0035480873129951785 -0.03496157071650418 0.018968480173076993 -0.031193249628058101 0.00028647274122104252 0.022864789765272869 -0.0226167562649159 0.02437507614728204 -0.02168410665575914 -0.059773561253720464 -0.024405910269110112 -0.042369707653461035 0.04799660894724201 0.060617212808258686 0.0085285972795260314 -0.014965944753928246 -0.015357840978878521 0.022125748439319918 -0.012293458587252969 -0.02539804695446389 0.0037879468477156767 -0.052705476973722035 -0.00045473639682459062 0.026300997785468828 -0.027997302849940727 -0.0003323258199363911 -0.033023545659815655 0.0096907403506271625 0.033139412226842274 -0.040650229494596575
leaf_weight=93.231990926899016 196.83894327282906 15.576405771076681 6.2403183337301007 9.8500268049538118 1911.761658733245 33.509926430881023 4.2429973036050788 23.984751371666793 6.519873369485139 8.3085897117853147 4.202783256769183 4.7438446814194313 8.4561983160674554 10.901087760925291 59.524144127732143 5.127858133986595 6.5786485373973838 18.550562429241836 4.8739798218011847 18.508513076230884 17.71233008056879 4.5230211913585654 30.651504471898079 4.9319874038919798 8.3353684544563276 3476.9609583565034 12.111426108516751 41.995065814815462 7.0205519744195035 7.0181974284350863
leaf_count=383 831 65 30 43 9208 154 19 100 42 36 18 21 38 46 281 22 29 80 21 87 88 20 127 27 35 15864 51 171 34 29
internal_value=3.30396e-06 -0.000357169 -0.0195358 0.000605711 -8.30375e-05 0.00492917 0.0177532 0.00316312 -0.00024622 0.00651106 -0.0153412 0.0058784 0.023959 0.0135234 0.0159627 0.0287597 -0.0401463 0.0140931 0.0181821 7.42722e-05 -0.0111258 0.00139605 -0.00734856 -0.00267744 -0.00634332 -0.000493073 -0.00564369 -0.00331244 -0.000264877 -0.0087595
internal_weight=6062.79 3793.07 21.8167 2269.73 1957.83 311.892 37.7529 274.14 3771.25 132.914 32.2901 17.4028 12.659 100.624 94.1037 34.5795 14.8872 23.6784 28.8587 1947.98 36.2208 245.281 48.4419 43.9189 38.9869 3638.34 154.357 142.245 3483.98 100.25
internal_count=28000 17240 95 10760 9426 1334 173 1161 17145 613 142 77 56 471 429 148 65 102 121 9383 175 1040 209 189 162 16532 634 583 15898 412
is_linear=0
shrinkage=0.05


Tree=142
num_leaves=31
num_cat=0
split_feature=11 0 39 39 38 38 38 41 38 39 39 0 38 39 41 38 38 38 40 0 39 39 39 0 39 38 41 11 10 38
split_gain=0.522466 1.68834 1.46292 4.19167 3.85214 1.30885 1.96565 2.40009 1.65948 3.2505 2.89585 2.32659 2.60067 2.10755 1.75413 1.4972 1.29009 4.45322 1.328 1.78697 2.97576 1.18465 3.08163 2.9421 1.13669 0.744132 2.42215 2.46832 1.50086 1.34969
threshold=30.500000000000004 36.500000000000007 3.3754072918469564 3.4534939707360945 3.8616009670728046 4.0043543155378369 3.9706988089210813 0.13680926916221037 4.0695627870516775 3.7877426501774445 3.8157375633801656 37.500000000000007 4.133302367334573 3.7628049394616734 0.13680926916221037 4.0270779758999522 4.1505187135146189 4.1904138032371039 0.10762548262548265 43.500000000000007 4.2636353823710031 4.1247476260021463 4.0017259965050282 39.500000000000007 3.7255656565549811 4.2543605575584804 0.16336256195196344 17.500000000000004 5.5000000000000009 4.2165949164547696
decision_type=2 2 2 2 2 2 2 2 2 2 2 2 2 2 2 2 2 2 2 2 2 2 2 2 2 2 2 2 2 2
left_child=1 25 -2 -4 -5 6 7 -6 13 -10 -11 -12 -13 15 -15 -7 -3 -18 -19 -20 -21 22 23 -14 -8 29 -27 28 -28 -1
right_child=2 16 3 4 5 8 24 -9 9 10 11 12 21 14 -16 -17 17 18 19 20 -22 -23 -24 -25 -26 26 27 -29 -30 -31
leaf_value=-8.2039192064923548e-06 0.042508771083215845 0.0034890855554111167 -0.063953994275177617 0.060735115865881831 -0.010714264970382324 0.067051553305119624 -0.039910878116981442 0.033719475575247286 -0.04856032613811595 0.060184247838992892 0.029660839018038277 -0.035001811721006922 -0.017579777324142863 0.029307461508564944 -0.023485274690165665 0.019895085292548572 -0.10885611063382156 -0.038877669448228715 0.036323287197161602 -0.12133163832899561 0.051822064335745016 0.037204270255682723 -0.034725462485816691 0.050146782437306428 -0.0050469172644855382 -0.024056429996150965 -0.06774599053801697 0.02840793632081013 0.011666009022090282 -0.016167085189799174
leaf_weight=5946.2605917607434 2.4103336073458186 3.9039137058425677 2.2695693187415591 2.9774551168084136 8.3994389027357119 3.1650240141898376 5.2891032323241216 4.762100948020815 2.9555075541138676 2.3117406927049187 5.6926886364817646 5.7055684775114086 2.8890347778797132 3.0182129554450512 3.2870550192892551 3.5951646044850349 1.4986130893230436 2.5100450031459332 2.0965467882342641 0.56098634912632384 0.4449152541346848 2.3972911909222594 4.2573991091921926 3.6038076421245933 4.190024770796299 4.1012222114950445 1.1654234528541558 12.317951987963168 1.2155879023484883 12.950784213375298
leaf_count=26953 17 38 13 22 48 21 26 30 17 12 40 39 19 23 22 20 12 25 58 23 23 33 40 32 25 35 9 153 43 129
internal_value=3.28491e-06 -4.80239e-05 0.00420258 0.00289785 0.00511292 0.00258522 -0.00714015 0.00536273 0.00772041 0.00120869 0.00668547 0.00164691 -0.00681188 0.022579 0.00178561 0.0419731 -0.0196053 -0.0322838 -0.0118379 0.0100387 -0.0447449 0.00542156 -0.00166595 0.0200114 -0.0245001 -1.19879e-05 0.00991986 0.0193997 -0.0272034 -4.3321e-05
internal_weight=6062.2 5989.03 73.1765 70.7662 68.4966 65.5192 22.6407 13.1615 42.8785 29.813 26.8575 24.5458 18.8531 13.0655 6.30527 6.76019 11.015 7.11111 5.61249 3.10245 1.0059 13.1475 10.7502 6.49284 9.47913 5978.01 18.8002 14.699 2.38101 5959.21
internal_count=28000 27501 499 482 469 447 129 78 318 232 215 203 163 86 45 41 179 141 129 104 46 124 91 51 51 27322 240 205 52 27082
is_linear=0
shrinkage=0.05


Tree=143
num_leaves=31
num_cat=0
split_feature=28 0 6 40 0 39 39 39 10 39 41 39 39 41 39 39 39 39 39 41 39 39 39 41 0 0 39 39 39 39
split_gain=0.51955 1.80793 0.524737 2.5004 4.39874 5.25303 2.38409 1.89879 2.13437 1.52152 1.64053 1.78711 1.03857 3.68332 2.5512 1.79582 1.48651 1.5975 1.69865 1.10945 2.33125 2.2577 2.86847 4.57593 1.7549 1.66252 1.78691 1.38186 1.13689 1.05594
threshold=1.0000000180025095e-35 27.500000000000004 1.5000000000000002 0.039230769230769243 25.500000000000004 3.5465164544829775 2.9201119644709261 3.1230102876585404 1.5000000000000002 3.7745165547421649 0.17573529411764707 3.7491349371179044 3.6901884542810257 0.21320346320346323 3.6819433087818081 3.6637018666367642 3.6254072918469564 3.5754580086502443 3.591483651618089 0.30217391304347835 2.7263487792301757 3.2030314438610916 3.1791996096509831 0.27097902097902099 21.500000000000004 22.500000000000004 3.5449522671363316 2.9124846630988999 2.7206113102771714 3.2360563169422236
decision_type=2 2 2 2 2 2 2 2 2 2 2 2 2 2 2 2 2 2 2 2 2 2 2 2 2 2 2 2 2 2
left_child=2 -2 -1 9 5 6 -5 -8 -9 10 -4 12 14 -14 15 16 17 19 -19 20 -12 22 23 -22 28 -23 29 -25 -21 -27
right_child=1 -3 3 4 -6 -7 7 8 -10 -11 11 -13 13 -15 -16 -17 -18 18 -20 24 21 25 -24 27 -26 26 -28 -29 -30 -31
leaf_value=0.00011375861798361523 -0.0059848921787061162 0.041495390213883099 0.020045542567685742 0.058756102734616761 0.071356130604456988 -0.06770375143270789 -0.022847691816801116 0.043845231145404673 -0.0038488431177401703 -0.014600402421150273 -0.039838568063458056 0.029903859504544425 -0.049897667273846452 0.0087288574700486957 0.030631023141804284 -0.031890442524156314 0.017541009464363013 -0.036618048898645728 -0.0073040631646468044 0.026716081780920744 -0.018904690665655116 -0.013176660597595192 0.025013493173191417 0.025479197445565815 -0.040664918571278602 -0.019331404564916631 0.02128930208500325 0.0053423937468928106 -0.0092542225920412956 -0.0014136798456778571
leaf_weight=5630.6652417599689 5.1800078973174077 3.2709133038297296 8.400293216109274 2.6751563951838824 2.9821785984095177 2.1418546289205542 3.7973984815180293 4.5115508139133436 4.8863777173683047 24.750342532992363 3.7789096385240546 4.2580491900444022 4.9160581529140455 5.8878021836280823 5.8161696940660468 5.2112405598163596 9.1721914708614332 6.620092153549197 19.494763746857643 2.4085129052400651 19.907519266009331 36.707649782299995 16.154598370194435 10.177347555756567 4.2381943166255942 8.8297778964042646 8.3020107150077802 52.307941317558289 24.978237189352512 119.59583915770054
leaf_count=25632 25 48 34 182 25 9 35 19 25 109 23 19 21 28 25 23 40 31 92 26 96 181 72 51 20 41 36 267 206 559
internal_value=3.47499e-06 0.0123923 -1.382e-05 -0.00171242 0.0151091 0.00579666 0.0157162 0.00699045 0.0190471 -0.00259112 -0.00180304 -0.00230074 -0.00267695 -0.0179478 -0.0022105 -0.00275956 -0.00231655 -0.00286269 -0.0147351 -0.00185403 -0.000836778 -0.000294889 0.00574848 0.00197123 -0.0107243 -0.00372878 -0.00119228 0.00862219 -0.00609083 -0.0026456
internal_weight=6062.02 8.45092 6053.57 422.908 20.9945 18.0123 15.8705 13.1953 9.39793 401.914 377.163 368.763 364.505 10.8039 353.701 347.885 342.674 333.501 26.1149 307.387 275.762 271.983 98.5474 82.3928 31.6249 173.435 136.728 62.4853 27.3868 128.426
internal_count=28000 73 27927 2295 295 270 261 79 44 2000 1891 1857 1838 49 1789 1764 1741 1701 123 1578 1326 1303 486 414 252 817 636 318 232 600
is_linear=0
shrinkage=0.05


Tree=144
num_leaves=31
num_cat=0
split_feature=38 39 38 39 39 0 41 39 38 38 38 39 41 38 41 38 39 11 38 40 6 41 38 39 41 40 39 0 38 39
split_gain=0.500568 1.76352 1.897 2.47796 2.13881 3.18993 2.61404 2.1533 1.93793 1.92043 1.79511 6.21216 2.16182 2.03992 2.03502 1.7569 2.91826 2.01838 1.71594 4.25784 3.42592 3.96888 4.22996 3.14088 2.72159 2.6184 2.47713 3.3482 3.08818 3.41216
threshold=4.030877617342794 3.8801830805460158 3.9689600969190457 3.7501463298083348 3.6836992761039777 23.500000000000004 0.15184453227931491 3.7014556151804201 3.999117158513001 3.8936612158712429 3.98109432205518 3.7745165547421649 0.15184453227931491 4.0179089951977423 0.22361111111111112 3.9362119235564088 3.8035561360194543 20.500000000000004 4.0730876424175824 0.1731634182908546 1.5000000000000002 0.24621212121212124 4.0539449931801803 3.6586137832561043 0.1856158484065461 0.25866188769414583 3.6254072918469564 28.500000000000004 4.133302367334573 3.7407774116777821
decision_type=2 2 2 2 2 2 2 2 2 2 2 2 2 2 2 2 2 2 2 2 2 2 2 2 2 2 2 2 2 2
left_child=1 2 3 -1 6 -6 -4 8 -7 -5 11 -9 13 -12 -14 16 -11 -17 19 20 21 24 -23 -22 -2 -21 -20 -28 -29 -30
right_child=18 -3 4 9 5 7 -8 10 -10 15 12 -13 14 -15 -16 17 -18 -19 26 25 23 22 -24 -25 -26 -27 27 28 29 -31
leaf_value=2.1890957383242395e-05 0.0039471787482185938 0.028374360903679053 -0.026889297823440024 0.0442486071229602 -0.04932641944678505 -0.035384602819292434 -0.00010884077220053754 0.030972357261422251 -0.0051013790398145116 -0.036763945606638031 0.023108941723604118 -0.032922474884877838 -0.01288867276247058 -0.014159605620986873 0.010982971091188544 -0.0046397874035496323 0.016196167488297938 0.029417874852164901 -0.018935420028928861 -0.068509460807658892 0.0052188544260709626 -0.059005971905231075 0.0028503604973889362 -0.030721187054402577 0.016653642237025822 0.0057148435723706047 0.0068801364484058969 -0.011196175195861606 -0.035532837979957994 0.0043759791993215951
leaf_weight=5045.2561012569349 82.387606896460056 5.4185809809714547 9.3962870016694051 4.4229972958564749 4.5837879180908194 11.586200013756754 301.22251644963399 11.868410065770151 9.7106810361146909 4.7078721076250094 10.399059902876617 5.5985589995980254 74.914677329361439 5.6756707057356826 10.135682318359612 6.5821280218660858 5.8127807900309563 12.829478580504654 17.891539664240554 3.1359453815966836 13.084410637617113 4.3035745471715909 7.7247001081705093 11.354167960584162 86.2688211761415 1.9130072712432591 114.97704744990915 81.959317477885634 5.6929439259693018 90.464967896463349
leaf_count=22642 371 35 42 20 20 49 1346 60 42 22 51 26 351 30 54 32 27 61 87 22 61 21 36 50 419 36 614 452 30 891
internal_value=3.22391e-06 -0.000136138 -0.00016405 0.00011302 -0.00325664 -0.00828269 -0.000918955 -0.0069378 -0.0215764 0.0134958 -0.00430898 0.0104926 -0.0068656 0.00995015 -0.0100438 0.00895158 -0.00750288 0.0178695 0.0014847 0.00497465 0.00609118 0.00846762 -0.0192811 -0.0114789 0.0104466 -0.0403865 -0.0008739 0.000228641 -0.00406499 0.00201321
internal_weight=6061.28 5540.12 5534.7 5079.61 455.092 144.473 310.619 139.889 21.2969 34.3553 118.592 17.467 101.125 16.0747 85.0504 29.9323 10.5207 19.4116 521.158 210.172 205.123 180.685 12.0283 24.4386 168.656 5.04895 310.986 293.094 178.117 96.1579
internal_count=28000 24910 24875 22804 2071 683 1388 663 91 162 572 86 486 81 405 142 49 93 3090 1016 958 847 57 111 790 58 2074 1987 1373 921
is_linear=0
shrinkage=0.05


Tree=145
num_leaves=31
num_cat=0
split_feature=39 38 39 38 38 39 38 0 39 41 38 38 39 39 0 38 41 38 0 38 0 0 38 10 38 41 39 39 38 7
split_gain=0.497945 4.11619 3.87186 1.86406 1.74569 6.04149 4.4677 4.22953 4.16282 3.84332 3.12504 3.3727 2.86367 2.60804 2.12066 1.91532 2.0853 1.3457 2.20627 2.6162 1.46679 1.30585 5.13068 3.76434 2.83687 1.99663 1.4643 1.33595 3.56074 2.4822
threshold=2.8458951406467268 3.4209799704839883 3.1700299469352529 3.4301826802983593 3.4729297375596802 3.038855503989351 3.5020405073447978 21.500000000000004 2.874070339756567 0.27097902097902099 3.6537086989875935 3.538315392360504 3.0079457296242302 2.874070339756567 17.500000000000004 3.4324466276812697 0.22653958944281527 3.5715146852060999 21.500000000000004 3.5944132873659442 19.500000000000004 18.500000000000004 3.5715146852060999 1.0000000180025095e-35 3.6386136334145012 0.31698564593301443 3.1564536459234782 3.2360563169422236 3.7981269578727654 1.0000000180025095e-35
decision_type=2 2 2 2 2 2 2 2 2 2 2 2 2 2 2 2 2 2 2 2 2 2 2 2 2 2 2 2 2 2
left_child=17 2 -2 -3 5 13 7 12 10 15 11 -8 -6 -5 -10 -7 -17 -1 19 20 -19 22 -16 24 -24 27 -26 28 -23 -30
right_child=1 3 -4 4 6 9 8 -9 14 -11 -12 -13 -14 -15 21 16 -18 18 -20 -21 -22 25 23 -25 26 -27 -28 -29 29 -31
leaf_value=-0.0028833700888477344 0.0068073684397725771 -0.018354917255023688 0.045042616789904857 -0.039389966687850636 -0.044350474219553015 0.0024975243793297682 0.0065819813671078465 -0.00053981808112506572 -0.011824070138426514 -0.024450748767249626 -0.0057161892396185177 0.04308422269213398 -0.014433717372713329 -0.0012764337865396318 -0.011866697513717927 0.011979627650790864 0.038654701858572144 0.0037817436283180171 0.029995168618400094 -0.016789106179934253 0.032432372568575049 -0.0022711518811755925 0.025633907626285941 -0.0059052440024999061 0.015881543130359277 -0.029691807730277093 0.001740008224826242 0.00030156767229509073 0.016312833906728032 -0.016203002175001219
leaf_weight=377.19645301322453 126.52827844768763 13.914612680673597 6.9867409169673911 4.9365332424640647 12.34561677277088 7.8614465594291678 11.639672830700876 35.828152693808079 38.305788546800613 4.4035698100924483 10.74762072553858 13.86764284595847 22.719244606792927 49.447594180703163 39.023777082562447 10.883784830570219 22.416063189506531 63.888585954904556 7.424962516874074 15.783890537917612 4.8030984550714484 1057.5475960741751 32.202833727002144 33.84052349627018 32.329771116375923 5.7193406582809976 42.198189958930016 3908.0131845455617 41.062246740795672 6.8481724858283988
leaf_count=2188 566 60 36 22 58 34 53 152 214 22 64 61 101 236 173 47 96 336 65 77 22 4690 142 142 145 39 182 17768 179 30
internal_value=3.21741e-06 0.000134486 0.00880819 -7.76883e-05 -3.09741e-05 0.00651599 -0.000153417 -0.0126218 1.42038e-05 0.0199459 0.0168985 0.0264273 -0.0249668 -0.00473606 -0.000102681 0.0246956 0.0299362 -0.0015615 0.00386398 0.00156718 0.00578507 -1.63156e-05 0.00417292 0.00862566 0.0132329 -0.000166214 0.00787452 -0.000132531 -0.00166716 0.0116651
internal_weight=6060.71 5591.62 133.515 5458.1 5444.19 99.949 5344.24 70.893 5273.35 45.5649 36.2549 25.5073 35.0649 54.3841 5237.09 41.1613 33.2998 469.097 91.9005 84.4756 68.6917 5198.79 179.595 140.571 106.731 5019.19 74.528 5013.47 1105.46 47.9104
internal_count=28000 25312 602 24710 24650 457 24193 311 23882 199 178 114 159 258 23704 177 143 2688 500 435 358 23490 784 611 469 22706 327 22667 4899 209
is_linear=0
shrinkage=0.05


Tree=146
num_leaves=31
num_cat=0
split_feature=11 0 39 39 38 38 39 38 38 38 39 39 38 39 41 41 39 39 41 0 38 39 11 38 38 39 40 39 11 0
split_gain=0.49794 1.52419 1.35562 3.70993 3.62834 1.21166 1.901 1.65473 4.35983 1.50623 2.8248 2.52652 2.01234 1.94385 1.5782 1.41204 1.37541 2.51507 3.46299 1.20722 1.17172 3.82193 2.27276 0.664816 5.46016 5.44993 2.66588 3.49436 5.43029 5.64775
threshold=30.500000000000004 36.500000000000007 3.3754072918469564 3.4534939707360945 3.8616009670728046 4.0043543155378369 3.622696642244505 3.9706988089210813 3.9365759126444071 4.0695627870516775 3.7877426501774445 3.8563805301751679 4.1655745823242958 3.7628049394616734 0.13680926916221037 0.14434523809523811 3.9906720833149048 4.0379505482185563 0.15707236842105265 39.500000000000007 4.1505187135146189 3.9542494257371539 27.500000000000004 4.133302367334573 4.122235376922017 3.8523331503537412 0.12660256410256412 3.7877426501774445 16.500000000000004 28.500000000000004
decision_type=2 2 2 2 2 2 2 2 2 2 2 2 2 2 2 2 2 2 2 2 2 2 2 2 2 2 2 2 2 2
left_child=1 23 -2 -4 -5 6 -6 8 -8 13 -11 -12 15 -7 -15 -13 19 -18 -19 -14 -3 -22 -23 24 -1 -26 -25 -28 -29 -30
right_child=2 20 3 4 5 9 7 -9 -10 10 11 12 16 14 -16 -17 17 18 -20 -21 21 22 -24 26 25 -27 27 28 29 -31
leaf_value=-3.7563800015491085e-06 0.041458908297372143 0.0034907665219358341 -0.059084638235444589 0.060113392267328584 0.017484529708970711 0.040680472630720096 -0.033732495584888542 -0.033371929265924659 0.034242337095838814 -0.044344635991943125 0.036686986762806705 -0.00092480909415981771 0.0097782323909032555 0.028460952425080923 -0.021703183239251245 -0.041085631329369432 -0.045827555169777587 0.05638936271298936 -0.026223029246510099 0.0588971363401984 -0.089372421988005268 0.034467094918793337 -0.033810173839757707 0.0063133469083241321 -0.03898411757582089 0.027403541440839035 -0.049497339153662862 0.038085420365060657 -0.084005857185125196 0.0016129951984434603
leaf_weight=5819.8594553284347 2.3511413075029841 3.8952999385073763 2.336699951440095 2.8597560897469512 5.9586583003401783 6.6309637501835805 4.9956231936812419 7.2553925998508921 4.4693317692726851 3.0373275429010418 5.5159579589962986 4.708598982542755 2.7994246631860715 2.9596514329314232 3.3342054672539234 4.0896344184875488 2.2755461921915412 2.6881830301135778 2.4020223841071129 2.2614319371059537 1.9949943982064722 1.963398774852976 3.2139607006683946 116.31227072514594 16.089513956569139 3.8266497994773081 5.0439078686758902 5.4745943741872898 2.7997142691165191 6.1725663365796208
leaf_count=26225 17 38 13 22 34 41 28 40 27 17 33 32 21 23 22 27 20 38 21 23 21 77 43 683 82 30 40 104 17 141
internal_value=2.92148e-06 -4.71047e-05 0.00410948 0.00286527 0.00498653 0.00257533 -0.0067647 -0.0154064 -0.00163492 0.0075357 0.00134912 0.0065392 -0.00129568 0.0217893 0.00188622 -0.0195925 0.0116588 -0.0021296 0.0174053 0.0317269 -0.018585 -0.0305743 -0.00791753 -1.27699e-05 -9.31942e-05 -0.0262285 0.00344562 -0.0136677 -0.0011583 -0.0251035
internal_weight=6059.58 5986.65 72.9296 70.5784 68.2417 65.382 22.679 16.7203 9.46495 42.7029 29.7781 26.7408 21.2248 12.9248 6.29386 8.79823 12.4266 7.36575 5.09021 5.06086 11.0677 7.17235 5.17736 5975.58 5839.78 19.9162 135.803 19.4908 14.4469 8.97228
internal_count=28000 27501 499 482 469 447 129 95 55 318 232 215 182 86 45 59 123 79 59 44 179 141 120 27322 26337 112 985 302 262 158
is_linear=0
shrinkage=0.05


Tree=147
num_leaves=31
num_cat=0
split_feature=10 38 39 40 38 38 39 40 11 39 11 10 11 11 39 11 38 39 40 0 38 39 40 40 39 39 38 40 40 38
split_gain=0.527319 1.70704 4.1271 3.01006 3.74685 3.52037 3.46081 2.68062 3.23648 2.66719 2.04305 3.32695 2.01939 4.00548 1.90677 2.92015 3.21253 4.07739 2.76045 2.609 2.04768 2.14903 2.47447 2.41801 1.80481 3.87786 2.84445 1.77794 3.5868 2.36513
threshold=3.5000000000000004 4.0216345058934602 3.4830745604309223 0.18898809523809526 3.8443087154995541 3.8490542645098729 3.2778374513259747 0.24357284113381678 9.5000000000000018 3.2867626206524796 16.500000000000004 4.5000000000000009 11.500000000000002 13.500000000000002 2.9852281360342525 10.500000000000002 3.5944132873659442 2.7775698032604783 0.26201372997711675 20.500000000000004 3.572450355046128 2.7237043259426157 0.23368794326241138 0.32882882882882886 3.7222170025823202 3.7721310638768926 4.0561096504339895 0.31909090909090915 0.25866188769414583 3.7618368601866696
decision_type=2 2 2 2 2 2 2 2 2 2 2 2 2 2 2 2 2 2 2 2 2 2 2 2 2 2 2 2 2 2
left_child=-1 2 3 9 6 -6 14 -7 -9 -2 11 -4 -3 -14 15 16 17 20 -18 -20 21 22 -5 -24 26 -26 -15 28 -16 -30
right_child=1 12 10 4 5 7 -8 8 -10 -11 -12 -13 13 24 27 -17 18 -19 19 -21 -22 -23 23 -25 25 -27 -28 -29 29 -31
leaf_value=-7.8806687874144476e-05 0.062510644572385463 0.053058663967058384 0.00050315363684905537 0.05851378261937188 -0.073024659397229241 -0.028128692847358791 0.040645247402570465 -0.014609056940615324 0.045575085797833807 0.0089501633980485738 0.065796462808236922 0.044249576329544814 -0.050837391031064397 -0.048879876022804997 0.014725503566484763 -0.039677955384635671 -0.05209452720441278 0.040673039461878502 0.016988703150885145 -0.035327366041612067 0.042528667921435712 -0.062166835953813886 -0.034333083581310139 0.016480917732298369 0.059400759134793563 -0.0028448004211109098 0.016063694398752239 0.03433888930639914 -0.048221189514553314 0.0062938780660320133
leaf_weight=5877.7479966827668 3.5769604332745057 1.3884685821831215 9.8638388328254276 1.4081542938947702 2.6219138074666288 11.190764777362348 6.0401412285864344 5.9586888821795565 3.5734579795971513 6.6375833414494991 2.7940857615321866 7.769375527277588 4.8596703887451431 4.5349833965301505 23.366743758320812 5.5549204945564261 4.4311685860157004 7.6427615452557793 5.7840779908001405 4.0530001588631421 2.0156441535800687 1.8103193622082461 5.4448809623718244 4.1071206850465387 2.7755040898919132 25.406918594380841 2.6838445961475372 6.0830352711491278 4.4712634813040477 3.5846419930458069
leaf_count=26268 18 40 48 6 16 55 59 56 56 33 29 91 46 29 108 25 18 42 32 62 25 10 25 147 31 452 29 84 35 25
internal_value=3.14419e-06 0.00265803 0.00530536 0.00175114 -0.000677955 -0.0184382 0.00415444 -0.0115318 0.00795307 0.0277061 0.0260727 0.0197783 -0.00622699 -0.00827156 0.00139095 -0.00589283 -0.000778707 0.0110207 -0.0193267 -0.00456618 -0.00430628 -0.0116985 -0.00336254 -0.0124843 -0.00242838 0.00328536 -0.0247349 0.0095965 0.00480668 -0.0239636
internal_weight=6059.18 181.434 139.785 119.357 109.143 23.3448 85.7979 20.7229 9.53215 10.2145 20.4273 17.6332 41.6494 40.2609 79.7577 42.252 36.6971 22.4289 14.2682 9.83708 14.7861 12.7705 10.9602 9.552 35.4013 28.1824 7.21883 37.5057 31.4226 8.05591
internal_count=28000 1732 1105 937 886 183 703 167 112 51 168 139 627 587 644 392 367 255 112 94 213 188 178 172 541 483 58 252 168 60
is_linear=0
shrinkage=0.05


Tree=148
num_leaves=31
num_cat=0
split_feature=7 40 39 10 39 40 7 11 39 39 39 7 11 41 40 10 39 0 39 39 11 0 11 39 39 39 11 0 7 11
split_gain=0.509273 1.34701 2.1149 4.17142 4.14133 2.02772 2.63181 1.23367 1.14915 6.09214 5.82992 2.12851 2.80269 1.50995 1.18003 1.91189 3.04184 1.17952 1.15234 4.57882 3.63953 3.54128 2.82193 2.47488 2.30249 1.72029 1.61124 2.80295 1.58657 1.44598
threshold=1.0000000180025095e-35 0.15075757575757578 3.8523331503537412 5.5000000000000009 3.7903397265970051 0.24068965517241384 2.5000000000000004 27.500000000000004 3.939700639726563 3.9482810599910683 3.916876695230822 3.5000000000000004 22.500000000000004 0.15849282296650721 0.11952380952380953 2.5000000000000004 3.7339845216307208 29.500000000000004 3.3929372919485519 3.4992275444280256 22.500000000000004 28.500000000000004 20.500000000000004 3.5033987287898358 3.3739877880912341 3.4594613894182262 23.500000000000004 31.500000000000004 1.5000000000000002 19.500000000000004
decision_type=2 2 2 2 2 2 2 2 2 2 2 2 2 2 2 2 2 2 2 2 2 2 2 2 2 2 2 2 2 2
left_child=-1 8 3 -3 5 -5 -7 -4 10 -10 14 12 -11 -14 15 18 -17 -18 21 20 22 24 -20 29 28 -24 -22 -28 -2 -21
right_child=1 2 7 4 -6 6 -8 -9 9 11 -12 -13 13 -15 -16 16 17 -19 19 23 26 -23 25 -25 -26 -27 27 -29 -30 -31
leaf_value=-0.00017614956926515271 0.00085506223604551188 0.029330171460595675 0.052050098415215899 -0.045633094142400313 -0.11384248035274971 0.052162971704658348 -0.064610902301159845 -0.02144001134529569 -0.072048573482217312 -0.024262889064000395 0.051295381907317944 -0.038734533762652387 -0.017428283698496267 0.026010088729052395 -0.018753077206163159 0.051207913790656139 -0.039721397261836891 0.018983193765977666 -0.010439989267809998 0.026903686841267795 -0.054112282230788136 0.031141030949356954 0.034427138251897409 0.00061551558550038241 0.012712374515127132 -0.0034281979195169517 -0.0041497706257949199 -0.048437246904371623 -0.023818398766567397 -0.00096148871246423912
leaf_weight=5253.4485089068767 211.93507704138756 7.1306485291570443 4.338041993090882 1.9100691266357896 1.1303862603381274 1.900447379332036 0.64669717848300923 0.6576304044574498 3.3841770887374905 5.4088010750711026 5.7677299156785002 3.0585477314889422 2.4347209334373465 11.219563030637799 7.6111149899661532 4.7108126580715162 1.7323845662176611 1.6907558497041462 53.061856769025326 14.693835496902468 5.0989011377096203 11.001005522906778 6.2954524308443052 360.42360786627978 43.334007933735847 5.7352150343358517 9.0830777287483198 5.8890335559844962 6.7220412939786902 6.814873654395341
leaf_count=23572 907 72 224 22 15 82 4 19 20 41 51 19 25 149 73 68 19 29 227 64 23 52 29 1858 179 25 41 28 32 31
internal_value=3.28186e-06 0.00117452 0.0148098 0.003982 -0.0283662 -0.00668872 0.0225151 0.0423759 0.000867653 -0.00957197 0.00121727 -1.42728e-05 0.00619814 0.0182645 0.000835129 0.00103439 0.0251433 -0.0107261 0.000769416 -0.000738894 -0.0112225 0.00335017 -0.00548285 0.00159874 0.00218323 0.0163809 -0.0298368 -0.0215695 9.65412e-05 0.0180748
internal_weight=6058.27 804.821 17.7139 12.7182 5.5876 4.45721 2.54714 4.99567 787.107 25.5058 761.601 22.1216 19.0631 13.6543 755.833 748.222 8.13395 3.42314 740.088 467.096 85.1635 272.992 65.0925 381.932 261.991 12.0307 20.071 14.9721 218.657 21.5087
internal_count=28000 4428 438 195 123 108 86 243 3990 254 3736 234 215 174 3685 3612 116 48 3496 2326 373 1170 281 1953 1118 54 92 69 939 95
is_linear=0
shrinkage=0.05


Tree=149
num_leaves=31
num_cat=0
split_feature=24 11 39 39 39 38 38 6 39 39 41 38 39 39 38 0 38 11 38 39 41 11 38 39 39 39 38 41 36 39
split_gain=0.493362 0.539526 1.41269 2.95316 1.86925 1.94678 4.7924 1.67148 1.98716 2.12364 1.36688 1.27541 1.25582 1.95426 0.889134 1.25821 3.96352 1.93327 1.21768 2.31243 1.13088 1.71362 2.49928 1.59437 2.23159 1.06696 2.31756 0.940475 0.787024 1.90139
threshold=1.0000000180025095e-35 28.500000000000004 3.2203127661787532 3.3791270321417142 3.6061271041370619 3.9365759126444071 3.8936612158712429 1.5000000000000002 3.4324466276812697 3.4844403611550336 0.12220009955201594 4.1162821106848613 3.5219916518807821 3.5587990918365402 3.9525612543885855 35.500000000000007 4.1275228043742151 30.500000000000004 4.0043543155378369 3.7255656565549811 0.16823899371069184 32.500000000000007 4.2285685937444528 3.9022431950643792 3.8224980385805121 3.8075592492374004 4.2045292298840868 0.13680926916221037 1.0000000180025095e-35 3.3920199341727337
decision_type=2 2 2 2 2 2 2 2 2 2 2 2 2 2 2 2 2 2 2 2 2 2 2 2 2 2 2 2 2 2
left_child=1 28 -3 -4 7 6 -6 8 -5 -10 11 -7 -11 -14 -12 16 -16 25 -19 -20 21 27 23 24 -23 -17 -27 -21 -1 -30
right_child=-2 2 3 4 5 10 -8 -9 9 12 14 -13 13 -15 15 17 -18 18 19 20 -22 22 -24 -25 -26 26 -28 -29 29 -31
leaf_value=-0.00010061718156073601 0.017047183980659363 0.041325788150109267 -0.032990166181477716 -0.023202217549755724 0.014899949347169462 0.057376109018193892 -0.044380115786933072 0.044975354543912771 0.05272950517244978 -0.012460705961365833 0.024684881948977229 0.0013112000241304322 0.045556443373326261 0.00052060649217294504 -0.000509970008624177 -0.0031062303007947543 0.039875357926595981 -0.013829256612413418 0.043901135023361258 0.032463546791769292 0.019706589119388343 -0.045745734840398185 0.025791529446900736 -0.05272507317609583 0.010053541942764546 -0.063751351265144418 -0.0036929389924292965 0.001914515654196538 -0.015766880142224684 0.045308816746429455
leaf_weight=5899.0318852050696 4.242999796755611 2.3617312721908084 5.6837538555264464 3.6666704863309922 6.4050231426954252 2.2196504324674597 7.2896457836031914 4.1533565372228614 3.4067078530788448 4.6810633689165106 4.2209114134311667 1.8681694800034163 4.0750881880521757 5.8911647275090218 26.148668810725212 4.3069130815565568 7.9141698759049168 10.670849703252314 3.5182727556675664 3.3834119960665729 6.7156385332345954 3.0252478867769224 2.9270576629787675 3.7422048822045326 4.3948856964707375 3.3851240500807762 3.0567592233419418 9.8653558846563083 2.2172767519950858 2.9963795598596334
leaf_count=27004 47 17 29 18 34 23 37 17 20 23 23 34 23 34 117 27 53 58 21 24 55 17 26 25 29 23 38 61 11 32
internal_value=3.47406e-06 -8.47271e-06 0.00296323 0.00234527 0.00377034 0.00103965 -0.0166547 0.0159133 0.0103562 0.0171717 0.00343024 0.031754 0.00890157 0.0189353 0.00223999 0.0012219 0.00887317 -0.00319608 0.00107644 0.00530981 0.00132275 -0.00319326 -0.0153323 -0.026116 -0.0126963 -0.0223721 -0.0352528 0.00971599 -8.34554e-05 0.0193344
internal_weight=6057.47 6053.22 148.977 146.616 140.932 115.058 13.6947 25.8741 21.7207 18.054 101.363 4.08782 14.6473 9.96625 97.2755 93.0546 34.0628 58.9917 48.2429 37.5721 34.0538 27.3382 14.0894 11.1623 7.42013 10.7488 6.44188 13.2488 5904.25 5.21366
internal_count=28000 27953 906 889 860 725 71 135 118 100 654 57 80 57 597 574 170 404 316 258 237 182 97 71 46 88 61 85 27047 43
is_linear=0
shrinkage=0.05


Tree=150
num_leaves=31
num_cat=0
split_feature=38 39 38 41 41 39 39 11 39 41 39 11 38 11 39 38 38 38 41 41 39 38 38 38 39 38 39 39 39 41
split_gain=0.493817 3.30858 3.04567 5.24846 3.10084 2.89275 2.64229 3.56783 2.47585 2.45365 10.3627 4.1703 3.27759 5.08735 2.91498 4.43829 2.39825 4.1949 2.38857 2.69649 3.26227 3.32019 2.38706 2.31593 3.80096 2.24228 5.29649 3.2724 3.12833 3.70451
threshold=3.5842434495629507 3.23966092346532 3.657326753133785 0.26201372997711675 0.22967032967032971 3.3215162127329263 3.3726053923572601 17.500000000000004 3.0079457296242302 0.19538706256627789 3.3084829020490516 18.500000000000004 3.54641915521186 16.500000000000004 3.3238656213382543 3.4729297375596802 3.6131080016936696 3.6239224456263801 0.19538706256627789 0.17817460317460321 3.1294016334093855 3.6386136334145012 3.6239224456263801 3.6467030064723334 3.2935531298437213 3.5470132150399563 2.9997906153230329 2.9321041277738069 3.2360563169422236 0.28102564102564109
decision_type=2 2 2 2 2 2 2 2 2 2 2 2 2 2 2 2 2 2 2 2 2 2 2 2 2 2 2 2 2 2
left_child=1 25 3 4 6 8 18 -8 -5 10 -3 12 14 -14 15 -11 -9 -18 19 -2 -21 22 -22 -20 -25 -1 27 -27 29 -28
right_child=2 9 -4 5 -6 -7 7 16 -10 11 -12 -13 13 -15 -16 -17 17 -19 23 20 21 -23 -24 24 -26 26 28 -29 -30 -31
leaf_value=-0.0011246368796070964 0.0036416523588827148 0.029588709300138308 0.00023354054754090356 0.023161558993216425 -0.01053081935381541 0.022471661932992996 -0.022622960141735437 0.035215422039419013 -0.0013856347703004404 0.021483898287191581 -0.062666752733948436 0.03595175222047936 0.022168533477350108 -0.024490132022841574 0.024064532283846116 -0.021828768498789074 -0.022295435353921249 0.017950267200999234 0.00040351958038469969 0.011441075309414198 -0.030387837008368831 -0.055676351271319126 0.0087062585480422866 -0.030264494124521521 0.019469509621862443 0.0061802637656745464 0.0028681467806105534 0.023510777691083912 -0.032872833450033612 -0.020855438482880947
leaf_weight=894.21950538083911 13.82104850374162 6.7270916700363141 4213.1443681796081 11.989330809563397 206.1961136572063 22.08998916298151 8.0600237697362882 9.9015483707189542 71.719364244490862 8.00321012735367 5.5594438463449478 14.894711390137671 42.903503239154816 6.762973651289939 7.6003180146217337 22.663842990994453 8.8474090397357923 24.143541231751442 138.26349787041545 5.7376759052276602 12.223885580897337 8.6023327559232694 5.7372803986072531 15.175808820873501 5.1439011096954337 114.6733641824685 87.608682696707547 35.724122509360313 8.6298843026161176 20.261094152927399
leaf_count=4507 64 29 19241 85 920 96 33 41 329 34 24 66 178 28 32 94 36 101 578 23 49 35 23 63 21 586 376 157 35 116
internal_value=3.5663e-06 0.000877359 -0.000229692 -0.00366783 -0.00596891 0.00637733 -0.00228959 0.00789896 0.00213018 0.00896269 -0.0121553 0.011486 0.00734184 0.0158151 -0.00365548 -0.0105254 0.0136344 0.0071573 -0.00482559 -0.0148405 -0.0227487 -0.0301336 -0.0179001 -0.00191286 -0.0176744 7.5766e-05 0.00409763 0.0102968 -0.00390532 -0.00158784
internal_weight=6057.03 1276.23 4780.8 567.653 461.854 105.799 255.658 50.9525 83.7087 115.115 12.2865 102.829 87.9338 49.6665 38.2674 30.6671 42.8925 32.991 204.705 46.1222 32.3012 26.5635 17.9612 158.583 20.3197 1161.12 266.897 150.397 116.5 107.87
internal_count=28000 6262 21738 2497 1987 510 1067 211 414 485 53 432 366 206 160 128 178 137 856 194 130 107 72 662 84 5777 1270 743 527 492
is_linear=0
shrinkage=0.05


Tree=151
num_leaves=31
num_cat=0
split_feature=10 40 40 38 38 38 39 39 38 38 39 10 38 41 39 0 38 38 0 40 38 38 0 38 39 39 39 38 38 39
split_gain=0.474835 1.59418 2.00679 1.80513 3.20914 3.63197 4.97398 3.00666 2.8303 5.39293 3.72437 3.52466 2.88154 4.69242 3.85941 2.72587 2.39896 2.17295 1.75817 1.7518 3.61613 3.59261 2.44092 2.59031 2.11555 1.58495 1.57541 4.31161 3.45258 3.82623
threshold=3.5000000000000004 0.10990338164251208 0.091966173361522213 3.3235831625408392 3.3818344678678467 3.4508518008262095 2.7237043259426157 2.8569235677759424 3.6427819312973484 3.6897977004747782 3.0780788756308879 2.5000000000000004 3.9691044588670015 0.22967032967032971 3.4534939707360945 19.500000000000004 3.9315723663202506 3.6057019109141346 17.500000000000004 0.096006144393241177 3.7838244546904183 3.7483615029509889 19.500000000000004 3.5754877035188977 3.2731275256415033 3.107674594476435 2.9852281360342525 3.7483615029509889 3.6892128038702086 3.1791996096509831
decision_type=2 2 2 2 2 2 2 2 2 2 2 2 2 2 2 2 2 2 2 2 2 2 2 2 2 2 2 2 2 2
left_child=1 2 -1 -3 -5 -6 -7 18 10 15 11 -9 13 14 -11 -10 -16 -12 -8 21 22 -4 23 -21 -22 -25 -2 28 29 -28
right_child=26 3 19 4 5 6 7 8 9 12 17 -13 -14 -15 16 -17 -18 -19 -20 20 24 -23 -24 25 -26 -27 27 -29 -30 -31
leaf_value=-5.5602894581169091e-05 -0.0058594458010040058 0.025442162538026881 -0.013476609238933063 -0.060607330650625894 0.037579212383278084 -0.052613741201678658 0.038589015223888155 -0.018311362561982729 0.0083276402951326794 -0.05834867382174385 0.02703088950391809 -0.068996776633493004 0.0081462006421536871 -0.0041487773922646359 0.002519768854806495 0.049361344071993545 -0.040988381303662502 -0.02193719202970662 -0.0017291844692691493 0.051407635447292613 -0.040363461225352434 0.030286674056706098 -0.0029940753044303365 -0.010598737969172961 -0.0038980134860722932 0.023954976876774885 -0.0045430556528068154 0.0011668007948869893 0.057543956762952944 0.044684194302501062
leaf_weight=5631.9464560947381 42.69985343166627 4.7015984058380118 6.3321268260479 2.6450677365064612 4.8348731100559226 5.6141732633113852 6.0442349314689618 8.6958188414573687 13.477198019623758 8.7451440989971179 4.5470801144838315 5.6641458272933951 19.543904140591621 42.827095054090023 7.6766757369041425 5.7843617275357238 5.3947730213403702 4.5150307267904282 4.8927917927503586 6.2599778026342419 4.763214364647868 18.077996335923672 13.196959685534237 4.79255686700344 24.109214790165424 10.791379287838934 10.828246767632669 114.5893424237147 5.9859074070118359 6.2116827676072708
leaf_count=25123 395 23 27 13 21 29 25 37 56 40 19 24 95 198 33 28 23 21 21 26 20 83 58 20 160 45 63 1186 43 45
internal_value=3.40071e-06 -7.41564e-05 6.16766e-05 -0.00506761 -0.00601819 -0.00504426 -0.00648113 -0.00460173 -0.00677015 -0.00321667 -0.0224649 -0.0383037 -0.00867727 -0.0137636 -0.0326379 0.0206503 -0.0154367 0.00263344 0.0205523 0.00754001 0.00318826 0.0189342 0.013984 0.0242412 -0.00991388 0.0133286 0.00253073 0.00513407 0.0248774 0.0134021
internal_weight=6056.19 5875.87 5720.27 155.604 150.902 148.257 143.422 137.808 126.871 103.449 23.4221 14.36 84.1876 64.6437 21.8166 19.2616 13.0714 9.06211 10.937 88.3234 63.9133 24.4101 35.0409 21.8439 28.8724 15.5839 180.315 137.615 23.0258 17.0399
internal_count=28000 26268 25562 706 683 670 649 620 574 473 101 61 389 294 96 84 56 40 46 439 329 110 149 91 180 65 1732 1337 151 108
is_linear=0
shrinkage=0.05


Tree=152
num_leaves=31
num_cat=0
split_feature=38 38 2 10 39 39 39 38 39 40 39 2 11 39 11 41 39 38 11 38 39 39 41 38 38 38 10 38 38 38
split_gain=0.468388 3.32372 3.51103 2.23303 2.82209 3.40397 2.32057 1.68864 1.30717 2.74568 1.19951 1.18812 1.08924 0.986572 0.88884 1.51028 1.51915 1.89033 1.35282 1.1678 2.37675 1.07354 2.31732 1.91011 1.13014 1.06398 1.30756 1.22356 1.55209 0.98692
threshold=3.214107439323338 3.1830947672697021 10.500000000000002 1.0000000180025095e-35 2.131011422493156 2.4305059097167985 2.2426799698513049 3.15380640324469 2.4123453272002151 0.065591397849462371 2.6730607426530448 9.5000000000000018 10.500000000000002 2.2426799698513049 10.500000000000002 0.35147058823529415 3.2526449285380048 3.8841694071874975 11.500000000000002 3.2466689551453567 2.7263487792301757 2.9997906153230329 0.26201372997711675 3.5715146852060999 3.3235831625408392 3.8443087154995541 4.5000000000000009 3.6427819312973484 3.7838244546904183 3.9213754263914278
decision_type=2 2 2 2 2 2 2 2 2 2 2 2 2 2 2 2 2 2 2 2 2 2 2 2 2 2 2 2 2 2
left_child=1 2 3 4 -1 6 -6 -7 9 11 12 13 -3 -2 15 16 -10 -18 21 20 -20 22 -16 -23 -24 26 27 -25 -29 -19
right_child=8 10 -4 -5 5 7 -8 -9 14 -11 -12 -13 -14 -15 18 -17 17 29 19 -21 -22 23 24 25 -26 -27 -28 28 -30 -31
leaf_value=0.029765278795295613 0.0053475471619999666 -0.063216618693184998 0.044167580524244431 0.034088687782581888 0.002364949737634685 0.021635421109806586 -0.048993343087784191 -0.01280963082040501 0.0032557577253570151 -0.027067873841197992 -0.0062607055486725224 -0.003490728713077128 -0.024991089317180366 0.033464220765947648 -0.046922094521922135 -0.032802488604817617 0.056735042436897531 -0.0074840853748915255 -0.00019382972175011274 -1.8693450635647533e-05 0.041215708132373005 0.029870411955112159 0.0081437849597272328 -0.024499126458077263 -0.0098054020833106895 -0.016255437757621623 0.025236565060076977 0.015261349324373766 -0.0098656995937992358 0.028660712278694513
leaf_weight=4.3565706908702877 4.3177237808704438 2.8446355070918781 4.4913780186325303 3.6344915609806767 3.0416416227817553 6.2847970947623226 7.9434152841567993 8.2013002708554268 113.72757498989813 3.8323134996462604 4.5790536105632773 4.5062101259827605 5.40389084815979 11.246137417852877 3.8562683165073386 2.708272121846675 2.9908162835054082 3.9531892952509224 10.322403505444525 5715.3318018240388 5.2162103503942481 4.9232286661863318 10.339516803622244 5.2233441174030331 57.759343877434731 11.259969371370969 4.9466214175336054 11.771721705794336 12.859256014227865 3.6160567943006754
leaf_count=32 26 32 27 18 19 41 61 46 797 39 21 25 29 67 17 15 59 27 52 25795 26 22 62 24 332 70 39 51 53 76
internal_value=3.17168e-06 -0.00477864 0.00265799 -0.00291352 -0.00742222 -0.0137827 -0.0347728 0.00213436 4.3611e-05 0.0117131 -0.0267818 0.0191181 -0.0381738 0.0256641 -3.02613e-06 0.00413532 0.0049402 0.023081 -9.28057e-05 1.85224e-05 0.0137071 -0.00528242 -0.0092154 0.000268285 -0.00708016 -0.00289574 0.00142683 -0.00251825 0.00214311 0.00978337
internal_weight=6055.49 50.7812 37.9536 33.4622 29.8277 25.4712 10.9851 14.4861 6004.71 23.9024 12.8276 20.0701 8.24853 15.5639 5980.81 126.996 124.288 10.5601 5853.81 5730.87 15.5386 122.939 71.9551 50.9841 68.0989 46.0609 34.8009 29.8543 24.631 7.56925
internal_count=28000 326 244 217 199 167 80 87 27674 157 82 118 61 93 27517 974 959 162 26543 25873 78 670 411 259 394 237 167 128 104 103
is_linear=0
shrinkage=0.05


Tree=153
num_leaves=31
num_cat=0
split_feature=38 40 12 39 41 41 38 41 38 38 41 39 12 11 39 38 38 1 39 1 39 39 12 39 11 39 38 1 38 38
split_gain=0.465286 2.88895 0.808739 1.1686 2.15806 4.19657 2.06872 2.8957 4.72887 1.9271 1.14374 1.0609 0.91043 1.8452 1.97161 1.25932 0.746576 4.13935 4.16398 3.79889 3.04643 2.58099 2.61194 2.49671 2.48185 2.13758 1.62279 2.31956 2.92962 2.19826
threshold=4.3946488582442438 0.18301435406698566 8.5000000000000018 4.0548094206516554 0.16172624237140368 0.15075757575757578 4.2810611664964666 0.17573529411764707 4.3130497913330537 4.2543605575584804 0.19292803970223329 3.892566011853154 7.5000000000000009 26.500000000000004 3.6407368646986655 3.9954766092749705 4.2165949164547696 19.500000000000004 3.9699956519455788 25.500000000000004 3.9699956519455788 3.9330737427042401 5.5000000000000009 3.9482810599910683 31.500000000000004 3.8801830805460158 4.1655745823242958 16.500000000000004 4.1806421890487728 4.1556453072410688
decision_type=2 2 2 2 2 2 2 2 2 2 2 2 2 2 2 2 2 2 2 2 2 2 2 2 2 2 2 2 2 2
left_child=2 -2 3 6 5 -5 9 -8 -9 12 -6 -11 16 14 -14 -15 20 -18 25 -20 21 26 -23 -24 -22 -19 29 -28 -29 -1
right_child=1 -3 -4 4 10 -7 7 8 -10 11 -12 -13 13 15 -16 -17 17 18 19 -21 24 22 23 -25 -26 -27 27 28 -30 -31
leaf_value=1.3370562340044875e-05 -0.036678968559848077 0.052388934329602899 0.018688791115225117 0.03378262553191802 0.055252573164896901 -0.067019172201323238 -0.06833701089958763 -0.043258676608425889 0.062132355417801093 -0.0020673720497233457 0.013035245007986657 0.040135030010145706 -0.060944680808124499 0.031036355959011108 -0.0066775169708582832 -0.013774032797950345 -0.056416473630105782 -0.0035244685486076227 -0.062498549310521567 0.030383167852713847 0.041309884888652844 -0.0040395768057744164 -0.073470348217007903 -0.01279201111273464 -0.025424609775260672 0.061617180316905308 0.051779695748375189 0.032471180941744233 -0.0013254143396876918 -0.02227756203379086
leaf_weight=5915.768994046608 3.7868415452539912 1.1985608222894368 5.7928047198802224 2.3035450216848385 3.3077775686979294 1.8712870855815706 2.6532146618701509 2.7480767881497741 1.7372039579786358 2.1956108957529059 3.1152054751291871 4.6282543460838497 3.0745214745402318 2.823074609041214 3.6736043374985456 3.5264713577926159 3.7531495317816725 2.0865789512172324 3.0296490718610585 1.7292048241943119 7.4508206474129093 11.082946550101044 3.4248960381373754 3.3568895310163498 1.7136263288557527 3.1765112639404833 3.0926219038665286 8.3882465418428165 27.219093206338584 11.080905439332126
leaf_count=26784 41 65 41 38 76 16 31 26 27 16 61 50 17 18 24 27 24 16 34 21 81 62 21 21 17 35 18 50 180 62
internal_value=2.87657e-06 -0.0152658 1.54589e-05 -2.43835e-06 0.0165863 -0.0113998 -3.15768e-05 -0.0269321 -0.00243944 2.885e-07 0.0347768 0.0265562 -2.98162e-05 -0.0131979 -0.0314022 0.00614914 -1.10139e-06 -0.0116279 0.00514507 -0.0287485 2.56251e-05 -1.84951e-05 -0.018995 -0.0434354 0.0288314 0.0357914 3.83328e-05 0.0102438 0.00663626 -2.83048e-05
internal_weight=6054.79 4.9854 6049.8 6044.01 10.5978 4.17483 6033.41 7.1385 4.48528 6026.28 6.42298 6.82387 6019.45 13.0977 6.74813 6.34955 6006.35 13.7751 10.0219 4.75885 5992.58 5983.41 17.8647 6.78179 9.16445 5.26309 5965.55 38.7 35.6073 5926.85
internal_count=28000 106 27894 27853 191 54 27662 84 53 27578 137 66 27512 86 41 45 27426 130 106 55 27296 27198 104 42 98 51 27094 248 230 26846
is_linear=0
shrinkage=0.05


Tree=154
num_leaves=31
num_cat=0
split_feature=28 38 41 38 38 39 39 39 41 41 11 41 38 39 39 38 38 6 0 38 39 38 39 11 40 10 41 38 41 6
split_gain=0.466345 1.83916 0.999502 0.485548 4.47953 3.33428 5.14811 3.2355 2.59307 4.17598 3.11339 1.85199 2.91107 2.86709 4.89331 2.54175 3.12205 2.10108 2.58616 2.41242 2.95879 2.00828 2.29695 3.0291 4.34763 1.83189 9.23721 2.99469 2.1008 1.63446
threshold=1.0000000180025095e-35 3.7877426501774445 0.19139194139194141 3.5944740717404371 3.6185302986066428 3.1893099855025779 3.1907548686078333 3.3816002981289501 0.22967032967032971 0.18469785575048733 15.500000000000002 0.25462962962962971 3.538315392360504 2.9489574220674188 3.250814583693912 3.4729297375596802 3.508985020136778 1.5000000000000002 20.500000000000004 3.293716890073298 2.5610525396418251 3.5837837983419667 2.9321041277738069 10.500000000000002 0.057983193277310933 1.0000000180025095e-35 0.27681992337164757 3.3084829020490516 0.31142241379310348 1.5000000000000002
decision_type=2 2 2 2 2 2 2 2 2 2 2 2 2 2 2 2 2 2 2 2 2 2 2 2 2 2 2 2 2 2
left_child=3 -2 -3 7 5 -5 -7 11 9 -8 -10 -1 15 21 -15 17 29 18 25 -19 -21 22 23 -14 -25 -13 -27 28 -28 -17
right_child=1 2 -4 4 -6 6 8 -9 10 -11 -12 12 13 14 -16 16 -18 19 -20 20 -22 -23 -24 24 -26 26 27 -29 -30 -31
leaf_value=0.0025834205845180862 -0.020455576288436719 0.05714272688685812 0.012674757322037229 -0.021110485934336797 -2.7029700074528802e-05 0.039701960253723467 -0.038832306769480802 0.022875166177907334 -0.0017532879536908529 0.0072061686988269319 -0.049267313203648189 -0.0023250013183064733 0.026993718467406471 -0.01028686092930527 0.035196461477238088 -0.035493477050637427 -0.0059198365625732306 0.037323146105137379 0.029427101808102436 0.024222779851011532 -0.038599793060028906 0.042353548587054764 0.018339002155984708 0.0031224601554986544 -0.039102839223032863 0.046890466904861386 0.00035892761919487022 -0.011562429386506456 0.042779406509035639 0.00093662991724443711
leaf_weight=607.2238855054602 2.886160731315611 1.9899049024097619 3.4623903133906424 43.690504954429343 4609.4925032772589 6.3617693036794654 5.9613590091466895 16.435242652893066 6.633009620010851 28.348405197262764 7.1794044077396393 308.13351587206125 11.595059861894695 51.593621999025345 6.6789147853851309 14.735106959939005 123.3136839447543 1.636037764372303 7.2007215917110434 2.289422004017978 10.33472792804241 4.1815914700273416 33.599778816103935 74.715610183775425 6.6375915706157675 11.743639245629309 7.0572845786809904 30.428974881768227 4.9767884314060211 3.8921501799486569
leaf_count=2643 13 28 32 196 20966 26 25 70 30 117 32 1681 77 255 29 66 603 21 31 71 106 22 147 388 30 57 32 145 24 37
internal_value=3.08985e-06 0.0118194 0.0289041 -1.32066e-05 -0.00025212 -0.0108206 -0.0025691 0.00082714 -0.00815735 -0.000793067 -0.0264501 0.00055303 -0.00117192 0.00415006 -0.00507378 -0.00308516 -0.00880191 -0.000970934 -0.00024421 -0.0198034 -0.0272068 0.00826158 0.00713506 0.00308496 -0.000322694 -0.000833862 0.0076424 -0.0032121 0.0179023 -0.0278814
internal_weight=6054.41 8.33846 5.4523 6046.07 4707.67 98.1745 54.4839 1338.4 48.1222 34.3098 13.8124 1321.97 714.744 189.002 58.2725 525.742 141.941 383.801 369.541 14.2602 12.6241 130.73 126.548 92.9483 81.3532 362.34 54.2067 42.463 12.0341 18.6273
internal_count=28000 73 60 27927 21392 426 230 6535 204 142 62 6465 3822 948 284 2874 706 2168 1970 198 177 664 642 495 418 1939 258 201 56 103
is_linear=0
shrinkage=0.05


Tree=155
num_leaves=31
num_cat=0
split_feature=7 38 40 10 38 40 39 7 39 11 41 38 39 39 38 38 38 38 38 41 38 39 38 38 38 38 39 39 38 11
split_gain=0.475067 1.4422 1.05164 2.10717 4.45515 3.82911 1.83535 1.53039 1.48671 1.14039 0.991747 1.14425 3.10676 2.58304 2.24114 5.07293 2.98196 2.39214 3.15922 2.52008 6.75067 2.39548 2.11397 1.83577 3.9194 3.50998 3.29734 2.92758 3.61353 4.10234
threshold=1.0000000180025095e-35 3.3299574648874768 0.15504807692307696 5.5000000000000009 4.1806421890487728 0.24068965517241384 3.3726053923572601 2.5000000000000004 3.7721310638768926 27.500000000000004 0.34166666666666673 3.6467030064723334 3.2408350000536879 3.2526449285380048 3.7543026367411141 3.7547497328258266 3.7529533538348692 3.7469261921013279 3.7193351740411753 0.26006441223832533 3.657326753133785 3.3929372919485519 3.6901884542810257 3.8101126321183503 3.8426141429928031 3.7877426501774445 3.4661523962860348 3.3920199341727337 3.8694540037139569 18.500000000000004
decision_type=2 2 2 2 2 2 2 2 2 2 2 2 2 2 2 2 2 2 2 2 2 2 2 2 2 2 2 2 2 2
left_child=-1 -2 10 6 5 -5 -4 8 -7 -6 11 12 -3 -14 16 -16 17 18 19 20 -13 22 -22 25 26 -17 -25 28 -26 -30
right_child=1 2 3 4 9 7 -8 -9 -10 -11 -12 14 13 -15 15 23 -18 -19 -20 -21 21 -23 -24 24 27 -27 -28 -29 29 -31
leaf_value=-0.00017045201194443619 0.026400258035182672 -0.00018172268999662206 0.0056304355231597521 -0.076108611097871093 0.052543637799574473 0.051810557537730867 0.057019850684339526 -0.058154295192798161 -0.047889009484725562 -0.019289254056304106 -0.021709228833374439 -0.044358974033213636 0.050700928168566001 0.012458263035094697 0.035751640925465802 0.001847540840889007 -0.041207377613930507 0.01780849947372606 -0.02099321944073804 -0.0098242299253159179 0.054309292226644074 0.00031266375880013224 0.015867749294362455 0.0018937984283541758 -0.0054119241477050594 -0.021104183641403016 0.031691098543903416 -0.00072835741930115706 0.0094841204622087144 0.05023208958048412
leaf_weight=5249.7277499455959 5.6088870018720618 60.783488593995571 3.1316614039242294 2.5385601734742504 3.0575524261221294 1.652516255388037 3.9026382947340608 0.6541953608393668 0.48327176412567485 0.67438701912760723 4.907593421638011 4.6387750431895283 5.4850492179393795 22.642997451126575 10.533597141504286 44.258565027266741 5.8567160815000525 10.728825833648441 28.305102214217186 34.248237177729607 6.8378408998250979 8.1941461116075498 7.4978221729397774 17.82244436070323 16.555873401463032 26.710856035351753 19.380061209201813 419.72354747680947 16.958250090479854 9.7154154330492002
leaf_count=23572 25 262 21 33 183 80 71 4 13 19 33 21 25 101 44 193 26 46 122 148 32 37 34 81 70 118 96 2376 70 44
internal_value=2.83891e-06 0.00113506 0.000957456 0.0136088 -0.00233207 -0.031674 0.0341413 0.00875636 0.0292512 0.0395629 0.000697 0.000838542 0.00617629 0.0199157 0.0001487 0.00136873 -0.00652664 -0.0045046 -0.00717278 -0.000803363 0.0105682 0.0218774 0.0342036 0.000734582 0.0018024 -0.00679083 0.0174162 0.000547684 0.012937 0.0243259
internal_weight=6053.22 803.489 797.88 16.0948 9.06048 5.32854 7.0343 2.78998 2.13579 3.73194 781.785 776.878 88.9115 28.128 687.966 581.659 106.307 100.451 89.7219 61.4168 27.1686 22.5298 14.3357 571.125 500.156 70.9694 37.2025 462.953 43.2295 26.6737
internal_count=28000 4428 4403 424 332 130 92 97 93 202 3979 3946 388 126 3558 3092 466 440 394 272 124 103 66 3048 2737 311 177 2560 184 114
is_linear=0
shrinkage=0.05


Tree=156
num_leaves=31
num_cat=0
split_feature=39 38 0 39 38 41 11 39 38 38 41 0 38 38 40 38 39 39 38 41 38 0 38 39 39 41 38 38 41 38
split_gain=0.466354 5.73696 2.34695 2.20092 2.99358 5.32227 2.9751 2.00964 1.71457 2.74235 1.64204 1.35417 1.25292 1.21114 2.41899 2.12234 1.97655 2.58441 1.8358 3.40219 3.17293 3.32887 2.7722 1.7002 1.69759 1.50095 1.36859 1.32823 1.0925 1.05391
threshold=3.591483651618089 3.7547497328258266 22.500000000000004 3.5772185880117249 3.9914725034370799 0.20638945233265724 17.500000000000004 3.6061271041370619 3.9233088607576558 3.978598834686681 0.13680926916221037 24.500000000000004 3.9702989661229862 4.0234683908255011 0.043961352657004842 4.0561096504339895 3.5724503550461288 3.5480585119463863 4.0043543155378369 0.20761494252873566 3.9914725034370799 26.500000000000004 3.9842089422158389 3.4830745604309223 3.5033987287898358 0.24621212121212124 4.0559895598365037 4.0125016497205097 0.21680376028202117 3.7877426501774445
decision_type=2 2 2 2 2 2 2 2 2 2 2 2 2 2 2 2 2 2 2 2 2 2 2 2 2 2 2 2 2 2
left_child=3 28 12 10 29 -6 -7 8 -4 -10 -1 -9 -3 18 16 -16 17 23 20 27 22 -22 -12 -15 26 -26 -25 -20 -2 -5
right_child=1 2 7 4 5 6 -8 11 9 -11 13 -13 -14 14 15 -17 -18 -19 19 -21 21 -23 -24 24 25 -27 -28 -29 -30 -31
leaf_value=0.027034229230942411 0.047316600664967894 -0.0072673719790870761 0.033396056185127282 0.0094064038147401077 -0.050952632156123806 0.035882972024627188 -0.021184535258139438 0.0049646054783690999 -0.025990860383530198 0.028303986035723424 -0.00015181201755528281 -0.00020292946183077151 -0.038105712927623589 0.031481482363412465 -0.049458024742993163 0.0073232128646942857 0.03015290437146877 -0.019654699787307762 -0.05166360963091874 0.011208862419567756 -0.015307800138114325 0.033203017875628009 -0.031179057949033213 0.0061272663738545109 0.01861084504795248 -0.011032568885531408 -0.032285230437514065 -0.017257043111488051 0.018891709558849189 -0.0058734010346067856
leaf_weight=5.588223621249198 6.8525929600000364 7.8781373724341375 8.6523119956254977 13.566422641277311 9.8553281947970408 3.7828952595591527 5.7632731571793556 147.01099847257137 4.4332651793956739 4.8919359743595123 4721.5292202741839 921.18791104736738 5.6600254327058792 7.9786962904036036 3.4339690441265693 3.1601150932256132 9.8441516906023008 8.4099422097206098 5.1639600470662135 7.0893625007010987 4.7767182402312782 13.619181645102797 7.2100934796035281 4.8004750758409482 20.631731197237972 5.3846948295831671 4.4854864031076431 6.1403184235095978 6.6713523119688034 67.113249182701111
leaf_count=49 35 34 43 57 42 25 28 653 19 23 21204 4939 25 34 23 20 42 37 24 35 21 61 32 21 85 23 20 25 32 289
internal_value=2.94573e-06 0.000927427 0.000529385 -0.000205416 -0.00754465 -0.0251788 0.00142982 0.000787262 0.0173656 0.00249184 -5.36325e-05 0.000508253 -0.0201602 -8.49489e-05 0.00653444 -0.0222465 0.00961859 0.00570799 -0.000179581 -0.0159451 -0.000118495 0.0206066 -0.00019912 0.0106362 0.00592497 0.0124755 -0.0124275 -0.0329745 0.0332946 -0.00330408
internal_weight=6052.57 1113.24 1099.71 4939.33 100.081 19.4015 9.54617 1086.18 17.9775 9.3252 4839.25 1068.2 13.5382 4833.66 68.1293 6.59408 61.5352 51.691 4765.53 18.3936 4747.14 18.3959 4728.74 43.2811 35.3024 26.0164 9.28596 11.3043 13.5239 80.6797
internal_count=28000 5803 5736 22197 441 95 53 5677 85 42 21756 5592 59 21707 305 43 262 220 21402 84 21318 82 21236 183 149 108 41 49 67 346
is_linear=0
shrinkage=0.05


Tree=157
num_leaves=31
num_cat=0
split_feature=38 38 41 40 39 39 39 39 40 38 39 11 0 39 11 41 39 38 11 38 39 41 38 39 38 39 40 38 38 38
split_gain=0.449075 3.06315 3.13035 1.80537 3.70374 2.88953 2.21171 1.1601 2.52194 1.11787 1.11356 1.08483 1.07428 0.866449 0.780798 1.32693 1.40196 1.82643 1.16408 1.0538 2.12314 0.956787 1.32943 2.68256 1.89538 0.950571 2.13942 1.72817 0.997549 0.979283
threshold=3.214107439323338 3.1830947672697021 0.26201372997711675 0.054093567251461992 2.131011422493156 2.4305059097167985 2.2426799698513049 2.4123453272002151 0.065591397849462371 3.15380640324469 2.6730607426530448 10.500000000000002 18.500000000000004 2.2426799698513049 10.500000000000002 0.35147058823529415 3.2526449285380048 3.8841694071874975 11.500000000000002 3.2466689551453567 2.7263487792301757 0.23861283643892342 3.7193351740411753 2.8493281730667497 3.7618368601866696 2.9997906153230329 0.19756097560975613 3.5715146852060999 3.3235831625408392 3.8443087154995541
decision_type=2 2 2 2 2 2 2 2 2 2 2 2 2 2 2 2 2 2 2 2 2 2 2 2 2 2 2 2 2 2
left_child=1 2 -1 4 -4 6 -6 8 12 -7 11 -3 13 -2 15 16 21 -18 25 20 -20 22 23 -9 -24 26 28 -27 -16 -29
right_child=7 10 3 -5 5 9 -8 14 -10 -11 -12 -13 -14 -15 18 -17 17 -19 19 -21 -22 -23 24 -25 -26 27 -28 29 -30 -31
leaf_value=0.044469335111069777 0.0050929658574012417 -0.062889902853345586 0.034631862902391085 0.030452688448341161 0.0023274995376055103 0.015412042998030695 -0.048029949238033595 -0.027154772042622455 -0.026438312286239385 -0.012149984996483834 -0.0062964478942847393 -0.024100539261227322 -0.0035173655453852072 0.031356508380921522 0.0076856761782275384 -0.031129326395113482 0.056409592975730782 0.0093024458883808388 -0.00014557343841430789 -1.8081495412272781e-05 0.038944982384268363 0.0048522683761950992 -0.060943173352221172 0.02884412588467905 -0.0056071288914808382 0.028521414467137053 -0.045039741006314769 0.0014616683675140137 -0.0091541827423925089 -0.015527010908564461
leaf_weight=3.9627206884324542 4.3282845765352311 2.7207135811913741 4.6271318867802647 3.7037426568567744 3.0436725765466708 6.7113717496395084 7.6877678334712982 3.793604386970399 3.7906826527323565 8.14162577688694 4.5699393749237052 5.3409927636384964 4.5131966546177855 11.441831573843954 10.386878684163092 2.6494189649820319 2.8411129401065391 7.4615752848330885 10.318360000848768 5712.7975046683569 5.2363204061985007 98.15674763941206 2.3907017409801474 4.9021381447091699 4.3872711984440684 4.9072689712047568 3.8181871324777594 34.655819972977042 57.353314198553562 11.231767634861169
leaf_count=24 26 32 33 18 19 43 61 20 39 46 21 29 25 67 62 15 59 103 52 25795 26 679 18 37 43 22 17 167 332 70
internal_value=2.89125e-06 -0.00469196 0.00241858 -0.0024947 -0.00653384 -0.013979 -0.0337475 4.24049e-05 0.0109963 0.000304001 -0.0260141 -0.0371914 0.0179924 0.0241482 -1.71296e-06 0.00388341 0.0046319 0.0222929 -8.57692e-05 1.73052e-05 0.0130139 0.00303061 -0.00852501 0.00441405 -0.0251251 -0.00491152 -0.0086246 0.000319359 -0.00657206 -0.0026966
internal_weight=6051.87 50.5097 37.878 33.9153 30.2116 25.5844 10.7314 6001.36 24.074 14.853 12.6316 8.06171 20.2833 15.7701 5977.29 126.583 123.933 10.3027 5850.71 5728.35 15.5547 113.63 15.4737 8.69574 6.77797 122.353 71.5584 50.7949 67.7402 45.8876
internal_count=28000 326 244 220 202 169 80 27674 157 89 82 61 118 93 27517 974 959 162 26543 25873 78 797 118 57 61 670 411 259 394 237
is_linear=0
shrinkage=0.05


Tree=158
num_leaves=31
num_cat=0
split_feature=7 38 40 10 38 40 41 38 38 34 38 6 38 41 41 38 0 38 0 38 38 38 38 41 0 41 41 0 38 0
split_gain=0.430782 1.3117 0.963976 1.97207 4.09196 3.19166 1.97669 1.40387 1.04726 0.978139 0.974158 2.6143 2.13805 4.21054 4.16268 3.09155 2.35211 2.22095 3.22402 1.98483 1.38055 3.26462 3.86269 2.14369 2.21732 1.85445 2.76734 1.76922 3.31182 2.36372
threshold=1.0000000180025095e-35 3.3299574648874768 0.15504807692307696 5.5000000000000009 4.1806421890487728 0.24068965517241384 0.30602006688963218 3.7463387134281234 4.0559895598365037 1.0000000180025095e-35 4.0781190257781939 1.5000000000000002 4.0179089951977423 0.21913109756097562 0.20881782945736438 4.0561096504339895 28.500000000000004 4.0233010727352676 25.500000000000004 4.030877617342794 4.133302367334573 4.1275228043742151 4.1162821106848613 0.25462962962962971 26.500000000000004 0.23205128205128209 0.19478319783197837 32.500000000000007 4.3946488582442438 33.500000000000007
decision_type=2 2 2 2 2 2 2 2 2 2 2 2 2 2 2 2 2 2 2 2 2 2 2 2 2 2 2 2 2 2
left_child=-1 -2 9 7 5 -5 8 -4 -7 10 12 20 -3 14 15 19 17 -15 -19 -14 21 22 25 24 -22 26 -12 -26 29 -29
right_child=1 2 3 4 -6 6 -8 -9 -10 -11 11 -13 13 16 -16 -17 -18 18 -20 -21 23 -23 -24 -25 27 -27 -28 28 -30 -31
leaf_value=-0.00016234369187708282 0.025133962291264696 0.00016955116451351418 -0.0040054461456512352 -0.068690616933260257 0.039020836971480247 0.052389634850224721 -0.075814210797067613 0.047138939321997551 -0.023709973289136915 0.02386654746408963 -0.030682538638221121 0.027733297389879449 0.0067651762762643885 0.029925986040131764 0.064574942875906732 -0.0063545619681103218 -0.029970958918936877 -0.014832808081854526 0.014763418789590591 0.041920539712215946 0.028908512639045265 -0.048409620710841879 0.038684322608124398 -0.045300623977204878 -0.011400307350288387 -0.042667947567584991 0.0026583481074423558 0.058551200301637331 -0.050689437217978674 0.0079520548048489636
leaf_weight=5248.6205216390081 5.6285237073898307 593.04107375629246 1.8349443785846222 2.6674862019717676 3.6008816021494567 1.5251456841360784 0.55641610920429219 4.9919430408626795 0.6425695854704826 4.5160126239061347 9.2690506950020808 6.0885473340749732 6.5543804224580589 6.7900994792580596 5.0395336933434001 10.387387884780763 5.9072310216724864 19.948954354971647 17.079914033412933 10.362706899642943 6.4683169573545447 5.5844939276576033 4.049736102577298 2.5631661936640731 24.497825395315886 4.5581226125359526 18.94286934658885 2.7343691252172055 2.0938775539398184 14.804704570211468
leaf_count=23572 25 2747 12 33 202 70 3 80 24 27 59 31 39 33 35 70 36 92 88 66 37 33 32 15 187 23 113 30 19 167
internal_value=2.63774e-06 0.00108136 0.000911521 0.0131311 -0.00225072 -0.0298146 0.008253 0.0333922 0.0298316 0.0006641 0.000529204 -0.00403392 0.0012163 0.00878012 0.0228225 0.0151164 -0.000353658 0.00363905 -0.00118127 0.0282999 -0.00605781 -0.0127867 -0.00738369 -0.000690629 0.00156915 -0.0130768 -0.00829583 -0.00243802 0.00874504 0.0158405
internal_weight=6051.35 802.73 797.102 15.8194 8.9925 5.39162 2.72413 6.82689 2.16772 781.282 776.766 101.655 675.111 82.0702 32.344 27.3045 49.7262 43.819 37.0289 16.9171 95.5665 42.4043 36.8198 53.1623 50.5991 32.77 28.2119 44.1308 19.633 17.5391
internal_count=28000 4428 4403 424 332 130 97 92 94 3979 3952 746 3206 459 210 175 249 213 180 105 715 260 227 455 440 195 172 403 216 197
is_linear=0
shrinkage=0.05


Tree=159
num_leaves=31
num_cat=0
split_feature=38 39 38 41 41 39 39 11 39 41 39 11 38 11 39 38 39 38 38 41 41 41 38 38 39 38 39 39 41 39
split_gain=0.426393 2.75658 2.64447 4.60565 2.77004 2.53797 2.35084 3.24533 2.20891 2.1938 9.29933 3.87328 2.88052 4.61089 2.58875 3.95308 2.22715 2.14367 3.80537 2.06392 2.48764 3.0987 2.90633 2.06802 3.43164 1.94864 4.48594 2.85449 3.16838 2.7647
threshold=3.5842434495629507 3.23966092346532 3.657326753133785 0.26201372997711675 0.22967032967032971 3.3215162127329263 3.3726053923572601 17.500000000000004 3.0079457296242302 0.19538706256627789 3.3084829020490516 18.500000000000004 3.54641915521186 16.500000000000004 3.3238656213382543 3.4729297375596802 3.3293288462733837 3.6131080016936696 3.6239224456263801 0.19538706256627789 0.17817460317460321 0.18469785575048733 3.6422606651904035 3.6467030064723334 3.2935531298437213 3.5470132150399563 2.9997906153230329 3.2360563169422236 0.28102564102564109 2.9691539917456269
decision_type=2 2 2 2 2 2 2 2 2 2 2 2 2 2 2 2 2 2 2 2 2 2 2 2 2 2 2 2 2 2
left_child=1 25 3 4 6 8 19 -8 -5 10 -3 12 14 -14 15 -11 -13 -9 -19 20 -2 -22 -23 -21 -25 29 -27 28 -28 -1
right_child=2 9 -4 5 -6 -7 7 17 -10 11 -12 16 13 -15 -16 -17 -18 18 -20 23 21 22 -24 24 -26 26 27 -29 -30 -31
leaf_value=-0.0030884790563694446 0.0039422116920043351 0.028177996543836611 0.00021766576795627921 0.021838853958334768 -0.009900942038891138 0.021121650163916726 -0.021601615109765982 0.033467072637214053 -0.0013071471967159062 0.020156972177560732 -0.059059525043157458 0.02104882738362264 0.020636486631735024 -0.023774366394824331 0.022526755531864291 -0.020817845566041909 0.062804071592649752 -0.021142928669516239 0.01718535838093958 0.00040783542244456224 -0.048617619007355693 -0.001428527331337593 -0.039230297170150169 -0.02862185399148099 0.018639368985577952 0.0095173619067242844 0.0027542111136748893 -0.031254056478231325 -0.019347956901789552 0.0027389578875858063
leaf_weight=578.2543979533948 13.840874241665004 6.6765773296356183 4210.0650981247891 12.041297651827334 205.46083395183086 21.96813627332449 8.0520660728216154 9.848228767514227 71.600967660546303 7.9525645077228573 5.6314402520656586 10.030842915177343 42.797547221183777 6.7688571512699118 7.5453249067068091 22.654874265193939 4.6850863695144644 8.8572465479373914 24.086167901754379 138.15472164191306 7.896889701485633 17.221165210008625 7.2148927003145209 15.190369579941036 5.1407179385423651 150.86721155815758 87.584684791974723 8.6123636215925199 19.898476049304008 314.08199023641646
leaf_count=3111 64 29 19241 85 920 96 33 41 329 34 24 44 178 28 32 94 22 36 101 578 32 69 29 63 21 743 376 35 116 1396
internal_value=2.85713e-06 0.00081558 -0.000213915 -0.00342088 -0.00557866 0.00599731 -0.00210293 0.00751942 0.00202499 0.00820819 -0.0117369 0.0106047 0.0066224 0.0145717 -0.00370496 -0.0101716 0.0343424 0.0129991 0.00688032 -0.00449341 -0.0137959 -0.0213891 -0.0125897 -0.0017832 -0.0166718 8.38862e-05 0.00383169 -0.00355689 -0.00133759 -0.00103735
internal_weight=6050.68 1274.04 4776.64 566.575 460.964 105.61 255.503 50.8437 83.6423 114.743 12.308 102.435 87.7192 49.5664 38.1528 30.6074 14.7159 42.7916 32.9434 204.66 46.1738 32.3329 24.4361 158.486 20.3311 1159.3 266.963 116.096 107.483 892.336
internal_count=28000 6262 21738 2497 1987 510 1067 211 414 485 53 432 366 206 160 128 66 178 137 856 194 130 98 662 84 5777 1270 527 492 4507
is_linear=0
shrinkage=0.05


Tree=160
num_leaves=31
num_cat=0
split_feature=38 39 38 41 0 0 39 39 39 38 39 38 39 41 39 39 38 39 10 6 38 39 39 38 38 0 40 40 39 41
split_gain=0.457355 6.93969 3.26811 3.17165 1.91811 3.14534 2.50079 2.2571 1.97403 2.98946 1.97764 1.88 2.4543 1.81149 2.95959 2.69985 2.47485 2.7563 1.69146 1.70138 1.68286 1.65525 1.97526 2.29533 2.15673 1.57142 1.48937 1.68029 1.43476 1.33973
threshold=3.4729297375596802 2.9691539917456269 3.508985020136778 0.28102564102564109 24.500000000000004 23.500000000000004 3.0983559703478538 3.2203127661787532 3.0232263396109507 3.4842291702451242 2.8458951406467268 3.4549046278596376 3.0780788756308879 0.26006441223832533 3.0850088017388173 3.0850088017388173 3.3084829020490516 3.0780788756308879 5.5000000000000009 1.5000000000000002 3.4086220332190753 2.9161364536186212 2.8458951406467268 3.6467030064723334 3.5470132150399563 17.500000000000004 0.17519181585677754 0.14907407407407411 2.5610525396418251 0.22653958944281527
decision_type=2 2 2 2 2 2 2 2 2 2 2 2 2 2 2 2 2 2 2 2 2 2 2 2 2 2 2 2 2 2
left_child=1 18 3 4 5 7 -6 8 9 -2 -11 13 -13 15 20 16 -3 -18 19 26 -15 22 -4 24 -24 -23 27 -1 -21 -10
right_child=2 11 21 -5 6 -7 -8 -9 29 10 -12 12 -14 14 -16 -17 17 -19 -20 28 -22 25 23 -25 -26 -27 -28 -29 -30 -31
leaf_value=-0.0013324118346948631 0.010436849242564862 0.034632761569875076 0.00066779045060124417 -0.04072048691154162 -0.013142832562839202 -0.038371150846751502 0.030441956046496972 -0.02718679769250696 0.025107237991325051 -0.0061507650889324932 -0.037445395480514336 -0.0050904241664689537 0.033857792294188713 0.040829884303886003 -0.013189182381556941 0.022823841279302568 0.0057270681510387944 -0.031126450727005164 0.029285016755619554 0.010475203331900163 0.0041990560109325895 -0.010318158060202507 0.0075581735937557256 0.00052095337226474127 0.029707142431429065 -6.3379098668786253e-05 -0.022973671256272404 0.029271586800420669 -0.029863178069169091 0.00052858439657202947
leaf_weight=413.63824976608157 9.8026294857263583 5.4453916102647772 126.82125783176161 7.2371889287605873 5.8922375226393324 8.3303388357162458 7.4554545283317566 10.909227564930914 6.7376284301280966 9.2808397859334963 11.069708332419394 5.2888173311948803 17.195446848869324 4.8110523521900168 19.827561259269714 36.482518628239632 24.412448659539226 6.4045361131429663 4.3823128587100646 2.8863859549164763 9.0022808909416181 37.631711184978485 22.771348811686039 31.203452935209498 21.244836336001754 5130.3187698295806 7.8567899763584128 4.5342084169387809 9.329052232205866 31.301366984844208
leaf_count=2155 45 23 707 51 26 35 32 45 28 43 50 23 75 23 89 163 103 27 91 26 51 214 103 159 94 23217 41 20 103 138
internal_value=2.73265e-06 0.00134872 -0.000137688 -0.00874858 -0.00645261 -0.0091478 0.0112018 -0.00607023 -0.00269205 -0.012247 -0.0231735 0.0115599 0.0246963 0.00878358 -0.000810725 0.0132205 0.00355879 -0.00193201 -0.00162425 -0.00193333 0.0169572 3.55185e-05 0.00447523 0.0108946 0.0182486 -0.000138052 -0.0014058 -0.00100058 -0.0203316 0.00488206
internal_weight=6049.51 571.497 5478.01 108.017 100.779 87.4317 13.3477 79.1014 68.1922 30.1532 20.3505 128.87 22.4843 106.386 33.6409 72.7449 36.2624 30.817 442.627 438.245 13.8133 5369.99 202.041 75.2196 44.0162 5167.95 426.029 418.172 12.2154 38.039
internal_count=28000 3013 24987 493 442 384 58 349 304 138 93 577 98 479 163 316 153 130 2436 2345 74 24494 1063 356 197 23431 2216 2175 129 166
is_linear=0
shrinkage=0.05


Tree=161
num_leaves=31
num_cat=0
split_feature=28 38 38 39 6 38 38 39 39 38 39 39 38 38 38 39 39 39 11 38 39 38 39 39 38 38 39 11 39 38
split_gain=0.423899 3.00417 1.24309 4.24271 0.432288 2.49702 2.62619 2.34972 4.35004 2.5076 2.89687 2.40194 2.57632 2.84948 1.91821 3.80133 2.29227 3.11524 2.09263 3.04237 2.76972 2.07407 3.50455 1.90164 1.67109 1.81417 1.66511 1.65807 3.89148 1.60536
threshold=1.0000000180025095e-35 3.7469261921013279 3.879456487392646 3.6309005040087921 1.5000000000000002 3.4693760755761058 3.293716890073298 2.7775698032604783 2.7263487792301757 3.54641915521186 3.085551857534758 3.0570204192104438 3.5754877035188977 3.6809850782491051 3.7672796328537523 3.2935531298437213 3.3726053923572601 3.3276521565353132 17.500000000000004 3.6962861127732456 3.1553932710946153 3.7231528091130959 3.3510810516731371 2.5217843656153409 3.6422606651904035 3.6850506496423425 3.3754072918469564 13.500000000000002 2.7206113102771714 3.9102061097784131
decision_type=2 2 2 2 2 2 2 2 2 2 2 2 2 2 2 2 2 2 2 2 2 2 2 2 2 2 2 2 2 2
left_child=4 -2 -3 -4 -1 6 -6 8 27 10 -9 12 -11 -14 18 -16 17 -17 19 -13 -20 22 24 -8 -22 -26 -18 28 -7 -28
right_child=1 2 3 -5 5 7 23 9 -10 11 -12 14 13 -15 15 16 26 -19 20 -21 21 -23 -24 -25 25 -27 29 -29 -30 -31
leaf_value=0.00010289732173418553 -0.047749293828329237 0.051843332086421313 -0.053133849131890655 0.054740860036981892 0.035051386674851692 0.10076477444404203 0.015038596046434866 -0.045912424057121044 0.07391721294424565 0.035082446645281054 0.017910564905440782 -0.0057911086962353867 -0.011973227332149006 0.017094645020774887 0.012934448873981631 0.0033186367470073256 0.018598294588805658 -0.04388466166468144 -0.036375561815365755 -0.028973888722160737 0.031339894567623809 0.02211828703693915 -0.045761016118426617 -0.041465819033783505 -0.028944220238338467 0.015812313725628881 -0.0091339334976351574 -0.042061967014373453 -0.0048737158781626856 0.00087285771486569907
leaf_weight=5619.1474484466016 1.7050401866435985 2.8148092925548553 1.6143600530922415 2.093438028357923 1.6660014023073006 1.0716497912071625 1.7765693305991579 6.304903104901312 2.955077103106305 8.4207357913255674 2.4761969894170761 41.984452784061432 15.148199924267827 19.013110759202391 46.628596493508667 6.4263695925474149 9.8200349360704404 7.6635212302207947 4.2166274935007086 21.348070859909058 4.8378314524889054 12.897045403718947 3.9496286064386359 9.2001248768065107 4.2372001558542234 4.8623277097940445 60.923529595136642 1.6481324434280393 4.6744468882679939 117.14579862589017
leaf_count=25632 8 14 10 41 21 79 55 51 17 40 18 217 114 109 218 29 47 38 21 105 23 58 20 103 20 23 284 8 40 537
internal_value=2.52619e-06 0.011344 0.0267912 0.00777265 -1.29219e-05 -0.00155769 -0.0234426 -0.000880627 0.0226402 -0.00149178 -0.0279149 -0.000896116 0.0103111 0.00420504 -0.00227165 6.65586e-05 -0.0029041 -0.0223553 -0.00818314 -0.0136055 0.0016285 0.00683409 -0.00418627 -0.0323206 0.00759536 -0.00502859 -0.00144545 0.00214748 0.0148279 -0.0025508
internal_weight=6048.67 8.22765 6.52261 3.7078 6040.44 421.296 12.6427 408.653 10.3493 398.304 8.7811 389.523 42.582 34.1613 346.941 248.608 201.979 14.0899 98.3332 63.3325 35.0007 30.784 17.887 10.9767 13.9374 9.09953 187.889 7.39423 5.7461 178.069
internal_count=28000 73 65 51 27927 2295 179 2116 144 1972 69 1903 263 223 1640 1153 935 67 487 322 165 144 86 158 66 43 868 127 119 821
is_linear=0
shrinkage=0.05


Tree=162
num_leaves=31
num_cat=0
split_feature=38 39 38 41 0 0 39 39 39 38 39 38 39 41 39 39 38 39 10 38 6 39 39 38 38 0 40 10 0 38
split_gain=0.427346 6.28117 2.94212 2.9086 1.7288 2.81494 2.29033 2.04422 1.77971 2.73306 1.82946 1.70446 2.20779 1.61571 2.65693 2.4463 2.23884 2.50187 1.54594 1.48364 1.44294 1.4348 1.76169 2.04702 1.92001 1.4273 1.3469 1.56088 3.90602 3.83434
threshold=3.4729297375596802 2.9691539917456269 3.508985020136778 0.28102564102564109 24.500000000000004 23.500000000000004 3.1405091665761229 3.2203127661787532 3.0232263396109507 3.4842291702451242 2.8458951406467268 3.4549046278596376 3.0780788756308879 0.26006441223832533 3.0850088017388173 3.0850088017388173 3.3084829020490516 3.0780788756308879 5.5000000000000009 3.4086220332190753 1.5000000000000002 2.9161364536186212 2.8458951406467268 3.6467030064723334 3.5470132150399563 17.500000000000004 0.17519181585677754 1.0000000180025095e-35 18.500000000000004 3.3084829020490516
decision_type=2 2 2 2 2 2 2 2 2 2 2 2 2 2 2 2 2 2 2 2 2 2 2 2 2 2 2 2 2 2
left_child=1 18 3 4 5 7 -6 8 9 -2 -11 13 -13 15 19 16 -3 -18 20 -15 26 22 -4 24 -24 -23 27 -1 29 -29
right_child=2 11 21 -5 6 -7 -8 -9 -10 10 -12 12 -14 14 -16 -17 17 -19 -20 -21 -22 25 23 -25 -26 -27 -28 28 -30 -31
leaf_value=-0.0019750394240516471 0.0099844476670859841 0.032969288489480976 0.00056387293551011998 -0.039221065714882174 -0.0081218560565080849 -0.036245578116284448 0.033566170045011071 -0.025866058193483501 0.0046367025922348457 -0.0058125162354236634 -0.036009140487571971 -0.004720053813355763 0.032259838895887079 0.038361490099606849 -0.012437598560412664 0.021737662808889842 0.0054364586566909559 -0.029760069876145115 0.028301444554301981 0.0040911603371263303 -0.019026843206866515 -0.0098572310024518158 0.0070544270997624061 0.00041446024350044524 0.027911191358788681 -6.0013076219393369e-05 -0.021868241937149542 0.025090055878448522 0.037040671852378963 -0.011602229947879975
leaf_weight=376.08138726651669 9.8256260901689547 5.4335821270942679 126.84314640238881 7.1095412003342053 7.3141273353248817 8.3778228014707548 5.9953114837408066 10.901714488863943 38.047833129763603 9.2622732818126696 10.940579310059546 5.2789962887764004 17.143436148762703 4.8625622838735572 19.781554505228996 36.384121462702751 24.408563122153286 6.3657655715942374 4.301849699812009 9.0098723918199521 11.852774560451506 37.446252688765526 22.821017887443304 31.224755378440022 21.364597231149673 5129.8364256194327 7.8434429541230193 10.462716296315191 9.1697320342063886 22.285893023014069
leaf_count=1982 45 23 707 51 32 35 26 45 166 43 50 23 75 23 89 163 103 27 91 51 129 214 103 159 94 23217 41 48 42 103
internal_value=2.17837e-06 0.00130429 -0.000133485 -0.00831298 -0.00613008 -0.0086877 0.0106567 -0.00576442 -0.00254535 -0.0116454 -0.0221651 0.0110267 0.0235535 0.00838298 -0.000672701 0.0125812 0.00338025 -0.00184405 -0.00152596 0.0161036 -0.00181912 3.06901e-05 0.00416193 0.010214 0.0171391 -0.000131012 -0.00134017 -0.000954973 0.00819682 0.000120435
internal_weight=6047.98 570.666 5477.31 107.775 100.665 87.3558 13.3094 78.978 68.0763 30.0285 20.2029 128.668 22.4224 106.246 33.654 72.592 36.2079 30.7743 441.998 13.8724 437.696 5369.54 202.254 75.4104 44.1856 5167.28 425.843 418 41.9183 32.7486
internal_count=28000 3013 24987 493 442 384 58 349 304 138 93 577 98 479 163 316 153 130 2436 74 2345 24494 1063 356 197 23431 2216 2175 193 151
is_linear=0
shrinkage=0.05


Tree=163
num_leaves=31
num_cat=0
split_feature=36 39 38 11 40 39 39 39 38 39 41 39 39 41 41 6 38 38 39 39 39 41 11 38 39 1 39 39 39 39
split_gain=0.420904 1.22543 1.03606 0.420984 1.24134 1.15516 2.99281 2.77394 2.28992 1.40522 2.72277 2.20754 1.22806 1.21948 2.39257 1.60822 1.91057 2.60941 4.92651 6.98914 2.127 1.71813 1.25182 1.67056 1.64912 2.74081 1.165 1.05558 1.0191 0.98971
threshold=1.0000000180025095e-35 3.3920199341727337 3.8175083389536781 28.500000000000004 0.025657894736842109 3.622696642244505 3.4324466276812697 3.6254072918469564 3.9576176145808422 3.5219916518807821 0.14670014347202298 3.4844403611550336 3.3372426412558736 0.18834459459459463 0.16823899371069184 1.5000000000000002 4.1275228043742151 4.0906847176827297 3.833320691584952 3.7842637325256843 3.9107409774580582 0.14160401002506268 31.500000000000004 3.9842089422158389 3.7491349371179044 26.500000000000004 3.885005894457811 3.6901884542810257 3.7279601565798166 3.7962017251771987
decision_type=2 2 2 2 2 2 2 2 2 2 2 2 2 2 2 2 2 2 2 2 2 2 2 2 2 2 2 2 2 2
left_child=3 -2 -3 -1 5 6 12 -7 9 11 -11 -8 -5 14 15 16 17 18 19 22 -18 -20 24 -24 25 27 -16 -9 -25 -15
right_child=1 2 -4 4 -6 7 8 13 -10 10 -12 -13 -14 29 26 -17 20 -19 21 -21 -22 -23 23 28 -26 -27 -28 -29 -30 -31
leaf_value=-7.6989173414475113e-05 -0.015547542202341653 0.0018771277352431449 0.056504741166900102 0.0063142742521398974 0.029291637283581525 -0.046043627040004809 0.039194270226123804 0.0065594237850742452 -0.005321377411236259 0.01930042214019119 0.074063980572160695 -0.012241040516762676 -0.025562124046638147 0.0033325750336014727 0.013161833043244682 -0.022429370566405593 0.039837714691175002 -0.028124971129246674 0.016558768275771761 -0.055167713910866549 0.0032501129950267163 0.067485744501195405 -0.02606368311610471 0.026652049993198847 0.035485240977235565 0.036146965930899382 0.047318590637227945 -0.021758492769824903 -0.011551170487227846 -0.031912629821718753
leaf_weight=5893.1895368916448 2.2166083455085746 1.5769301280379298 1.9305849983356891 5.6465422511100751 4.2382930777966967 3.280639946460723 4.2908851020038181 6.2664426565170341 6.6647410690784445 5.3706617727875692 3.9309631362557411 4.059718944132328 6.49931500852108 3.3299102652817947 8.819106135517357 7.7848801016807547 6.0675570070743587 8.7331390753388387 3.3625366427004328 5.9102077186107627 11.502999402582644 3.2635563164949417 6.8387912604957801 3.7095973268151283 5.1453910917043677 4.7016171663999549 3.4820503499358884 6.9304261207580566 3.2972797602415085 4.9566950388252735
leaf_count=27041 11 11 35 34 66 15 24 28 32 34 20 20 31 27 51 32 41 47 26 32 102 18 37 21 24 25 32 30 21 32
internal_value=2.01464e-06 0.013554 0.0319449 -1.08259e-05 0.00262223 0.00183644 0.00952569 -0.000774522 0.0196495 0.0290774 0.0424441 0.0141885 -0.010743 0.000652073 0.00224354 -0.000788788 0.00143583 -0.00292936 0.00152249 -0.00468864 0.0158847 0.0416419 0.0033988 -0.00848375 0.0105383 0.00336664 0.0228305 -0.00831192 0.00867447 -0.0177496
internal_weight=6047 5.72412 3.50752 6041.27 148.084 143.846 36.4628 107.383 24.317 17.6522 9.30162 8.3506 12.1459 104.102 95.8156 83.5144 75.7295 58.159 49.4258 42.7998 17.5706 6.62609 36.8895 13.8457 23.0439 17.8985 12.3012 13.1969 7.00688 8.28661
internal_count=28000 57 46 27943 902 836 195 641 130 98 54 44 65 626 567 484 452 309 262 218 143 44 186 79 107 83 83 58 42 59
is_linear=0
shrinkage=0.05


Tree=164
num_leaves=31
num_cat=0
split_feature=38 40 11 12 39 41 41 38 39 41 38 38 41 39 12 11 39 38 39 38 38 0 39 0 39 39 12 11 39 39
split_gain=0.434546 2.51937 1.94985 0.692888 0.99403 2.00578 3.70746 1.88585 2.77041 3.1102 2.54856 1.75999 1.14103 0.996897 0.79488 1.64215 2.07393 1.13956 0.741719 0.707665 0.676683 3.6008 3.77556 3.30699 2.74731 2.33351 2.36947 2.32037 2.16655 2.04303
threshold=4.3946488582442438 0.18301435406698566 28.500000000000004 8.5000000000000018 4.0548094206516554 0.16172624237140368 0.15075757575757578 4.2810611664964666 3.8826912842789354 0.17573529411764707 4.2962191586973182 4.2543605575584804 0.19292803970223329 3.892566011853154 7.5000000000000009 26.500000000000004 3.6663968066274761 3.9954766092749705 3.9482810599910683 4.2654321889523965 4.2165949164547696 28.500000000000004 3.9699956519455788 34.500000000000007 3.9699956519455788 3.9330737427042401 5.5000000000000009 31.500000000000004 3.9482810599910683 3.8801830805460158
decision_type=2 2 2 2 2 2 2 2 2 2 2 2 2 2 2 2 2 2 2 2 2 2 2 2 2 2 2 2 2 2
left_child=3 2 -2 4 7 6 -6 11 -9 -10 -11 14 -7 -13 20 16 -16 -17 -5 -15 24 -22 29 -24 25 -1 -27 -26 -28 -23
right_child=1 -3 -4 18 5 12 -8 8 9 10 -12 13 -14 19 15 17 -18 -19 -20 -21 21 22 23 -25 27 26 28 -29 -30 -31
leaf_value=3.8490039825656125e-05 -0.067228456700019298 0.052266523712884795 0.0041206992411563842 0.03375505527806389 0.032777777061397825 0.0549845343861926 -0.061871668761591336 0.033452021551097715 -0.086219526961902979 -0.055610318091694366 0.032010416930185984 -0.0020122216117882587 0.011853790688019335 0.060351931891793442 -0.058293742856554226 0.029941736830563712 -0.002627410973862895 -0.012851441278193071 -0.0025120400134821062 0.020576814586656111 -0.052211672424686932 -0.0034110035846363143 -0.057248367424173753 0.029546090735899436 0.040246601534511317 -0.0037772374900017208 -0.068857728661729609 -0.024264697725754042 -0.012505769387317588 0.060924856000694555
leaf_weight=5958.0584210006054 2.0465109050273891 1.0901701764669267 1.7995647676289079 3.1345847435295573 2.2223460585810226 3.1065367322880775 1.9358700460288671 1.5571148470044125 2.3257835973054171 1.623649448156357 1.6975620989687739 2.1903781145811072 3.0281713060103357 2.0956415142863989 3.2478027120232564 2.7711269725114107 3.4511829074472189 3.5469848681241274 2.5621018894016743 2.3977310745976865 3.8368551610037676 2.080298188608138 3.1391858486458659 1.6873638089746235 7.1946374732069653 11.105407746508719 3.4766992451623073 1.7288234531879423 3.3483391404151917 3.0331869791261852
leaf_count=27094 17 65 24 23 38 76 16 13 28 15 28 16 61 22 19 18 22 27 18 28 24 16 34 21 81 62 21 17 21 35
internal_value=2.18274e-06 -0.0148268 -0.0338444 1.42987e-05 -2.15131e-06 0.0155228 -0.0112866 -2.8671e-05 -0.0255953 -0.0418771 -0.010825 1.93264e-06 0.0336946 0.0256452 -2.65773e-05 -0.0123688 -0.0296156 0.00591767 0.0174438 0.0391273 2.0521e-07 -0.0110683 0.00481309 -0.026905 2.56841e-05 -1.57117e-05 -0.0180263 0.0277482 -0.0412117 0.0347514
internal_weight=6046.52 4.93625 3.84608 6041.58 6035.89 10.2929 4.15822 6025.59 7.20411 5.647 3.32121 6018.39 6.13471 6.68375 6011.71 13.0171 6.69899 6.31811 5.69669 4.49337 5998.69 13.7769 9.94003 4.82655 5984.91 5975.99 17.9304 8.92346 6.82504 5.11349
internal_count=28000 106 41 27894 27853 191 54 27662 84 71 43 27578 137 66 27512 86 41 45 41 50 27426 130 106 55 27296 27198 104 98 42 51
is_linear=0
shrinkage=0.05


Tree=165
num_leaves=31
num_cat=0
split_feature=10 40 40 40 38 38 39 38 38 39 41 39 38 38 38 39 38 41 38 38 39 38 38 38 39 38 38 11 38 38
split_gain=0.423214 1.44956 1.74931 1.62348 3.259 3.08388 2.17201 2.57381 2.29678 2.01606 3.625 1.71961 1.54682 1.51307 5.39135 4.4928 1.50294 3.76327 2.36508 1.71117 3.20751 2.1854 1.63784 4.90368 2.16802 1.84271 1.41673 4.22179 3.25079 2.5875
threshold=3.5000000000000004 0.10990338164251208 0.091966173361522213 0.096006144393241177 3.7483615029509889 3.7838244546904183 3.107674594476435 3.5837837983419667 3.6637018666367642 3.3510810516731371 0.19538706256627789 2.9201119644709261 3.7842761036880259 3.4549046278596376 3.4693760755761058 2.6435987411598707 3.9691044588670015 0.22967032967032971 3.572450355046128 3.7085114564352462 3.4534939707360945 3.9315723663202506 3.8331702983031941 3.8797789142116303 3.2867626206524796 3.7085114564352462 4.0486562361027003 16.500000000000004 4.0561096504339895 4.1066632247880905
decision_type=2 2 2 2 2 2 2 2 2 2 2 2 2 2 2 2 2 2 2 2 2 2 2 2 2 2 2 2 2 2
left_child=1 2 -1 4 -4 6 11 -8 -9 -7 -11 -5 -6 15 -15 -3 17 19 -19 -16 -21 -22 24 -24 25 -20 27 -2 -28 -30
right_child=26 13 3 5 12 9 7 8 -10 10 -12 -13 -14 14 16 -17 -18 18 22 20 21 -23 23 -25 -26 -27 28 -29 29 -31
leaf_value=-5.0785254056216585e-05 0.0029776704821816366 -0.013430053748196173 -0.012861925307656839 0.018479806057856867 0.054772890241048783 -0.021230414527462379 0.047164825051732667 -0.011644413274932555 0.028629351331506438 -0.025835028688743766 0.027541851745039606 -0.01785210201277437 0.02058428361089536 -0.080136622774520203 0.0065831863960376536 0.041735686131169292 0.0077044644095946762 -0.020360541665070085 0.0064502457018877669 -0.054709450037284828 0.0024187715326534184 -0.039158699798027219 -0.060378470193616973 0.0034328173817917483 0.026622592377584148 -0.014388892506496918 -0.044342885194173245 0.048568439781123386 0.027417824682101605 -0.0077369352607184697
leaf_weight=5624.4685190501623 136.4380223613698 8.6133390441536886 6.3200272023677853 5.5344977974891645 4.3659205287694958 15.82246780395508 7.1737310886383083 6.4490375667810422 7.8483175970613956 5.4536723084747774 7.632430374622345 7.9136700928211212 13.65838088095188 2.4400881230831137 3.7527611479163197 6.4580151736736289 19.489557132124901 15.682816147804258 37.733900256454945 8.1261914670467394 7.6788312941789609 5.371205598115921 4.1152767837047568 11.216820508241652 9.436864607036112 14.756663374602793 4.8781122853979459 5.2741720424965015 6.5820165360346428 25.561533794272691
leaf_count=25123 1097 44 27 23 18 67 31 28 34 38 75 33 65 13 17 27 95 68 160 38 33 23 19 55 50 64 31 54 84 466
internal_value=2.37564e-06 -7.06346e-05 5.8764e-05 0.00704687 0.0180327 0.0028568 0.0128567 0.0227257 0.0104633 -0.00922225 0.00529688 -0.00289996 0.0288656 -0.00484365 -0.00646633 0.0102082 -0.00515764 -0.00728434 -0.0026574 -0.0245349 -0.0300495 -0.0146939 0.000936142 -0.0136947 0.00455848 0.000591742 0.00239917 0.00467444 -0.00631017 -0.000538315
internal_weight=6046.25 5867.51 5712.64 88.1722 24.3443 63.8278 34.9193 21.4711 14.2974 28.9086 13.0861 13.4482 18.0243 154.872 139.801 15.0714 137.361 117.871 92.9423 24.929 21.1762 13.05 77.2595 15.3321 61.9274 52.4906 178.734 141.712 37.0217 32.1436
internal_count=28000 26268 25562 439 110 329 149 93 62 180 113 56 83 706 635 71 622 527 416 111 94 56 348 74 274 224 1732 1151 581 550
is_linear=0
shrinkage=0.05


Tree=166
num_leaves=31
num_cat=0
split_feature=38 39 38 38 7 39 11 0 0 39 41 11 39 38 0 41 39 41 38 38 39 39 39 39 39 39 38 39 0 0
split_gain=0.413674 1.65914 1.79719 2.14422 1.92185 2.45918 3.0921 2.35905 2.56038 2.34867 3.46165 2.45271 2.23532 5.89323 2.62786 2.02564 2.25045 1.56636 4.05768 3.0643 6.81632 9.16039 3.73675 3.30086 6.83599 2.70861 2.67956 2.502 2.3941 2.32634
threshold=4.030877617342794 3.8768917467430883 3.9689600969190457 3.9666579022354393 1.5000000000000002 3.6836992761039777 27.500000000000004 32.500000000000007 34.500000000000007 3.7201521494487664 0.22653958944281527 26.500000000000004 3.7838244546904183 3.9842089422158389 30.500000000000004 0.20550527903469082 3.6407368646986655 0.17573529411764707 3.9576176145808422 3.8334664053372731 3.591483651618089 3.385224931152861 3.085551857534758 3.4200248278151633 3.4324466276812697 3.3929372919485519 3.8426141429928031 3.5725465613326506 33.500000000000007 29.500000000000004
decision_type=2 2 2 2 2 2 2 2 2 2 2 2 2 2 2 2 2 2 2 2 2 2 2 2 2 2 2 2 2 2
left_child=1 2 3 17 5 7 9 -4 -9 10 -7 12 13 -11 -14 -6 -17 18 19 20 21 22 -1 25 -25 -23 -21 28 -26 -24
right_child=-2 -3 4 -5 15 6 -8 8 -10 11 -12 -13 14 -15 -16 16 -18 -19 -20 26 -22 23 29 24 27 -27 -28 -29 -30 -31
leaf_value=-0.026739798078789796 0.0013528649061514779 0.025698000731534137 -0.00025056671091455398 0.016417241234228479 -0.017680435370387545 -0.017170688790489236 0.0061192156655607531 -0.04264344551305474 0.00067809677934986112 0.038863882392889772 -0.064589336424816762 -0.037092733397336736 -0.02195781872400264 -0.0077828158353053928 0.019564437453940882 0.00028048896551512002 0.050504807140912766 -0.00018427401978810828 -0.030876892450911644 0.037347722600794782 0.040455413584139545 -0.0073530468687485057 0.027596185915660681 0.040100706163381968 -0.016315476304363499 -0.052240591903897349 0.0072964226751441111 -0.049273796817553728 0.020169998936555147 0.0065843394187489433
leaf_weight=6.2150436798110595 518.34686339111067 6.2135808337479821 290.61949266772717 20.094148796051741 3.2261209450662127 18.626041390001777 26.375184550881386 6.9943091273307783 6.6566216051578522 8.2158332448452693 4.8512380570173255 7.2083486765623084 29.055783726274967 38.501625679433346 4.3856303989887229 3.9753239322453719 5.0813006516546011 4709.3727800343186 8.4472543299198133 7.749506543390452 9.2469452023506147 5.1277539730072013 20.469694728963077 6.014344658702611 44.296004831790924 9.7526513785123807 173.31624084059149 5.1388302594423285 5.0040932372212401 36.954780712258071
leaf_count=41 3090 41 1284 95 27 79 133 30 31 39 22 31 130 176 22 27 35 21200 38 37 42 22 85 27 185 41 766 22 28 174
internal_value=2.27476e-06 -0.000124385 -0.000153447 0.000116509 -0.003168 -0.00371075 -0.00926757 -0.00120474 -0.0215185 -0.0129288 -0.0269691 -0.00915593 -0.0066437 0.000420573 -0.0165124 0.0163405 0.0284593 5.1611e-05 0.00334081 0.0042186 -0.00111246 -0.00387828 0.0100884 -0.0156769 -0.0104843 -0.0367724 0.0085826 -0.0160728 -0.0126121 0.0140743
internal_weight=6045.53 5527.19 5520.97 5067.2 453.773 441.49 137.22 304.27 13.6509 110.845 23.4773 87.3672 80.1589 46.7175 33.4414 12.2827 9.05662 5047.11 337.733 329.286 148.22 138.973 63.6395 75.3337 60.4533 14.8804 181.066 54.4389 49.3001 57.4245
internal_count=28000 24910 24869 22803 2066 1977 632 1345 61 499 101 398 367 215 152 89 62 22708 1508 1470 667 625 300 325 262 63 803 235 213 259
is_linear=0
shrinkage=0.05


Tree=167
num_leaves=31
num_cat=0
split_feature=38 39 38 41 0 39 39 39 0 39 38 39 38 39 41 39 39 38 39 10 6 38 38 39 39 38 38 0 39 0
split_gain=0.395065 5.62363 2.66776 2.69641 1.56553 2.53316 2.08395 1.89322 1.66092 1.61061 2.48605 1.68543 1.54466 1.99613 1.49655 2.40035 2.21941 2.01669 2.27299 1.40759 1.32813 1.32116 1.30212 1.29877 1.57759 1.83618 1.71037 1.30124 1.28054 1.8181
threshold=3.4729297375596802 2.9691539917456269 3.508985020136778 0.28102564102564109 24.500000000000004 3.1893099855025779 3.0983559703478538 3.2731275256415033 23.500000000000004 3.0232263396109507 3.4842291702451242 2.8458951406467268 3.4549046278596376 3.0780788756308879 0.26006441223832533 3.0850088017388173 3.0850088017388173 3.3084829020490516 3.0780788756308879 5.5000000000000009 1.5000000000000002 3.4086220332190753 3.4301826802983593 2.9161364536186212 2.8458951406467268 3.6467030064723334 3.5470132150399563 17.500000000000004 2.8251996464786377 21.500000000000004
decision_type=2 2 2 2 2 2 2 2 2 2 2 2 2 2 2 2 2 2 2 2 2 2 2 2 2 2 2 2 2 2
left_child=1 19 3 4 5 8 -6 -7 9 10 -2 -12 14 -14 16 21 17 -3 -19 20 -1 -16 -21 24 28 26 -26 -25 29 -4
right_child=2 12 23 -5 6 7 -8 -9 -10 -11 11 -13 13 -15 15 -17 -18 18 -20 22 -22 -23 -24 27 25 -27 -28 -29 -30 -31
leaf_value=-0.0012459964241469425 0.0094498538242941514 0.031357224537408003 0.00077838085976633718 -0.037927131650665427 -0.011943998246710098 -0.045661356751142058 0.027919686426251679 -0.0072965595673421249 -0.029299324944740301 0.0043915342468969143 -0.0055446110833588585 -0.034621111172333109 -0.0044720142061425629 0.030710986765292166 0.036010951022526154 -0.011970997741685576 0.020729873821482291 0.0051903621830807619 -0.028441615926862552 0.0047805573723713503 -0.018336562936089335 0.0037777240226016685 0.061513901944203489 -0.0094350930992835903 0.0067018626230274866 0.00039034374501994615 0.026356251283318411 -5.809546060777415e-05 -0.010375307432928318 0.02371007270708296
leaf_weight=425.35510049387813 9.8570437729358691 5.4163001477718344 95.187005661427975 7.0012026017066082 5.9116382095962745 7.2344988286495191 7.3604479134082794 5.7887958288192749 6.2822854667901984 38.080798827111721 9.2469791173934954 10.810277655720709 5.2771105170249966 17.079031899571419 4.907268449664115 19.753767117857933 36.28622405230999 24.408354803919796 6.3258008211851111 2.5485223452560595 11.679742891341446 9.0262619256973249 1.6768234905321149 37.266153439879417 22.85582884773612 31.223829234018922 21.464153693988919 5127.7761731068604 22.137343568960205 9.5066692493855935
leaf_count=2216 45 23 493 51 26 30 32 24 26 166 43 50 23 75 23 89 163 103 27 61 129 51 30 214 103 159 94 23217 111 103
internal_value=2.34847e-06 0.0012554 -0.000128047 -0.00792421 -0.00583561 -0.00826793 0.0101636 -0.0286084 -0.00470158 -0.00242891 -0.0111113 -0.021216 0.0104614 0.0224061 0.00794508 -0.000761657 0.0119942 0.00322575 -0.00173188 -0.00142507 -0.00170274 0.01513 0.0272951 2.82041e-05 0.00395747 0.00967755 0.0162205 -0.000125751 0.000550448 0.00286068
internal_weight=6044.73 569.74 5474.99 107.574 100.573 87.3007 13.2721 13.0233 74.2774 67.9951 29.9143 20.0573 128.48 22.3561 106.124 33.6873 72.4367 36.1505 30.7342 441.26 437.035 13.9335 4.22535 5367.42 202.375 75.5438 44.32 5165.04 126.831 104.694
internal_count=28000 3013 24987 493 442 384 58 54 330 304 138 93 577 98 479 163 316 153 130 2436 2345 74 91 24494 1063 356 197 23431 707 596
is_linear=0
shrinkage=0.05


Tree=168
num_leaves=31
num_cat=0
split_feature=7 38 39 39 38 38 38 38 38 41 38 39 39 38 39 39 41 39 39 38 38 39 38 38 38 39 39 39 41 7
split_gain=0.402853 1.21367 2.74885 2.38822 2.0152 4.56829 2.67872 2.17562 2.41676 2.38037 5.98804 2.19245 1.98713 1.95753 1.85249 2.5275 2.83755 3.75844 2.07942 1.84156 2.23806 1.80481 1.67152 3.62355 3.2631 3.0455 2.83725 3.54282 2.76069 2.6689
threshold=1.0000000180025095e-35 3.6467030064723334 3.2408350000536879 3.2526449285380048 3.7543026367411141 3.7547497328258266 3.7529533538348692 3.7469261921013279 3.7193351740411753 0.26006441223832533 3.657326753133785 3.3929372919485519 3.3215162127329263 3.6901884542810257 3.0276910321408108 2.9321041277738069 0.28102564102564109 2.7237043259426157 3.0850088017388173 3.6185302986066428 3.6420882860777777 3.3238656213382543 3.8101126321183503 3.8426141429928031 3.8038690757349274 3.4661523962860348 3.2731275256415033 3.2360563169422236 0.267948717948718 1.5000000000000002
decision_type=2 2 2 2 2 2 2 2 2 2 2 2 2 2 2 2 2 2 2 2 2 2 2 2 2 2 2 2 2 2
left_child=-1 2 14 -4 6 -6 7 8 9 10 -3 13 -9 -12 15 16 -2 -18 -16 21 -21 -5 24 25 29 -24 27 -25 -28 -7
right_child=1 4 3 19 5 22 -8 12 -10 -11 11 -13 -14 -15 18 -17 17 -19 -20 20 -22 -23 23 26 -26 -27 28 -29 -30 -31
leaf_value=-0.00015738503375113322 0.038348667075817224 -0.041319532709372303 0.049124244091898334 -0.026398750438972707 0.034068186110219514 -0.0062390835504609358 -0.038709866557838556 -0.0092858716845816962 -0.018561076870550471 -0.0095311055577941943 0.052250883705908184 0.00024919731356122364 0.034540963457645672 0.015094257678696163 -0.034951501097050239 0.029796066994794253 0.023533544780025437 -0.027005201518557051 -0.0016099720558766296 0.053265672270965875 0.0090284363721832069 0.01531103021997937 0.0020361942623466139 -0.0032651627315468329 -0.046682121882615037 0.030657490211309216 0.0014952509224465671 0.05227734623708237 -0.010477270421133514 0.032481039993303873
leaf_weight=5242.7308056047186 3.8453756775707069 4.6815298125147846 5.4587466455996063 4.6297882646322268 10.549830133095382 62.120446120388806 5.9014714574441305 4.2874112613499147 28.810382274910808 35.832780368626118 6.7463694177567977 8.1893168091773969 6.5186750963330269 7.4690449507907033 5.4006255790591231 10.731191435828803 5.6411367580294636 10.574952401220797 34.872012702748179 4.553625136613844 7.6834372282028198 5.8970017358660698 17.907369793858379 5.5956492125987989 4.6727977693080893 19.323994487524033 407.91512662544847 5.8963554203510284 54.592874201014638 4.7938289865851393
leaf_count=23572 17 21 26 20 46 276 27 19 127 159 32 37 30 35 24 50 29 54 151 21 34 28 83 24 21 98 2631 25 258 25
internal_value=2.18459e-06 0.00104648 0.00622063 0.0194223 0.000314471 0.00145984 -0.00595303 -0.00406769 -0.00656749 -0.00107567 0.0101101 0.0208565 0.0171523 0.0327281 0.000977786 0.0102099 -0.000267066 -0.00942415 -0.00608112 0.0122998 0.0254899 -0.00303335 0.000869588 0.00187159 -0.00628608 0.0168914 0.000691828 0.0252328 8.20551e-05 -0.00346512
internal_weight=6043.82 801.093 99.2879 28.2226 701.805 593.368 108.437 102.536 91.7294 62.919 27.0863 22.4047 10.8061 14.2154 71.0653 30.7927 20.0615 16.2161 40.2726 22.7639 12.2371 10.5268 582.818 511.231 71.5871 37.2314 474 11.492 462.508 66.9143
internal_count=28000 4428 454 129 3974 3487 487 460 411 284 125 104 49 67 325 150 100 83 175 103 55 48 3441 3119 322 181 2938 49 2889 301
is_linear=0
shrinkage=0.05


Tree=169
num_leaves=31
num_cat=0
split_feature=28 38 38 39 38 7 11 40 11 11 41 39 38 38 11 38 39 41 41 38 11 0 39 11 11 41 7 41 39 41
split_gain=0.387353 2.72346 1.13483 3.87142 0.384422 2.08193 2.3581 3.25392 0.648103 1.20076 1.10301 0.906108 3.01445 1.72325 2.97487 1.4155 1.16835 1.13922 3.89031 1.94929 2.46633 1.71823 0.856826 2.71882 2.79941 2.56602 1.71812 1.6367 1.05557 5.07671
threshold=1.0000000180025095e-35 3.7469261921013279 3.879456487392646 3.6309005040087921 4.3946488582442438 3.5000000000000004 28.500000000000004 0.18301435406698566 39.500000000000007 36.500000000000007 0.15075757575757578 4.004625174399993 4.2103158478384133 4.2810611664964666 21.500000000000004 4.2543605575584804 3.892566011853154 0.16172624237140368 0.15075757575757578 4.2654321889523965 17.500000000000004 40.500000000000007 3.9330737427042401 23.500000000000004 27.500000000000004 0.14434523809523811 1.0000000180025095e-35 0.19139194139194141 3.9022431950643792 0.20550527903469082
decision_type=2 2 2 2 2 2 2 2 2 2 2 2 2 2 2 2 2 2 2 2 2 2 2 2 2 2 2 2 2 2
left_child=4 -2 -3 -4 8 6 7 -6 9 11 -10 13 -13 15 -15 22 -17 18 -14 -19 -21 -22 28 27 26 -26 -25 -24 -1 -30
right_child=1 2 3 -5 5 -7 -8 -9 10 -11 -12 12 17 14 -16 16 -18 19 -20 20 21 -23 23 24 25 -27 -28 -29 29 -31
leaf_value=-3.2813528713471095e-05 -0.045084430053547855 0.049916693231571184 -0.048986446083247162 0.054531692025981016 -0.065226259714130694 -0.080930332828307139 0.055176017807877009 0.052302354126607165 0.039626884743488168 -0.025320331388974604 -0.0095756706812042802 0.046521055237786234 0.020034485811830871 0.017869257877729108 -0.059696831061311309 -0.0019281612745542015 0.045904992736927802 -0.015372056835961294 -0.069443000830532731 -0.046247415821693449 0.056063995960764126 -0.016693758614939932 -0.0033774256251358492 0.0060668286618840014 0.021119000233318617 -0.029013148269880273 0.056845359827704382 -0.048140847167852552 -0.0034319423296133088 0.046086847053649231
leaf_weight=5936.6979243690148 1.7143401801586131 2.7788676023483276 1.6553822420537474 1.9876737957820294 1.7553288843482726 0.93963065557181824 1.363205845467746 0.88627705210819829 2.6709969118237487 4.6843617204576722 1.9859794750809667 4.5260465196333852 2.7329007457010439 2.0499557787552467 3.1137111838907003 2.1908211112022391 3.0592445184011012 4.5462484764866513 2.186818937305361 0.94530827738344658 4.1003874470479786 1.0116541720926759 3.2218135106377321 3.9608302488923099 3.7660909965634328 7.9211597740650177 2.8749925717711449 5.5765207996591926 19.028939314885069 7.1096865129657081
leaf_count=26947 8 14 10 41 15 6 27 57 37 45 12 62 36 26 22 16 33 58 17 32 90 12 30 23 28 54 32 35 111 64
internal_value=2.1788e-06 0.0109045 0.0258508 0.00749369 -1.25197e-05 -0.0139485 0.00176715 -0.0257946 -1.09249e-06 -1.55036e-05 0.0186443 4.1849e-06 0.0106159 -3.12714e-05 -0.0289034 -6.4047e-06 0.0259445 0.000147232 -0.0197383 0.00937347 0.0279458 0.0416655 -2.91493e-05 -0.00886345 0.00200712 -0.0128586 0.0274231 -0.0317492 1.1329e-05 0.0100371
internal_weight=6043.04 8.13626 6.42192 3.64306 6034.91 4.94444 4.00481 2.64161 6029.96 6025.31 4.65698 6020.62 20.0494 6000.57 5.16367 5995.41 5.25007 15.5233 4.91972 10.6036 6.05735 5.11204 5990.16 27.3214 18.5231 11.6873 6.83582 8.79833 5962.84 26.1386
internal_count=28000 73 65 51 27927 105 99 72 27822 27773 49 27728 307 27421 48 27373 49 245 53 192 134 102 27324 202 137 82 55 65 27122 175
is_linear=0
shrinkage=0.05


Tree=170
num_leaves=31
num_cat=0
split_feature=39 39 38 38 38 11 10 39 38 38 38 41 41 0 39 39 38 38 39 0 38 39 39 38 38 39 38 39 39 41
split_gain=0.377939 2.77296 4.4072 2.43872 3.33443 2.86805 5.77289 3.64402 2.71882 2.37446 2.68678 2.47945 2.40525 2.09617 6.56969 5.52966 5.45831 5.25793 4.98072 2.76805 5.29743 2.4001 3.15937 3.41495 2.32559 2.21034 1.98799 1.97766 1.83684 1.79899
threshold=3.4468509220561137 3.4324466276812697 3.8805927053651881 3.7965562610488228 3.7981269578727654 13.500000000000002 1.0000000180025095e-35 3.5375986596785869 3.7948710299710378 3.7888323397754475 3.7842761036880259 0.22653958944281527 0.27097902097902099 28.500000000000004 3.3929372919485519 3.4105065644434074 3.8694540037139569 3.7533304062081481 3.0391486719030718 29.500000000000004 3.7130633111196718 3.1564536459234782 3.2778374513259747 3.7547497328258266 3.8287448374091375 3.3816002981289501 3.6185302986066428 3.5465164544829775 3.5772185880117249 0.21680376028202117
decision_type=2 2 2 2 2 2 2 2 2 2 2 2 2 2 2 2 2 2 2 2 2 2 2 2 2 2 2 2 2 2
left_child=1 13 -3 5 -5 -2 7 8 26 10 11 -9 28 -1 18 24 17 -17 -15 20 -20 -21 23 -23 -16 -22 -7 29 -13 -8
right_child=3 2 -4 4 -6 6 27 9 -10 -11 -12 12 -14 14 15 16 -18 -19 19 21 25 22 -24 -25 -26 -27 -28 -29 -30 -31
leaf_value=-0.0004258018928385673 0.040903074941349274 -0.032179785829872791 0.017628890509960273 -0.029137899654768804 5.2672582888261407e-06 0.029661626291767048 -0.026502232488286027 0.022206824526966255 0.025621408727936529 -0.012422876477515273 0.042195913715282161 0.0065970420405467292 0.031601298870362851 -0.041580734524465979 -0.053017615310188698 -0.022398272756646014 -0.039873327031763522 0.045870477733561663 0.054174075856163011 0.041094979016809516 0.0011295111360915936 -0.024036280904070503 0.013626582718100914 0.025305633977053568 -0.013498263866572883 0.033183727067572465 -3.0815348601067828e-05 -0.0435399568982461 -0.023316450345303184 0.0084868264462168025
leaf_weight=3626.3375537737738 5.3540104539133599 15.664874494075777 6.198436207138001 9.864830728620289 1940.8346856685821 5.8137020319700232 8.1854627132415789 37.208072565495968 11.778004094958304 7.26864069700241 9.6028484404087049 12.895000874996191 5.5597456246614447 4.1076080072671166 8.4782252535223943 4.2516590654850033 4.7735072467476121 8.3782073557376844 11.222835056483744 5.0909021645784369 15.249668856617063 13.911692038178446 37.312756153056398 4.6884491974487892 6.6367683857679358 8.3080985844135284 185.65779088810086 6.6898789405822745 8.5243652164936048 6.6650245934724799
leaf_count=16532 32 65 30 43 9383 25 34 166 49 32 39 55 26 30 36 18 21 38 48 28 68 65 175 23 29 34 775 30 38 33
internal_value=2.41198e-06 -0.000303452 -0.0180586 0.000513642 -0.000142112 0.00462408 0.003989 0.0058798 0.00230501 0.0148434 0.0175292 0.0138389 0.0022983 -0.000200176 0.00597906 -0.0135411 0.00567401 0.0228888 0.0123335 0.0146456 0.0259025 0.0082276 0.005235 -0.0115989 -0.0356653 0.012434 0.000870744 -0.0209674 -0.00530777 -0.0107988
internal_weight=6042.51 3780.61 21.8633 2261.9 1950.7 311.203 305.849 284.308 203.249 81.0587 73.79 64.1872 26.9791 3758.75 132.41 32.5184 17.4034 12.6299 99.892 95.7844 34.7806 61.0038 55.9129 18.6001 15.115 23.5578 191.471 21.5404 21.4194 14.8505
internal_count=28000 17240 95 10760 9426 1334 1302 1205 849 356 324 285 119 17145 613 142 77 56 471 441 150 291 263 88 65 102 800 97 93 67
is_linear=0
shrinkage=0.05


Tree=171
num_leaves=31
num_cat=0
split_feature=38 39 38 41 41 39 41 39 11 38 11 39 38 39 39 11 41 41 39 38 38 38 38 38 39 41 39 39 39 38
split_gain=0.389005 2.49445 2.47106 3.94079 2.44564 2.31587 2.18163 8.29944 3.43681 2.47588 4.15589 2.42779 2.91901 2.15441 2.15264 2.90333 1.97454 2.01759 2.97976 2.71069 2.17223 1.84906 3.46073 1.82922 3.1058 1.81084 2.00783 1.78898 1.7614 1.5674
threshold=3.5842434495629507 3.23966092346532 3.657326753133785 0.26201372997711675 0.22967032967032971 3.3215162127329263 0.19538706256627789 3.3084829020490516 18.500000000000004 3.54641915521186 16.500000000000004 3.3238656213382543 3.4729297375596802 3.3293288462733837 3.3726053923572601 17.500000000000004 0.19538706256627789 0.17817460317460321 3.1294016334093855 3.6386136334145012 3.6239224456263801 3.6131080016936696 3.6239224456263801 3.6467030064723334 3.2935531298437213 0.30217391304347835 3.0079457296242302 3.3215162127329263 3.4057306562576288 3.5470132150399563
decision_type=2 2 2 2 2 2 2 2 2 2 2 2 2 2 2 2 2 2 2 2 2 2 2 2 2 2 2 2 2 2
left_child=1 29 3 4 14 25 7 -3 9 11 27 12 -8 -10 16 -16 17 -2 -19 20 -20 28 -23 -18 -25 26 -5 -11 -17 -1
right_child=2 6 -4 5 -6 -7 8 -9 13 10 -12 -13 -14 -15 15 21 23 18 19 -21 -22 22 -24 24 -26 -27 -28 -29 -30 -31
leaf_value=-0.00092605897238405349 0.0026073968770985974 0.026061806470841969 0.00021272934465166451 0.023506377550075151 -0.0093746519043485469 0.019894227846776261 0.016847035556998312 -0.056407752632007868 0.019686538282422686 0.015744568126585073 -0.022493736423446049 0.022298333948248185 -0.018545643309668076 0.061157317698352212 -0.020383486880337094 0.010027578822861387 0.00038416571949110223 0.012424204975844927 -0.028147735718014207 -0.050337448351083051 0.0091372337818093532 -0.020008048419177835 0.016550802294099221 -0.0270380439084318 0.017943382231273081 -0.027041498356080197 0.00030936594794694786 0.046585477738777706 0.052479094938850973 0.0034415037696892132
leaf_weight=888.67941440665163 13.753075992688535 6.5946965366601926 4205.9785333727486 10.820866492111234 204.86329308152199 21.872062250971794 7.8523373454809215 5.676817312836647 9.9276329427957517 37.335715711116791 6.7859406024217597 7.5304095596075049 22.572305262088776 4.5749126672744742 8.0373738110065442 4.837718799710272 138.14677966758609 5.7378889024257651 12.236798912286764 8.629633814096449 5.7382727414369574 8.8603599667549116 24.027123466134071 15.196811316534879 5.133906051516532 5.1701260758563867 67.629412956535816 5.3796061873435965 4.9372809231281281 267.17890008515678
leaf_count=4507 64 29 19241 53 920 96 34 24 44 154 28 32 94 22 33 20 578 23 49 35 23 36 101 63 21 52 309 24 21 1270
internal_value=2.45604e-06 0.000780105 -0.000204536 -0.00330729 -0.0053056 0.00540893 0.00782869 -0.0120887 0.0102259 0.00648771 0.0138543 -0.00311984 -0.0094111 0.0327687 -0.00204008 0.00718295 -0.00432585 -0.0134341 -0.0202554 -0.0273034 -0.0162451 0.0123763 0.00670132 -0.00167659 -0.0156793 0.0016201 0.00350899 0.0196287 0.0314695 8.35117e-05
internal_weight=6041.7 1270.09 4771.61 565.629 460.136 105.492 114.23 12.2715 101.959 87.4563 49.5013 37.9551 30.4246 14.5025 255.273 50.6999 204.573 46.0957 32.3426 26.6047 17.9751 42.6625 32.8875 158.477 20.3307 83.6204 78.4503 42.7153 9.775 1155.86
internal_count=28000 6262 21738 2497 1987 510 485 53 432 366 206 160 128 66 1067 211 856 194 130 107 72 178 137 662 84 414 362 178 41 5777
is_linear=0
shrinkage=0.05


Tree=172
num_leaves=31
num_cat=0
split_feature=38 39 38 41 40 0 39 0 0 39 39 39 39 10 38 38 6 38 39 40 40 39 39 39 38 41 38 39 0 38
split_gain=0.394921 5.02559 2.34249 2.43666 1.48952 1.67626 1.75232 1.39428 2.30758 1.89316 1.62691 1.47683 2.83033 1.29684 1.24584 1.23579 1.22074 1.28126 1.84596 1.19188 1.44494 1.18695 1.16484 1.43823 1.61173 1.47851 2.45007 1.22211 3.19725 1.6315
threshold=3.4729297375596802 2.9691539917456269 3.508985020136778 0.28102564102564109 0.09449404761904763 19.500000000000004 3.0850088017388173 24.500000000000004 23.500000000000004 3.1405091665761229 3.2203127661787532 2.922579761842492 2.8458951406467268 5.5000000000000009 3.4301826802983593 3.3084829020490516 1.5000000000000002 3.3084829020490516 2.5610525396418251 0.17519181585677754 0.14907407407407411 2.5895401961761713 2.9161364536186212 2.8458951406467268 3.6467030064723334 0.29520697167755999 3.5470132150399563 2.7452077649408166 19.500000000000004 3.572450355046128
decision_type=2 2 2 2 2 2 2 2 2 2 2 2 2 2 2 2 2 2 2 2 2 2 2 2 2 2 2 2 2 2
left_child=1 13 3 7 5 -3 15 8 10 -9 11 12 -2 16 -15 -7 19 -18 -19 20 -1 -21 23 27 25 26 -25 28 -4 -29
right_child=2 4 22 -5 -6 6 -8 9 -10 -11 -12 -13 -14 14 -16 -17 17 18 -20 21 -22 -23 -24 24 -26 -27 -28 29 -30 -31
leaf_value=-0.0010560738245748997 0.0032103097862267063 -0.0010282252688851906 -0.00057421852775743176 -0.036256631541512284 0.038217216493353925 0.028429263777372277 0.019245828876835815 -0.0073084101800370621 -0.032622357411380469 0.030756556336549442 -0.023108519923155296 0.0033816889308973448 -0.030682275167907502 0.0047276417616866784 0.060863833492960928 0.0025590007992423824 0.01955383386693918 0.018101459004988107 -0.036263508813395254 -0.042199187709168459 0.027298988209590459 -0.0029411402918435919 -0.00012761068553105942 0.0063473723176022973 0.00048737241194635975 -0.0099254476883136634 0.031318897568619872 -0.022410803113932079 0.02669400345938211 -0.0008401521616567746
leaf_weight=412.59832932054996 13.800999343395235 31.45790784060955 48.330736376345158 6.8683345098979762 4.5021884590387335 5.2006678432226172 46.015211492776871 7.3292681965976936 8.4354096651077253 5.8926635384559631 10.823405817151068 42.965289659798145 11.125447183847426 2.5489869611337772 1.614305992843583 41.074554398655891 1.9295223876833905 1.9645742736756782 7.6092066802084446 3.4814186990261069 4.5423758924007407 4.307739719748497 5162.1557785214391 20.00697448849678 31.216876092832536 5.1331694312393656 19.296375056728721 10.456077158451079 13.824796191416679 54.232808988075703
leaf_count=2155 64 150 235 51 20 22 210 32 35 26 45 188 52 61 30 175 19 18 92 20 20 21 23431 89 159 24 84 48 120 304
internal_value=2.39496e-06 0.00125626 -0.000127954 -0.00744492 0.00996703 0.00893924 0.0123367 -0.00547338 -0.00776873 0.00965613 -0.00510532 -0.00223522 -0.011917 -0.0012793 0.0264943 0.00546645 -0.00154425 -0.0176163 -0.0251076 -0.00110916 -0.000747307 -0.0204878 1.83135e-05 0.00373827 0.00919454 0.0153114 0.0186074 0.000484009 0.00549085 -0.00432675
internal_weight=6040.74 568.847 5471.89 107.241 128.251 123.748 92.2904 100.372 87.1506 13.2219 78.7151 67.8917 24.9264 440.596 4.16329 46.2752 436.433 11.5033 9.57378 424.93 417.141 7.78916 5364.65 202.498 75.6534 44.4365 39.3033 126.844 62.1555 64.6889
internal_count=28000 3013 24987 493 577 557 407 442 384 58 349 304 116 2436 91 197 2345 129 110 2216 2175 41 24494 1063 356 197 173 707 355 352
is_linear=0
shrinkage=0.05


Tree=173
num_leaves=31
num_cat=0
split_feature=36 41 38 39 38 41 38 39 11 39 39 38 39 1 39 39 39 1 39 38 39 41 1 38 38 39 1 39 1 41
split_gain=0.375805 1.23178 0.377524 4.7991 2.10951 2.24707 1.35173 1.77562 1.28422 2.30317 1.99546 1.41349 1.94962 1.26054 2.08114 1.73419 1.6817 1.31021 1.34539 2.2932 1.46142 1.20605 1.16136 1.07731 2.89362 1.31226 1.60017 1.06015 1.29778 3.36518
threshold=1.0000000180025095e-35 0.21913109756097562 3.4729297375596802 2.9691539917456269 3.508985020136778 0.28102564102564109 3.4549046278596376 3.0780788756308879 14.500000000000002 3.0937150727711624 3.0850088017388173 3.3084829020490516 3.0780788756308879 15.500000000000002 3.1893099855025779 3.0983559703478538 3.2731275256415033 14.500000000000002 3.0232263396109507 3.4842291702451242 2.8458951406467268 0.22653958944281527 14.500000000000002 3.4209799704839883 3.3950717311427439 3.2203127661787532 12.500000000000002 2.9161364536186212 12.500000000000002 0.26006441223832533
decision_type=2 2 2 2 2 2 2 2 2 2 2 2 2 2 2 2 2 2 2 2 2 2 2 2 2 2 2 2 2 2
left_child=2 -2 3 -1 5 13 8 -8 9 -5 11 -10 22 14 17 -15 -16 18 19 -4 -21 -20 -13 24 -12 26 -25 28 -6 -30
right_child=1 -3 4 6 27 -7 7 -9 10 -11 23 12 -14 15 16 -17 -18 -19 21 20 -22 -23 -24 25 -26 -27 -28 -29 29 -31
leaf_value=-0.0012599295086977858 -0.0057837425202387788 0.042164346047489129 0.0096219850431928568 0.015410477864430795 0.0020853325616839733 -0.034975271903275082 -0.0043686694334513351 0.028846329215152167 0.027078651143478488 -0.012169650531157108 0.005090953360076673 0.011895753569303082 -0.024854575150492508 -0.010854386913134039 -0.042063398390119904 0.025600230678448341 -0.0058144716442181457 -0.025927439724101747 0.023266531082877448 -0.0053562804557721541 -0.032558578557529132 -3.5997577908597266e-05 -0.012042508908555741 0.033820596851968865 0.046701982661120675 -0.0097108451241490912 4.500629119160724e-05 -0.00013783404359831437 0.0064942030257992382 0.058491446231604842
leaf_weight=439.9129904222209 3.4349846551194778 2.195655123796314 9.8439234793186206 12.666915446519853 178.62453424185514 6.7665971179958424 5.2769296020269421 16.941776037216187 5.1874009370803824 18.810737572610378 7.4258426278829601 18.423679500818256 6.7859579175710669 5.9291675221174938 7.1680034399032575 7.2532219439744949 5.7794019728899002 6.3216063082218161 6.7463292181491843 9.2376784086227435 10.606534674763678 31.381473302841187 6.9886109083890906 8.1237582266330737 9.5523802787065488 5.3896892666816703 6.170138716697692 5157.070606195135 20.242072805762295 3.6768323588185003
leaf_count=2435 36 21 45 68 879 51 23 75 22 86 34 77 29 26 30 32 24 26 28 43 50 138 31 33 47 23 27 23377 89 95
internal_value=2.2158e-06 0.0129135 -9.83179e-06 0.00121746 -0.000137273 -0.00708762 0.00974886 0.0209578 0.00738877 -0.00107114 0.0109851 0.00285695 -0.00104537 -0.00520561 -0.0073868 0.00920369 -0.0258828 -0.00415666 -0.00212725 -0.0101083 -0.0198956 0.00408715 0.00531251 0.0192737 0.0285024 0.0113135 0.0192409 1.52829e-06 0.00354991 0.0144873
internal_weight=6039.94 5.63064 6034.3 567.657 5466.65 107.034 127.744 22.2187 105.525 31.4777 74.0475 37.3856 32.1982 100.267 87.085 13.1824 12.9474 74.1375 67.8159 29.6881 19.8442 38.1278 25.4123 36.6618 16.9782 19.6836 14.2939 5359.61 202.543 23.9189
internal_count=28000 57 27943 3010 24933 493 575 98 477 154 323 159 137 442 384 58 54 330 304 138 93 166 108 164 81 83 60 24440 1063 184
is_linear=0
shrinkage=0.05


Tree=174
num_leaves=31
num_cat=0
split_feature=7 38 39 39 38 38 38 38 38 41 38 39 38 39 39 39 0 39 39 38 38 39 39 39 39 39 39 38 39 38
split_gain=0.374029 1.15215 2.39573 2.22832 1.80043 4.02564 2.37496 1.96907 2.1536 2.22418 5.33162 1.98199 1.81075 1.794 1.68939 2.23478 1.88292 3.18591 1.86547 1.66264 2.09431 1.54633 1.54246 5.26523 2.92909 3.37143 3.76356 3.40932 2.54742 2.2625
threshold=1.0000000180025095e-35 3.6467030064723334 3.2408350000536879 3.2526449285380048 3.7543026367411141 3.7547497328258266 3.7529533538348692 3.7469261921013279 3.7193351740411753 0.26006441223832533 3.657326753133785 3.3929372919485519 3.6901884542810257 3.3215162127329263 3.0276910321408108 2.9321041277738069 21.500000000000004 2.7237043259426157 3.0850088017388173 3.6185302986066428 3.6420882860777777 3.3238656213382543 3.085551857534758 3.1405091665761229 3.2360563169422236 3.2731275256415033 3.2867626206524796 3.8250573474530047 3.3215162127329263 3.8443087154995541
decision_type=2 2 2 2 2 2 2 2 2 2 2 2 2 2 2 2 2 2 2 2 2 2 2 2 2 2 2 2 2 2
left_child=-1 2 14 -4 6 -6 7 8 9 10 -3 12 -12 -9 15 16 17 -2 -16 21 -21 -5 -7 -24 29 27 -27 -26 -28 -25
right_child=1 4 3 19 5 22 -8 13 -10 -11 11 -13 -14 -15 18 -17 -18 -19 -20 20 -22 -23 23 24 25 26 28 -29 -30 -31
leaf_value=-0.00015163048086913825 0.022319373502950681 -0.038498320261518976 0.047358188623609708 -0.024484945252519666 0.032080561218504944 -0.035180346885011288 -0.036339592544648532 -0.0087342192777351089 -0.017523283192635599 -0.0092050641423305143 0.05032515076825253 0.00046416144487253301 0.014437713702612546 0.032934917534004148 -0.033032682981463703 0.028334135279864222 0.030480623242420641 -0.024405366155894163 -0.0013506648732149878 0.051430076111198264 0.0083171617418066092 0.014151481931533079 0.055043780313629602 -0.051216019131936664 0.0020718643607678428 -0.034764444957352578 0.046983069345685871 0.052437194432361868 0.00067812329926562746 -0.0022406912149204724
leaf_weight=5239.7761947881663 5.6802989766001764 4.715738661587241 5.3836099579930332 4.658868536353113 10.489126350730656 2.9590474367141715 5.9495848449878386 4.2883750833570939 28.876505514606833 35.75614657998085 6.6589650213718432 8.1956645101308805 7.4444347776006907 6.4956020377576351 5.363126002252101 10.781439509242771 4.0561770834028712 10.197846569120882 34.759500592947006 4.4573984965682012 7.6535471528768539 5.8308609873056412 4.4738101512193671 4.7771308887749893 7.1473169513046724 7.4854221045970908 2.986595115158706 6.3410339057445526 541.18486773245968 4.6570685505867004
leaf_count=23572 29 21 26 20 46 13 27 19 127 159 32 37 35 30 24 50 18 53 151 21 34 28 19 24 33 31 17 27 3257 20
internal_value=2.08989e-06 0.00100929 0.00606349 0.0184497 0.000296656 0.0013805 -0.00562855 -0.00384474 -0.00622274 -0.00102416 0.00980389 0.0200187 0.0313821 0.0163647 0.0011704 0.00999539 7.69196e-05 -0.00768991 -0.00558555 0.0115635 0.0241847 -0.00300835 0.000827219 0.00101122 0.000590513 0.00105176 0.000447892 0.0257492 0.00093226 -0.02704
internal_weight=6039.48 799.705 98.8227 27.9843 700.882 592.501 108.381 102.431 91.6475 62.7709 27.0148 22.2991 14.1034 10.784 70.8384 30.7158 19.9343 15.8781 40.1226 22.6007 12.1109 10.4897 582.012 579.053 574.579 565.145 551.657 13.4884 544.171 9.4342
internal_count=28000 4428 454 129 3974 3487 487 460 411 284 125 104 67 49 325 150 100 82 175 103 55 48 3441 3428 3409 3365 3305 60 3274 44
is_linear=0
shrinkage=0.05


Tree=175
num_leaves=31
num_cat=0
split_feature=10 39 38 38 39 38 38 39 40 41 38 38 40 39 40 39 38 40 39 39 40 40 38 11 41 40 38 11 38 0
split_gain=0.37381 1.44025 3.74256 3.31046 3.42416 3.15293 3.08082 3.87763 2.77827 2.67873 2.04386 4.01844 2.61583 2.69244 2.1763 1.91201 1.72517 1.37651 1.3276 3.36065 3.85051 4.26742 2.65396 3.82226 2.21472 2.8326 3.43368 2.69435 2.17894 2.04899
threshold=3.5000000000000004 2.9852281360342525 3.7483615029509889 3.6892128038702086 3.1791996096509831 3.6427819312973484 3.5837837983419667 2.9321041277738069 0.26201372997711675 0.24621212121212124 3.508985020136778 3.4842291702451242 0.26201372997711675 2.6499918208507922 0.24357284113381678 3.1830947672697021 3.5558672161174503 0.31414473684210531 3.1791996096509831 3.3359272410873366 0.23606811145510839 0.2834821428571429 4.0216345058934602 16.500000000000004 0.22967032967032971 0.17902930402930406 3.9362119235564088 12.500000000000002 3.8443087154995541 22.500000000000004
decision_type=2 2 2 2 2 2 2 2 2 2 2 2 2 2 2 2 2 2 2 2 2 2 2 2 2 2 2 2 2 2
left_child=-1 6 3 4 5 -3 7 10 -8 -10 11 14 -12 -14 -2 -5 -15 -11 -4 20 -20 -22 23 24 25 -21 27 28 -27 -28
right_child=1 2 18 15 -6 -7 8 -9 9 17 12 -13 13 16 -16 -17 -18 -19 19 22 21 -23 -24 -25 -26 26 29 -29 -30 -31
leaf_value=-6.6550236023937717e-05 -0.033634993720986571 0.017135091755508803 0.016211544485396991 0.087046871290795025 0.042484643623827777 -0.038185561022837794 -0.044231373963805637 0.067877410712574623 -0.036351913965719455 0.046620481467735751 0.047281235152161455 -0.073862981143846998 -0.045672191774138483 0.066179828073620925 0.015798892541496464 0.029526453284561899 -0.005484332380736371 -0.0025422478593398537 -0.042183299121795546 -0.013821193564473075 0.053139418716698132 -0.02044146586686147 -0.0055051795751583314 0.065612333369705081 -0.0058361465023199638 0.058305499308018253 -0.024756207096138128 0.068003894368142248 -0.012028173837726985 0.035461838399835632
leaf_weight=5860.7402663426474 3.3353469371795708 6.5077208541333729 12.829816224984823 2.6631357977166763 5.95628982130438 4.2626702822744846 7.7303215563297298 2.2702465839684001 3.9097485691308957 2.3566323406994343 4.0199946090579015 2.3037930605933061 2.4101514648646116 1.3927785563282671 6.6965228274930269 3.1578119900077581 2.1151044574799016 3.5969582395628095 9.5580997318029421 5.141538783907893 2.9144020937383157 6.0840891124680638 41.097778398077935 3.1259476272389284 16.286089512053877 1.8707240112125889 3.6731789708137503 5.9609752669930458 2.676928250817582 2.2953723571263254
leaf_count=26268 15 36 96 22 45 27 33 14 21 13 18 18 27 35 110 21 27 64 42 21 19 67 627 34 127 25 18 39 27 44
internal_value=2.04482e-06 0.00225803 0.00475954 0.0233659 0.0120639 -0.00475954 -0.00581933 0.00562722 -0.0217878 -0.00419775 -0.000717637 -0.0143123 0.0161569 -0.00498527 -0.000636644 0.0558426 0.0229694 0.016918 0.00106373 -0.000866481 -0.020084 0.00338967 0.00347563 0.0124711 0.00808864 0.0185786 0.0286887 0.0458903 0.0169043 -0.00159768
internal_weight=6038.94 178.2 136.063 22.5476 16.7267 10.7704 42.1376 24.5439 17.5937 9.86334 22.2737 12.3357 9.93803 5.91803 10.0319 5.82095 3.50788 5.95359 113.515 100.685 18.5566 8.99849 82.1285 41.0308 37.9048 21.6187 16.4772 10.5086 4.54765 5.96855
internal_count=28000 1732 1337 151 108 63 395 264 131 98 250 143 107 89 125 43 62 77 1186 1090 128 86 962 335 301 174 153 91 52 62
is_linear=0
shrinkage=0.05


Tree=176
num_leaves=31
num_cat=0
split_feature=38 0 40 11 40 41 38 0 10 0 38 38 11 11 38 6 11 38 41 38 41 38 38 38 40 40 38 38 40 11
split_gain=0.371791 1.59113 2.45916 2.45827 6.40408 3.70297 2.76557 3.09688 2.30949 2.21709 2.16385 5.51062 4.06594 2.64656 2.07344 2.03567 2.20221 1.73598 1.65983 1.63838 2.10621 1.51583 5.6973 1.50045 1.45963 1.77269 1.4436 2.12462 1.67101 2.99384
threshold=4.030877617342794 28.500000000000004 0.14434523809523811 22.500000000000004 0.13188405797101452 0.14760348583878 4.0730876424175824 32.500000000000007 6.5000000000000009 37.500000000000007 4.0816300277380764 4.1066632247880905 16.500000000000004 15.500000000000002 4.1039458654316352 1.5000000000000002 23.500000000000004 4.1904138032371039 0.17192118226600989 4.2654321889523965 0.16336256195196344 4.122235376922017 4.1556453072410688 4.0906847176827297 0.078461538461538485 0.11483516483516486 3.9689600969190457 3.9666579022354393 0.049390243902439034 15.500000000000002
decision_type=2 2 2 2 2 2 2 2 2 2 2 2 2 2 2 2 2 2 2 2 2 2 2 2 2 2 2 2 2 2
left_child=26 2 24 4 -3 -6 15 17 10 14 -4 -12 13 -13 23 16 -5 -8 -7 -16 -21 -20 -23 -9 -2 -26 27 -1 -28 -30
right_child=1 3 8 6 5 18 7 9 -10 -11 11 12 -14 -15 19 -17 -18 -19 21 20 -22 22 -24 -25 25 -27 28 -29 29 -31
leaf_value=6.0504821742761018e-05 0.0044668135037816059 -0.044467411132486055 -0.042319122784722801 0.04082778965404385 -0.10449342498075714 0.05611823002181722 -0.012852840942281916 0.0059468575353517072 0.02525391885929866 -0.0083627141048459915 0.064012090143930403 -0.025559619614853476 -0.077987828899953426 0.038791589182785149 0.01858181353861529 -0.011375873390954753 0.0084296402242637954 0.0084808890493586666 0.06167707749188648 -0.039263499810062469 0.029154120014788055 -0.13967241959615703 0.018809930687591788 -0.030626309139098376 0.036648982197037237 0.0038915648681309813 -0.0038259797591705933 0.016285538184178345 -0.0065269991261592171 0.018671910755930662
leaf_weight=5041.6067496389151 219.92453950084746 10.684811098501088 6.4830814842134776 5.7701392024755469 0.6145585805643331 2.5491037850733846 76.401627932675183 6.8035603985190374 3.4953389072325072 26.070628547575325 2.2514961306005707 4.7005111873149854 2.4832787299528718 2.4205035688355565 35.436791677027941 11.633375898003576 57.649934990331531 10.895558757707475 1.0253864692058412 2.9000085908919564 1.8376950332894919 0.672238697297871 3.6252946024760604 4.7709195110946894 8.0644277185201663 8.4653911180794221 411.42828046530485 20.257740109227598 23.500965260434896 23.647742411121726
leaf_count=22713 979 88 37 35 27 75 376 36 79 249 20 32 13 33 262 49 296 80 24 24 32 6 123 25 45 45 1803 97 155 142
internal_value=2.21464e-06 0.0012835 0.00406127 -0.00148298 -0.0187128 0.0137128 -0.000107627 -0.003725 -0.0119939 0.00352758 -0.0190933 -0.00639271 -0.0228974 -0.00368601 0.00951779 0.00785054 0.0113773 -0.0101902 0.022941 0.0148898 -0.0127252 0.00705274 -0.00598056 -0.00912835 0.00554381 0.019873 -0.000117927 0.000125438 -0.00280424 0.00611168
internal_weight=6038.07 517.63 258.289 259.342 19.1714 8.48658 240.17 165.117 21.8342 77.8196 18.3389 11.8558 9.60429 7.12101 51.749 75.0535 63.4201 87.2972 7.87202 40.1745 4.7377 5.32292 4.29753 11.5745 236.454 16.5298 5520.44 5061.86 458.577 47.1487
internal_count=28000 3090 1283 1807 343 255 1464 1084 214 628 135 98 78 65 379 380 331 456 228 318 56 153 129 61 1069 90 24910 22810 2100 297
is_linear=0
shrinkage=0.05


Tree=177
num_leaves=31
num_cat=0
split_feature=11 0 40 38 39 0 38 38 39 39 41 39 38 39 39 39 0 0 39 39 38 41 38 39 38 38 39 39 40 38
split_gain=0.388325 1.09966 0.838591 1.87985 1.06122 1.75526 0.805228 1.97504 1.4762 3.01461 1.3556 3.19659 1.27067 2.80327 2.41026 1.40133 1.42198 2.48233 1.68891 4.94233 1.9973 1.62264 0.683667 1.22375 0.460822 4.93196 4.63787 2.22841 2.64559 3.96643
threshold=30.500000000000004 36.500000000000007 0.074537037037037054 4.1505187135146189 4.2636353823710031 43.500000000000007 3.9233088607576558 4.0043543155378369 3.4534939707360945 3.5944740717404371 0.13680926916221037 3.6758507507459961 4.0486562361027003 3.7721310638768926 3.7877426501774445 3.8563805301751679 37.500000000000007 39.500000000000007 4.0017259965050282 4.0717179768915264 4.1435829940246913 0.15849282296650721 4.4542585692075649 3.9219331703790545 4.133302367334573 4.122235376922017 3.8523331503537412 3.6396517497830132 0.12660256410256412 4.1409618494916893
decision_type=2 2 2 2 2 2 2 2 2 2 2 2 2 2 2 2 2 2 2 2 2 2 2 2 2 2 2 2 2 2
left_child=1 24 3 -3 5 22 8 10 -2 -10 11 -8 13 -9 -14 -16 -17 -18 20 -20 -19 -21 23 -4 25 -1 -27 -26 -29 -30
right_child=6 2 4 -5 -6 -7 7 12 9 -11 -12 -13 14 -15 15 16 17 18 19 21 -22 -23 -24 -25 27 26 -28 28 29 -31
leaf_value=6.1671488300726154e-06 -0.007745096309164346 -0.0021502759971912524 -0.032305468226793407 -0.055759493850178768 0.0531419404400496 -0.072831226836325202 -0.061616798575325815 0.04738798802775876 0.06002565902594114 0.00027252123149840352 0.003957018485495776 -0.0032033331115904548 -0.030532453793234954 -0.0084712513033071511 0.029676274480472754 0.025628729157583859 -0.029136116573731635 -0.00065358091400367988 -0.081371035373622558 0.057527570955477093 0.058090955270600333 -0.013591611523025703 -0.026590745555796727 0.053938820681713254 -0.02855740852746242 -0.036406577260847367 0.025745717580378715 0.0071889946669414038 -0.073044569253284175 -0.0043198600297374322
leaf_weight=5800.7515345492866 4.6831796169280997 3.5033229440450651 0.60806231456808824 3.0666836090385914 0.79860807699151326 0.86257607117295254 3.7414088398218173 5.2295475006103498 3.8418405689299089 4.6847377941012383 6.742088370025157 6.262048713862896 4.7658828347921363 3.9368528481572866 5.8591774664819267 5.0039534382522133 6.4591281823813942 2.9246628545224649 1.6679892251268027 1.734138962812722 2.8637178093194962 1.4921237938106058 0.91904092719778407 1.2711686817929146 5.4069905290380111 16.236155326478187 3.6822781581431618 109.63630494661629 2.4053572285920408 16.510713928379118
leaf_count=26225 30 24 14 21 34 29 18 35 30 29 40 34 26 29 36 38 44 21 16 28 30 15 15 42 27 82 30 661 16 281
internal_value=2.41318e-06 -4.16068e-05 -0.0158148 -0.0271735 0.000919558 -0.0104727 0.0036552 0.00114459 0.0148083 0.0271956 -0.0133716 -0.0250506 0.00694091 0.0233972 0.00233789 0.00793178 0.00217875 -0.00466667 0.0101285 -0.0114922 0.0284094 0.0246355 0.00874955 0.0260328 -1.23909e-05 -7.9119e-05 -0.0249166 0.00288702 0.00420959 -0.0130589
internal_weight=6037.55 5965.66 11.0295 6.57001 4.45946 3.66085 71.8925 58.6827 13.2098 8.52658 16.7455 10.0035 41.9372 9.1664 32.7708 28.0049 22.1457 17.1418 10.6826 4.89425 5.78838 3.22626 2.79827 1.87923 5954.63 5820.67 19.9184 133.959 128.552 18.9161
internal_count=28000 27501 179 45 134 100 499 410 89 59 92 52 318 64 254 228 192 154 110 59 51 43 71 56 27322 26337 112 985 958 297
is_linear=0
shrinkage=0.05


Tree=178
num_leaves=31
num_cat=0
split_feature=10 40 40 40 38 38 38 39 39 38 38 38 38 39 38 38 11 39 0 38 0 38 41 39 39 38 38 38 39 38
split_gain=0.389891 1.35984 1.58536 1.4913 2.97733 2.88552 1.75453 2.53742 1.91909 1.63157 2.11133 1.42576 1.3737 2.58247 2.01954 1.79555 1.41667 1.99722 2.80383 2.00125 6.88154 2.13424 3.734 3.22251 1.83547 1.80263 1.72302 1.66652 1.35541 3.34707
threshold=3.5000000000000004 0.10990338164251208 0.091966173361522213 0.096006144393241177 3.7483615029509889 3.4324466276812697 3.7838244546904183 3.107674594476435 3.2731275256415033 3.5837837983419667 3.6637018666367642 3.7842761036880259 3.3235831625408392 2.7206113102771714 3.4549046278596376 3.4981916721495132 10.500000000000002 3.0270779758999535 19.500000000000004 3.6901884542810257 19.500000000000004 3.9691044588670015 0.22967032967032971 3.3739877880912341 2.9321041277738069 3.9315723663202506 3.6420882860777777 3.6420882860777777 2.9852281360342525 3.7483615029509889
decision_type=2 2 2 2 2 2 2 2 2 2 2 2 2 2 2 2 2 2 2 2 2 2 2 2 2 2 2 2 2 2
left_child=1 2 -1 4 -4 -5 7 -7 -8 -9 -11 -6 -3 -14 -15 -16 24 18 26 20 -19 22 23 -21 -17 -25 -18 -26 -2 -30
right_child=28 12 3 5 11 6 8 9 -10 10 -12 -13 13 14 15 16 17 19 -20 21 -22 -23 -24 25 27 -27 -28 -29 29 -31
leaf_value=-4.633162204384753e-05 -0.005537346894935135 0.021951000838184565 -0.012310967535717077 0.052165332765763642 0.052605530884943033 -0.010291389471973118 -0.037776358704013961 0.04043277282315396 -0.0028451242036254001 -0.011485157546658673 0.027169364983041691 0.019690850709232658 -0.032807108785241353 0.026476140152205486 -0.053390024489189648 0.028821334206661449 -0.028192858729901238 -0.022395768853673254 -0.056491304568126101 -0.063554973341398854 0.041619791272318893 0.0068319916305568835 -0.0025605079813973198 -0.0053196791062980822 -0.02035584463163068 -0.040292459545264128 0.0099724042684110701 0.010657137553506404 0.022443875382500228 0.0012522052687275592
leaf_weight=5617.6421506721526 41.958306082291529 4.6886721849441519 6.3006227612495449 2.8178245425224295 4.3365107774734524 11.524654328823091 4.6948293596506145 6.2091315388679531 24.197651363909245 6.4373700618743879 7.8287304267287254 13.634664626792071 8.2036688774824125 5.2507233768701544 1.9000674039125431 6.6571960002183941 6.2771191000938433 7.9174150377512005 4.5189609825611106 5.1268553435802486 8.9366889521479589 19.411191560328007 35.91827404499054 10.172968402504919 7.2842313051223782 5.7769062966108313 5.5916130691766739 10.687041983008383 22.315381257794797 112.90396186197177
leaf_count=25123 395 23 27 12 18 48 20 27 160 28 34 65 44 22 8 27 28 33 20 24 43 95 170 45 31 25 24 44 151 1186
internal_value=2.57778e-06 -6.72912e-05 5.79727e-05 0.00671779 0.0172643 0.00269987 0.000410827 0.0084755 -0.00852121 0.0190386 0.00972707 0.0276333 -0.00469864 -0.00553371 -0.00395168 -0.00512492 -0.00444195 -0.00687596 -0.022974 -0.00404722 0.0115477 -0.00748724 -0.012364 -0.0290709 0.00639446 -0.0179865 -0.0102124 -0.00191324 0.00231341 0.00474949
internal_weight=6037.12 5859.94 5705.62 87.982 24.2718 63.7102 60.8924 31.9999 28.8925 20.4752 14.2661 17.9712 154.32 149.631 141.427 136.177 134.276 109.648 16.3877 93.2603 16.8541 76.4062 56.995 21.0767 24.6285 15.9499 11.8687 17.9713 177.178 135.219
internal_count=28000 26268 25562 439 110 329 317 137 180 89 62 83 706 683 639 617 609 507 72 435 76 359 264 94 102 70 52 75 1732 1337
is_linear=0
shrinkage=0.05


Tree=179
num_leaves=31
num_cat=0
split_feature=39 38 38 38 0 39 39 38 11 38 38 34 0 11 38 39 39 38 38 39 38 11 39 39 0 38 39 38 38 39
split_gain=0.372034 5.08148 2.18181 2.26268 1.97273 1.80188 1.74585 3.24731 1.57955 1.42494 2.51958 1.35003 1.44586 1.31809 1.06943 1.01047 1.5194 9.54796 3.55352 4.5617 3.51981 2.04399 1.68559 4.60905 4.51036 1.8369 6.22045 3.0167 2.33609 1.59728
threshold=3.591483651618089 3.7547497328258266 4.0906847176827297 4.0604182568245646 22.500000000000004 3.6061271041370619 3.5772185880117249 4.0179089951977423 15.500000000000002 3.9233088607576558 3.978598834686681 1.0000000180025095e-35 24.500000000000004 31.500000000000004 3.9702989661229862 3.6144040884350921 3.622696642244505 3.8499759243670946 3.8556271184800077 3.6467030064723334 3.8797789142116303 21.500000000000004 3.6254072918469564 3.642260665190403 30.500000000000004 3.9102061097784131 3.6836992761039777 3.882046967961911 3.8694540037139569 3.7339845216307208
decision_type=2 2 2 2 2 2 2 2 2 2 2 2 2 2 2 2 2 2 2 2 2 2 2 2 2 2 2 2 2 2
left_child=2 -2 3 6 14 9 13 -8 -5 -6 -11 12 -7 -1 -3 -14 17 21 19 -18 -19 -17 -20 24 -24 26 -25 28 -28 -29
right_child=1 4 -4 8 5 11 7 -9 -10 10 -12 -13 15 -15 -16 16 18 20 22 -21 -22 -23 23 25 -26 -27 27 29 -30 -31
leaf_value=-0.00010031561682050925 0.031618753046214976 -0.0067408332295276485 -0.027137144083517944 0.042793866796353594 0.031306047251753504 0.0049302439688887808 -0.0035426913290476387 -0.032261294768896998 0.0082773239915219007 -0.024264289330551622 0.027831162042551674 0.028485804185547497 -0.0086752982702700387 0.023124103914473965 -0.035421385101183894 -0.048658311957270613 -0.0057203328536644497 0.04352926495952357 -0.01002589708178207 0.032365885837351484 0.0096445639319115567 -0.0076715366191553655 0.043224893009157613 -0.034146299812411386 0.00035448701111196021 -0.0008594962713629697 0.0034268268655473044 0.003133225015731201 0.05089184402484568 -0.02847408740724975
leaf_weight=4803.1889427985298 13.241044647991655 7.8538431301712972 7.4967283844016483 4.7860797792673102 8.4781364705413598 146.40681926906109 83.583070319145918 11.157143320888279 10.779925808310507 4.4401747882366163 4.8628850318491459 4.2706622518599024 35.637215428054333 6.1171555966138831 5.5449842512607574 7.9195313118398172 14.039096787571909 8.8422217667102796 52.98557398817502 17.868312247097492 57.512374135199934 4.9386897534132004 11.557912889868023 17.939709920436144 13.076955314725636 644.6498169216793 5.7481274381279963 10.080627590417864 4.7216270864009857 6.623379558324813
leaf_count=21632 67 34 34 32 43 652 361 48 45 19 23 27 158 45 25 34 61 37 241 84 260 21 51 83 63 3697 26 45 22 30
internal_value=2.40144e-06 0.000829691 -0.000183846 -0.000142773 0.00045772 0.000693713 -0.000203186 -0.00692476 0.0188901 0.0164791 0.00296699 0.000430115 0.000317139 -7.07755e-05 -0.01861 -0.000421686 -8.68715e-05 0.00651837 -0.000741477 0.0156081 0.0141599 -0.0329158 -0.00142129 -0.000783097 0.0204679 -0.00154208 -0.0112958 0.0037897 0.0248325 -0.00939953
internal_weight=6036.35 1109.24 4927.11 4919.61 1096 1082.6 4904.05 94.7402 15.566 17.7812 9.30306 1064.82 1060.55 4809.31 13.3988 914.141 878.504 79.2128 799.291 31.9074 66.3546 12.8582 767.384 714.398 24.6349 689.763 45.1135 27.1738 10.4698 16.704
internal_count=28000 5803 22197 22163 5736 5677 22086 409 77 85 42 5592 5565 21677 59 4913 4755 352 4403 145 297 55 4258 4017 114 3903 206 123 48 75
is_linear=0
shrinkage=0.05


Tree=180
num_leaves=31
num_cat=0
split_feature=10 40 40 39 38 41 41 38 38 39 39 38 38 38 41 38 38 38 41 39 38 0 38 39 39 39 39 39 38 38
split_gain=0.352267 1.24055 1.43788 1.40191 3.92284 2.89974 2.67919 4.10877 1.56127 3.03573 1.27553 3.70872 2.30078 1.48784 1.54673 1.46719 4.14729 2.37294 2.96998 3.28547 1.6411 1.41186 1.27235 3.77892 1.24605 2.57823 1.23392 1.2227 3.07923 2.78878
threshold=3.5000000000000004 0.10990338164251208 0.091966173361522213 3.3510810516731371 3.7854045649248205 0.19538706256627789 0.26201372997711675 3.7295856422037628 3.5367474890668338 3.0937150727711624 2.7206113102771714 3.4549046278596376 3.4508518008262095 3.5285632774845577 0.28102564102564109 3.6427819312973484 3.6901884542810257 3.9691044588670015 0.22967032967032971 3.3739877880912341 3.9315723663202506 19.500000000000004 3.8331702983031941 3.3215162127329263 2.874070339756567 3.0780788756308879 3.2731275256415033 2.9852281360342525 3.5285632774845577 3.5837837983419667
decision_type=2 2 2 2 2 2 2 2 2 2 2 2 2 2 2 2 2 2 2 2 2 2 2 2 2 2 2 2 2 2
left_child=1 2 -1 4 6 -5 7 -4 -8 -10 12 -12 -3 -13 15 24 21 18 19 -18 -21 -17 23 -20 -15 -26 -6 29 -29 -2
right_child=27 10 3 5 26 -7 8 -9 9 -11 11 13 -14 14 -16 16 17 -19 22 20 -22 -23 -24 -25 25 -27 -28 28 -30 -31
leaf_value=-4.3696567321917251e-05 0.0056744944379597652 -0.002098222698996244 -0.022271521267202686 -0.013860896691438074 -0.04086047398454886 0.024753390265630566 0.046426972749292729 0.02289213452766975 -0.016437198493032348 0.026396652666363409 0.034723307119757803 -0.036944687277642135 -0.046949798459862434 0.0041034746022843892 0.010156583046464517 0.0078778398429652056 -0.062232998843743254 0.0063693788415669977 -0.013165966028887106 -0.0051129808298768682 -0.038556339265297911 0.036915180549828716 -0.016899152975693929 0.029743923452027435 -0.046240081868740346 -0.0044148038955648368 -0.010059019958356107 0.070412019596657202 0.0036536615879196148 -0.02044041199525868
leaf_weight=5617.099200563971 24.442033972823992 7.0695263370871526 12.400758113712074 6.3279968481510904 4.9240750670433036 20.984310492873192 4.6591615825891521 8.479214631021021 5.7534945011138943 14.717813551425932 6.1740166395902625 3.5281783044338217 4.8011258691549301 4.5805091261863735 16.745772913098335 12.987821251153948 5.429610118269923 19.412668358534575 14.242556318640711 10.161690659821032 5.740438684821128 6.1771871149539939 14.109871439635752 8.0201789364218694 7.5218768119811994 7.2224142849445343 9.5724425166845304 1.7500049769878376 133.19561216980219 17.57295990572311
leaf_count=25123 264 36 53 49 21 133 20 35 24 63 26 15 27 20 71 54 26 95 62 45 25 30 68 41 33 32 41 10 1327 131
internal_value=2.43259e-06 -6.39526e-05 5.55569e-05 0.00640401 0.00215966 0.0158068 0.0093058 -0.00393087 0.0203037 0.0143581 -0.00449332 -0.00317758 -0.0202386 -0.00489968 -0.00404545 -0.00610263 -0.0035791 -0.0087523 -0.0138395 -0.0286516 -0.0171855 0.017237 -0.00515251 0.00229238 -0.0186756 -0.0257522 -0.0205214 0.00220032 0.0045194 -0.00524818
internal_weight=6035.8 5858.84 5704.92 87.8193 60.507 27.3123 46.0104 20.88 25.1305 20.4713 153.925 142.055 11.8707 135.881 132.353 115.607 96.282 77.117 57.7043 21.3317 15.9021 19.165 36.3726 22.2627 19.3248 14.7443 14.4965 176.961 134.946 42.015
internal_count=28000 26268 25562 439 257 182 195 88 107 87 706 643 63 617 602 531 446 362 267 96 70 84 171 103 85 65 62 1732 1337 395
is_linear=0
shrinkage=0.05


Tree=181
num_leaves=31
num_cat=0
split_feature=38 38 0 39 38 39 39 40 39 11 0 0 38 39 11 39 38 11 38 39 0 38 39 39 11 38 38 39 38 38
split_gain=0.351864 2.86129 2.84342 2.00571 3.02917 2.58828 1.15456 2.27795 1.044 1.11328 0.993485 0.84799 0.795728 0.764177 0.701416 1.02678 1.17143 0.940971 0.975448 1.89576 1.40165 0.899114 3.42519 1.16012 3.88501 2.47492 2.39401 3.11577 2.22332 1.40689
threshold=3.214107439323338 3.1830947672697021 19.500000000000004 2.4305059097167985 3.15380640324469 2.2426799698513049 2.4123453272002151 0.065591397849462371 2.6730607426530448 10.500000000000002 18.500000000000004 14.500000000000002 3.1033913618732405 2.2426799698513049 10.500000000000002 3.2526449285380048 3.8443087154995541 11.500000000000002 3.2466689551453567 2.5610525396418251 18.500000000000004 3.3084829020490516 2.9691539917456269 2.7206113102771714 14.500000000000002 3.3299574648874768 3.4110097353675966 2.6435987411598707 3.4528491102284069 3.508985020136778
decision_type=2 2 2 2 2 2 2 2 2 2 2 2 2 2 2 2 2 2 2 2 2 2 2 2 2 2 2 2 2 2
left_child=1 2 3 5 -5 -1 7 10 9 -3 13 -7 -13 -2 15 -8 -17 -16 19 -19 -21 22 -20 24 26 -25 27 -23 -28 -26
right_child=6 8 -4 4 -6 11 14 -9 -10 -11 -12 12 -14 -15 17 16 -18 18 21 20 -22 23 -24 25 29 -27 28 -29 -30 -31
leaf_value=0.0051624910235689263 0.0054004577067741462 -0.063010643392967192 0.039773413044125336 0.032683934909511561 -0.011072381811294975 -0.0097808381107357661 0.0023463545587845752 -0.025482168757196878 -0.0059750544419217948 -0.022889086601287849 -0.0032521732215619148 -0.023389429663504324 -0.060030541080759503 0.03006043362483923 -0.0044449446606561948 0.056524781018875626 0.011272928619899017 -0.016853169657803944 -0.011908856194975065 0.00155606668921115 0.037285524074867127 -0.042616771770968759 0.021411112379998855 0.020232617200450925 0.016841135298239204 -9.8462019801356661e-05 0.023157486995765218 0.010092822103617942 -0.0035396742511194334 0.046530185139948041
leaf_weight=8.628435570746662 4.3134202510118547 2.5767591127660108 4.5440783817321053 7.7832450419664356 8.04231046885252 2.6117541044950467 114.79126266262028 3.6353021163959047 4.5500515550374985 5.2551164329051971 4.500871241092681 2.6467335820198059 3.3662600666284561 11.563863791525362 121.25320184393786 1.7192015131004144 8.5065583807881904 4.0499175190925589 46.296503409743309 4.582374654710291 6.8454111181199551 6.8146788664162141 9.2546472251415235 15.008979685604571 13.933752641081812 5562.1933500980958 11.64094243198633 4.763411357998848 23.62636012583971 5.591642588376998
leaf_count=57 26 32 27 47 46 15 811 39 21 29 25 23 29 67 670 30 133 22 234 23 33 41 41 70 64 25119 56 25 121 24
internal_value=2.27207e-06 -0.00417454 0.00268688 -0.00240775 0.0104476 -0.0141994 3.717e-05 0.0109787 -0.0250232 -0.0360894 0.017483 -0.0335696 -0.0439023 0.023361 -6.90801e-06 0.00369879 0.0188809 -8.62924e-05 6.19005e-06 0.0125413 0.0229585 -2.7853e-05 -0.00635785 3.44549e-05 0.00660595 -4.37484e-05 -0.00120392 -0.0209312 0.00527246 0.0253434
internal_weight=6034.89 50.0047 37.6228 33.0787 15.8256 17.2532 5984.89 24.0135 12.3819 7.83188 20.3782 8.62475 6.01299 15.8773 5960.87 125.017 10.2258 5835.86 5714.6 15.4777 11.4278 5699.12 55.5512 5643.57 66.3708 5577.2 46.8454 11.5781 35.2673 19.5254
internal_count=28000 326 244 217 93 124 27674 157 82 61 118 67 52 93 27517 974 163 26543 25873 78 56 25795 275 25520 331 25189 243 66 177 88
is_linear=0
shrinkage=0.05


Tree=182
num_leaves=31
num_cat=0
split_feature=28 38 38 39 7 40 40 39 39 38 7 10 39 38 38 39 10 40 38 39 41 10 41 41 41 39 39 39 38 0
split_gain=0.349182 2.47454 1.04086 3.57579 0.353617 1.23393 2.6829 1.92472 2.49076 2.29101 1.78867 3.82016 2.24994 3.79518 2.00156 1.80709 3.56956 2.01404 3.78391 2.46885 1.77159 1.71443 1.57608 1.42297 2.63202 1.81744 1.99994 3.00769 3.02689 2.31912
threshold=1.0000000180025095e-35 3.7469261921013279 3.879456487392646 3.6309005040087921 1.0000000180025095e-35 0.025657894736842109 0.032795698924731186 3.2731275256415033 3.3791270321417142 3.7085114564352462 1.5000000000000002 2.5000000000000004 3.5071353490160777 3.8490542645098729 3.9138546650815367 4.1513245817864322 4.5000000000000009 0.22048611111111113 4.137189849698534 3.7491349371179044 0.31909090909090915 7.5000000000000009 0.21913109756097562 0.27097902097902099 0.25462962962962971 3.5724503550461288 3.6396517497830132 3.6901884542810257 4.1275228043742151 31.500000000000004
decision_type=2 2 2 2 2 2 2 2 2 2 2 2 2 2 2 2 2 2 2 2 2 2 2 2 2 2 2 2 2 2
left_child=4 -2 -3 -4 -1 -6 -7 9 -9 20 12 -12 14 -14 -10 17 -17 23 19 -19 -8 22 -13 24 25 -15 -27 -28 -29 -30
right_child=1 2 3 -5 5 6 7 8 10 -11 11 21 13 15 -16 16 -18 18 -20 -21 -22 -23 -24 -25 -26 26 27 28 29 -31
leaf_value=-0.00016122570978475362 -0.042764194878377022 0.048061919974481095 -0.045818510719782088 0.054299379787951456 0.00027448642820243629 0.06621232560694286 0.026069582510600833 -0.022569839735325573 0.041084692213324663 0.055948754443380336 -0.04633637373620407 0.053959926140375626 -0.051058418036997399 -0.040612116507252549 -0.0035955277788606594 -0.094963366033354535 0.050979593952728774 -0.013590413981875521 0.052589330503148769 -0.11364397228946246 -0.015902831769486852 -0.043756766564011063 0.0037246481807399045 -0.016401103304556294 0.058743080628078009 0.057974347375577467 -0.028119634896595344 0.049594695403041303 -0.012358333848263021 0.052919226736153117
leaf_weight=5231.2277135994518 1.7197147607803325 2.742072768509388 1.686563201248646 1.8926747678779063 706.81590943224728 1.8445658013224591 6.6723238611593825 9.0645166018512082 8.8457440552301687 3.6881063245236865 4.8213294409215441 2.1592459287494403 2.9085866324603549 1.4759295247495305 3.4976799110881975 1.121082667261361 0.66899585258215655 1.3833780589047817 1.1155391593929378 1.1122823525220153 4.0340413823723793 1.331379151670262 5.6386848241090775 3.0804339796304694 3.6697467118501654 2.5799563247710493 3.8652635402977493 5.7154446961358172 6.2251288238912821 1.7411803454160688
leaf_count=23545 8 14 10 41 3381 24 44 65 67 30 34 49 17 15 34 7 54 33 67 13 18 55 60 15 21 34 37 75 82 51
internal_value=1.98637e-06 0.0104144 0.0248816 0.00712309 -1.19071e-05 0.000970539 0.00654473 0.00527111 0.00193513 0.0219624 0.00546335 -0.0103325 0.00995995 0.00374362 0.0284239 0.00846587 -0.0404209 0.0112036 -0.0239642 -0.0581829 0.0102548 0.00868171 0.0176348 0.0156828 0.0195935 0.012943 0.0168702 0.0108267 0.0218295 0.00190925
internal_weight=6034.35 8.04103 6.32131 3.57924 6026.3 795.076 88.2606 86.416 72.0215 14.3945 62.957 13.9506 49.0064 36.6629 12.3434 33.7544 1.79008 31.9643 3.6112 2.49566 10.7064 9.12931 7.79793 28.3531 25.2726 21.6029 20.127 17.547 13.6818 7.96631
internal_count=28000 73 65 51 27927 4382 1001 977 885 92 820 198 622 521 101 504 61 443 113 46 62 164 109 330 315 294 279 245 208 133
is_linear=0
shrinkage=0.05


Tree=183
num_leaves=31
num_cat=0
split_feature=24 0 38 39 38 39 41 41 39 7 39 11 41 39 41 11 0 38 39 38 41 39 7 38 38 39 38 39 38 39
split_gain=0.458631 0.425152 0.349581 1.53404 1.51857 2.16662 2.27901 2.05783 1.98108 1.74039 2.23879 2.75443 2.10339 2.04228 3.06742 2.14988 2.48934 4.97258 3.42058 4.86904 1.88334 2.19185 1.81384 2.85375 1.56508 1.49241 1.44876 1.41321 5.73074 3.26053
threshold=1.0000000180025095e-35 28.500000000000004 4.030877617342794 3.8801830805460158 3.9689600969190457 3.7501463298083348 0.16100230414746547 0.17974358974358975 3.7877426501774445 1.5000000000000002 3.6836992761039777 27.500000000000004 0.15184453227931491 3.7201521494487664 0.22653958944281527 26.500000000000004 30.500000000000004 4.0043543155378369 3.7842637325256843 3.9842089422158389 0.20550527903469082 3.6407368646986655 1.0000000180025095e-35 4.0234683908255011 4.0125016497205097 3.7339845216307208 4.0233010727352676 3.6254072918469564 3.9740828388968077 3.6407368646986655
decision_type=2 2 2 2 2 2 2 2 2 2 2 2 2 2 2 2 2 2 2 2 2 2 2 2 2 2 2 2 2 2
left_child=2 -2 3 4 5 -1 -7 8 -8 10 12 13 -6 14 -12 16 18 -18 19 -15 -11 -22 23 25 -24 -21 -27 -14 -29 -30
right_child=1 -3 -4 -5 9 6 7 -9 -10 20 11 -13 27 15 -16 -17 17 -19 -20 22 21 -23 24 -25 -26 26 -28 28 29 -31
leaf_value=1.2004117228825026e-05 0.029921189519746889 -0.0023425469867633443 0.00123676991789467 0.026914621579843274 -0.024223268843987393 -0.021410026450807355 0.01598314650962375 0.006865575679592258 0.057214770460295751 -0.016810102634582776 -0.016101741219527524 0.0058351648422718732 -0.0020590406205346998 0.032049767821840901 -0.060937856986179754 -0.034727464934763981 -0.020357354137043968 0.059075701736758683 -0.024716625831681063 0.0095551376575517197 -0.00054250621367299488 0.04951524882798395 -0.015754213762303119 -0.048275911876006335 0.024516545259769207 -0.02783461622807611 0.0030791589325417823 -0.022993787688241021 0.03873403144679019 0.0074597228933034445
leaf_weight=5021.4250109853456 2.4566457029432049 1.7473165108822284 514.81339831044897 5.2401398178189984 9.4782617166638357 4.2931385636329642 6.7858159393072146 17.950086332857609 5.1048830933868885 3.2513263393193474 18.648731872439388 26.280461670830846 233.67837913590483 8.7979016378521901 4.7956490665674201 7.259546995162963 3.8432628139853469 4.0427428670227528 23.893846455961466 8.0951357893645817 3.8811885132454318 5.0090618319809437 3.9007157701998931 5.364567555487155 6.3244880437850952 10.498227983713152 5.9311148524284354 12.954352721571921 10.755496608093379 37.01678678393364
leaf_count=22627 17 30 3064 35 42 22 29 86 25 26 79 133 1031 42 22 31 18 23 106 35 26 36 21 23 33 44 25 55 50 164
internal_value=2.22265e-06 0.0165112 -9.28832e-06 -0.000125616 -0.000151335 9.73449e-05 0.0126518 0.0175522 0.0336846 -0.00292236 -0.00343587 -0.00872526 -0.00103947 -0.0121603 -0.0252732 -0.00866499 -0.00632025 0.0203638 -0.00921055 -0.00163575 0.0157528 0.0276617 -0.00902369 -0.0152424 0.00915404 -0.00801653 -0.0166745 -0.00029308 0.0065024 0.0145009
internal_weight=6033.52 4.20396 6029.31 5514.5 5509.26 5055.56 34.1339 29.8408 11.8907 453.701 441.56 137.676 303.883 111.396 23.4444 87.9516 80.692 7.88601 72.806 48.9122 12.1416 8.89025 40.1142 29.889 10.2252 24.5245 16.4293 294.405 60.7266 47.7723
internal_count=28000 47 27953 24889 24854 22789 162 140 54 2065 1977 635 1342 502 101 401 370 41 329 223 88 62 181 127 54 104 69 1300 269 214
is_linear=0
shrinkage=0.05


Tree=184
num_leaves=31
num_cat=0
split_feature=38 7 40 40 12 39 41 41 38 0 7 38 41 39 39 12 39 39 38 38 0 39 0 39 39 41 0 41 39 41
split_gain=0.333351 1.82969 1.27319 2.26616 0.610557 0.859247 1.70659 2.91995 1.52022 2.334 2.96957 1.44748 1.09579 1.02342 0.891088 0.739736 1.36103 1.20575 0.713085 0.653715 3.1159 3.34571 2.94938 2.36874 2.04917 2.04833 2.81388 2.25295 2.01923 1.78708
threshold=4.3946488582442438 3.5000000000000004 0.10435571687840291 0.18301435406698566 8.5000000000000018 4.0548094206516554 0.16172624237140368 0.15075757575757578 4.2810611664964666 36.500000000000007 1.0000000180025095e-35 4.2543605575584804 0.19292803970223329 3.939700639726563 3.892566011853154 7.5000000000000009 3.6467030064723334 3.7628049394616734 4.2654321889523965 4.2165949164547696 28.500000000000004 3.9699956519455788 34.500000000000007 3.9699956519455788 3.9330737427042401 0.15075757575757578 32.500000000000007 0.19139194139194141 3.8801830805460158 0.15075757575757578
decision_type=2 2 2 2 2 2 2 2 2 2 2 2 2 2 2 2 2 2 2 2 2 2 2 2 2 2 2 2 2 2
left_child=4 2 -2 -4 5 8 7 -7 11 10 -10 15 -8 -12 -13 19 -17 -18 -16 23 -21 28 -23 24 -1 -26 27 -27 -22 -25
right_child=1 -3 3 -5 -6 6 12 -9 9 -11 13 14 -14 -15 18 16 17 -19 -20 20 21 22 -24 29 25 26 -28 -29 -30 -31
leaf_value=3.9540582470963705e-05 0.058500424377742832 -0.076430846480591091 -0.040585713148373462 0.052008898577748534 0.016523807292878206 0.03137450868774589 0.054541264253357417 -0.052515344039871951 -0.044727227105590121 -0.073324183461192613 0.060973486227488743 -0.0022657919158358343 0.010924122638996323 0.0012127679085733563 0.059302770897371938 -0.032692944182469617 0.022883475206000627 -0.016337798124565896 0.018179452499450084 -0.048743867609072955 -0.0045448656343435988 -0.05286827905784347 0.029275873975496872 -0.016719560169840438 0.018520247254866201 0.010256322797770502 -0.06157372886603827 -0.035550947108125092 0.060426529538016208 0.038423164087413093
leaf_weight=5945.7154225964332 0.79054648056626264 0.92333624139428128 2.1800151448696856 0.94818600150756527 5.5939121488481751 2.1166142374277097 2.8257295056246221 2.0341513310559094 2.7027141600847235 1.7413773555308578 1.3047422058880331 2.1795183941721907 2.9362481939606369 1.5887832082808016 1.9494190104305742 4.9126463457941991 3.475197859108448 4.4929365245625377 2.2954089841805398 3.8945825500413767 2.0555877783335728 3.2401511557400227 1.6487989993765948 1.8833444193005542 3.327313786372545 5.5741407945752126 3.8590723387897006 5.1775025725364685 2.8592899995855987 6.6830492834560573
leaf_count=27094 7 6 29 64 41 38 76 16 20 15 13 16 61 36 22 28 25 33 28 24 16 34 21 18 23 30 24 27 35 80
internal_value=2.2563e-06 -0.0131116 0.00180771 -0.0125195 1.27901e-05 -2.546e-06 0.0147062 -0.0097371 -2.67958e-05 -0.0227715 -0.00704105 9.95277e-07 0.0323144 0.0281599 0.0237218 -2.44082e-05 -0.0119938 0.000768049 0.0370652 1.34799e-06 -0.0109088 0.00412119 -0.0251652 2.63725e-05 -1.13676e-05 -0.0168853 -0.0249483 -0.0118024 0.033253 0.0262999
internal_weight=6032.91 4.84208 3.91875 3.1282 6028.07 6022.47 9.91274 4.15077 6012.56 7.33762 5.59624 6005.22 5.76198 2.89353 6.42435 5998.8 12.8808 7.96813 4.24483 5985.92 13.6984 9.80383 4.88895 5972.22 5963.65 17.938 14.6107 10.7516 4.91488 8.56639
internal_count=28000 106 100 93 27894 27853 191 54 27662 84 69 27578 137 49 66 27512 86 58 50 27426 130 106 55 27296 27198 104 81 57 51 98
is_linear=0
shrinkage=0.05


Tree=185
num_leaves=31
num_cat=0
split_feature=11 0 38 38 40 40 0 38 38 38 38 41 39 0 39 38 39 39 39 38 38 41 41 39 41 41 38 38 39 39
split_gain=0.3369 0.924881 0.731416 2.48388 1.35302 2.42451 1.10768 0.839733 0.711583 2.71321 1.06618 1.51476 2.79676 2.47614 2.57392 1.20491 2.20472 2.28239 1.60791 1.47412 1.93718 2.36377 1.34602 1.03268 0.70787 1.47773 0.39164 4.51346 4.16209 1.96878
threshold=30.500000000000004 36.500000000000007 4.1505187135146189 4.1904138032371039 1.0000000180025095e-35 0.074537037037037054 43.500000000000007 4.4542585692075649 3.8616009670728046 3.7952298014844112 4.0043543155378369 0.15184453227931491 3.7350938664410989 36.500000000000007 3.6663968066274761 4.0695627870516775 3.7877426501774445 3.8563805301751679 3.7628049394616734 4.1855268441215125 4.2045292298840868 0.13100686498855837 0.13680926916221037 4.0862589720034093 0.14434523809523811 0.13100686498855837 4.133302367334573 4.122235376922017 3.8523331503537412 3.6396517497830132
decision_type=2 2 2 2 2 2 2 2 2 2 2 2 2 2 2 2 2 2 2 2 2 2 2 2 2 2 2 2 2 2
left_child=1 26 -3 -4 -5 -6 7 -7 9 -2 11 12 13 -10 -15 18 -17 -18 -12 24 -21 -22 -20 -23 25 -19 27 -1 -29 -28
right_child=8 2 3 4 5 6 -8 -9 10 -11 15 -13 -14 14 -16 16 17 19 22 20 21 23 -24 -25 -26 -27 29 28 -30 -31
leaf_value=8.5347105884751818e-06 -0.0061754681877031039 0.0029929880826158163 -0.076439631714209394 0.068118681255028832 -0.076751839083190221 0.053530167586643009 -0.033903695386619977 -0.0054891037651533716 0.031423810417616875 0.059179908148988082 0.03746032775223368 0.024509142912151685 -0.047450739523660093 -0.033612404238264455 0.014838455726428584 -0.038580984948469128 0.034918712600179716 -0.030534983106347842 0.026918323582298932 0.058438752957419487 0.054671095648560167 -0.029386961763490222 -0.019793270119894367 0.012799466266605792 -0.028470400417968295 0.018804664842015009 -0.026823279243879356 -0.03456250923595048 0.024724723305428922 0.0039185436838342254
leaf_weight=5796.9226457800251 4.1374664381146422 3.853602242888881 1.7166059575974939 0.53457626700401295 1.2180120237171648 1.2224355740472681 1.2282228623516855 1.1887908803764728 4.0669072866439882 2.5772308595478535 6.2670690231025201 3.3095198255032292 4.3498806711286297 6.7818631902337057 4.6006773579865694 3.1359556466341045 5.3449793234467533 2.7146533727645892 2.8416919223964214 1.8574951328337173 1.6490066181868313 3.6940768407657743 3.3724570050835609 2.3886564718559384 4.8663325570523739 3.4413009509444237 5.4290664000436655 16.331697599962357 3.6156099461950353 127.94339006231166
leaf_count=26225 28 38 12 4 8 46 47 24 22 22 41 22 25 37 25 17 33 21 23 18 30 31 22 28 31 23 27 82 30 958
internal_value=2.41847e-06 -3.84739e-05 -0.0145483 -0.0240575 -0.00738117 -0.0156901 0.00474536 0.0244323 0.00341666 0.0189092 0.00180838 -0.00680179 -0.0120355 -0.00206416 -0.0140292 0.00659437 0.00101897 0.00580327 0.0195901 -0.00174695 0.012589 0.00157388 0.00156765 -0.0128206 -0.014219 -0.00295314 -1.1742e-05 -7.31655e-05 -0.0238162 0.00266717
internal_weight=6032.6 5961.2 10.9622 7.10864 5.39204 4.85746 3.63945 2.41123 71.3972 6.7147 64.6825 23.1088 19.7993 15.4494 11.3825 41.5737 29.0925 25.9565 12.4812 20.6115 9.58924 7.73174 6.21415 6.08273 11.0223 6.15595 5950.24 5816.87 19.9473 133.372
internal_count=28000 27501 179 141 129 125 117 70 499 50 449 131 109 84 62 318 232 215 86 182 107 89 45 59 75 44 27322 26337 112 985
is_linear=0
shrinkage=0.05


Tree=186
num_leaves=31
num_cat=0
split_feature=39 39 38 38 38 41 40 12 39 38 40 0 39 38 38 38 38 38 12 0 38 39 0 39 39 38 38 39 0 38
split_gain=0.333259 2.48223 3.97371 2.11481 3.02074 2.40447 5.8767 4.60064 3.44717 3.06866 2.70897 2.91814 2.65204 2.47836 2.35726 2.23879 2.88702 3.38245 2.79296 1.921 2.0547 2.48918 1.87018 5.97117 4.97732 4.95764 4.79865 2.78151 2.71913 5.38325
threshold=3.4468509220561137 3.4324466276812697 3.8805927053651881 3.7965562610488228 3.7981269578727654 0.21132376395534294 0.037749287749287756 5.5000000000000009 3.591483651618089 3.7842761036880259 0.09449404761904763 26.500000000000004 3.4549046278596376 3.7948710299710378 3.7529533538348692 3.6427819312973484 3.6467030064723334 3.6850506496423425 5.5000000000000009 31.500000000000004 3.7888323397754475 3.5711025431757997 28.500000000000004 3.3929372919485519 3.4105065644434074 3.8694540037139569 3.7533304062081481 3.085551857534758 29.500000000000004 3.7130633111196718
decision_type=2 2 2 2 2 2 2 2 2 2 2 2 2 2 2 2 2 2 2 2 2 2 2 2 2 2 2 2 2 2
left_child=1 22 -3 5 -5 6 7 8 12 10 11 15 -2 -11 -10 -7 -17 18 -18 20 21 -14 -1 27 -25 26 -26 -24 29 -29
right_child=3 2 -4 4 -6 9 -8 -9 14 13 -12 -13 19 -15 -16 16 17 -19 -20 -21 -22 -23 23 24 25 -27 -28 28 -30 -31
leaf_value=-0.00040011152002085638 0.014542742830512087 -0.030437812643243713 0.016872173628658765 -0.027706056772391505 1.2702682248933573e-05 0.030571004993109205 -0.035134753701295811 -0.038553595550887741 0.056063572959057395 0.048927754275052658 0.040264129845235572 0.032480610835242722 -0.0047977598032873069 0.011418466389053299 0.01409774647821121 -0.033491168091399418 0.047391913083296135 -0.0010535830495742619 -0.0032477817123576533 -0.024646569434855468 0.02938374374770597 0.018621616785375449 -0.019816880433947651 -0.033856011879847596 -0.021159336474183027 -0.037900810025269155 0.044101553629148339 0.054788420339293556 0.0074411685540842296 0.011858309047457331
leaf_weight=3620.6294639839325 32.497068077325821 15.709240175783636 6.186303691007196 9.8790433369576913 1937.3524745650357 6.5789441019296637 10.88131063710898 6.4591531157493582 4.7289417386055019 8.1745935231447238 5.6228977879509321 8.714565232396124 81.937735676765442 9.5468044281005842 11.444334909319876 5.8911862000823012 7.0931805670261365 79.1335887350142 4.4192604422569275 8.4364952296018583 5.6873635798692694 13.169716909527777 6.5274393465369931 15.175737932324408 4.2707541137933758 4.7924801521003237 8.2737084086984378 10.587690893560646 58.894889848073944 23.532965271966532
leaf_count=16532 132 65 30 43 9383 31 49 29 26 34 33 43 337 41 51 26 32 334 20 39 23 54 42 65 18 21 38 46 281 102
internal_value=2.53758e-06 -0.000284882 -0.017071 0.000483076 -0.000127925 0.00431586 0.00045098 0.00280689 0.00449879 0.00932632 0.00640006 0.00469736 0.00200317 0.0287209 0.0263682 0.00234934 0.000426054 0.00263037 0.0279529 -0.00172744 0.000190882 -0.00155483 -0.000186941 0.00565766 -0.0129461 0.00535724 0.0218835 0.011734 0.0139481 0.0251796
internal_weight=6032.23 3774.58 21.8955 2257.65 1947.23 310.417 175.242 164.361 157.902 135.175 117.454 111.831 141.728 17.7214 16.1733 103.116 96.5372 90.646 11.5124 109.231 100.795 95.1075 3752.69 132.056 32.5127 17.3369 12.5445 99.543 93.0155 34.1207
internal_count=28000 17240 95 10760 9426 1334 740 691 662 594 519 486 585 75 77 443 412 386 52 453 414 391 17145 613 142 77 56 471 429 148
is_linear=0
shrinkage=0.05


Tree=187
num_leaves=31
num_cat=0
split_feature=7 41 41 0 0 0 41 40 40 41 39 39 39 41 39 11 39 41 39 39 32 40 11 39 39 39 41 40 39 40
split_gain=0.337881 2.71934 2.3895 2.23849 1.41147 4.12571 3.00362 1.75488 3.18787 1.12184 1.15823 2.84137 2.20779 3.25606 3.39867 1.45072 2.32664 1.06012 3.7049 0.794178 0.786728 0.773023 1.93342 0.676096 0.671309 0.542278 0.697384 0.53661 2.23012 2.32
threshold=1.5000000000000002 0.30602006688963218 0.29520697167755999 24.500000000000004 45.500000000000007 50.500000000000007 0.17902930402930406 0.032795698924731186 0.080540540540540564 0.20256410256410259 3.6407368646986655 3.7556188283926306 3.5587990918365402 0.267948717948718 3.4572159468017696 25.500000000000004 3.7860428940678914 0.19538706256627789 3.7962017251771987 3.892566011853154 1.0000000180025095e-35 0.12660256410256412 18.500000000000004 3.591483651618089 3.8768917467430883 3.7085490736766134 0.23205128205128209 0.04819976771196284 2.2663326399706238 0.075961538461538483
decision_type=2 2 2 2 2 2 2 2 2 2 2 2 2 2 2 2 2 2 2 2 2 2 2 2 2 2 2 2 2 2
left_child=20 2 3 -2 6 -6 -5 9 -9 17 12 25 13 14 -11 16 -13 18 -8 -20 27 -10 -23 -14 -18 26 -12 -1 -29 -30
right_child=1 -3 -4 4 5 -7 7 8 21 10 11 15 23 -15 -16 -17 24 -19 19 -21 -22 22 -24 -25 -26 -27 -28 28 29 -31
leaf_value=-0.00018777144636003757 -0.0429230543368046 -0.049141574631361616 0.050542773856244588 0.056434186028967881 -0.089146400286713445 0.018585628280849129 0.044233982375831787 -0.04437252340186397 0.034211322151865911 -0.031683480590789875 0.044280341854479689 -0.051945167481413028 -0.0064850827074770124 0.050661071141216124 0.022366185054031665 0.020945659864957403 0.025382867035594066 -0.030450477575996216 -0.045317318797516257 -0.0054822319400491294 -0.020358044313429469 0.02995692042674394 -0.032923321898400186 -0.036492670307356832 -0.0098554074643587841 0.048787953673777779 0.012977889627307383 -0.036434756108285234 0.0073992455455685925 -3.1351480291830164e-05
leaf_weight=5326.1155869709328 2.5658972747623912 2.423433255404233 2.7358441352844229 2.8399516524514175 1.5106213309336447 2.1585440335329622 3.2893350441008788 4.9193990398198348 2.0296469517052174 4.9941145703196579 3.2450544219464081 2.4512009844183904 4.3626209720969191 4.2690636217594138 6.964310672134161 6.1124387662857771 2.5562741607427597 3.318752856925129 2.3394133374094963 2.6897920947521925 4.7618313729763022 2.369085562764667 2.525807065423578 3.2946934103965759 2.8678310723043978 4.8254434987902641 3.9393453598022461 3.8754054699093095 134.94685815833509 474.09416406427044
leaf_count=23615 12 16 13 48 21 32 29 35 29 28 26 14 25 18 42 50 17 30 17 24 22 36 37 18 26 35 25 31 622 3007
internal_value=2.59837e-06 0.00308528 0.00457127 0.00304564 0.00452237 -0.0257684 0.00598086 0.00402778 -0.0135965 0.00742086 0.0106821 0.0179849 0.00273334 0.0131758 -0.000206204 0.00266826 -0.0115178 -0.00655816 0.00297389 -0.0240121 -4.28333e-05 0.00826762 -0.00248983 -0.0193964 0.0067517 0.0358239 0.0271166 -2.65448e-05 0.00137448 0.00161507
internal_weight=6031.39 87.5979 85.1745 82.4386 79.8727 3.66917 76.2036 73.3636 11.8439 61.5197 49.8824 25.9976 23.8848 16.2275 11.9584 13.9877 7.87531 11.6373 8.31854 5.02921 5943.79 6.92454 4.89489 7.65731 5.42411 12.0098 7.1844 5939.03 612.916 609.041
internal_count=28000 703 687 674 662 53 609 561 137 424 324 193 131 88 70 107 57 100 70 41 27297 102 73 43 43 86 51 27275 3660 3629
is_linear=0
shrinkage=0.05


Tree=188
num_leaves=31
num_cat=0
split_feature=38 38 39 10 39 38 39 38 38 39 38 11 39 38 38 39 39 39 39 39 38 39 39 0 0 6 39 40 39 12
split_gain=0.336257 4.12892 4.13013 2.26065 2.09239 3.01512 2.80426 1.86596 1.68073 1.61236 1.81635 2.17399 2.28327 2.10399 2.07059 3.65511 4.06881 1.87497 2.68332 2.50224 3.72517 3.86536 1.84984 2.60818 1.77302 4.64992 3.03454 2.89175 2.91908 1.68616
threshold=3.572450355046128 3.5715146852060999 3.3816002981289501 1.5000000000000002 2.9691539917456269 3.4729297375596802 2.9321041277738069 3.4209799704839883 3.657326753133785 3.5197283634515091 3.6422606651904035 14.500000000000002 3.038855503989351 3.6282182104214895 3.5944740717404371 3.1893099855025779 3.1907548686078333 3.2389904136134029 3.2203127661787532 3.2778374513259747 3.5771824039098052 3.3510810516731371 3.3372426412558736 24.500000000000004 19.500000000000004 1.5000000000000002 2.9124846630988999 0.061553030303030311 2.9997906153230329 5.5000000000000009
decision_type=2 2 2 2 2 2 2 2 2 2 2 2 2 2 2 2 2 2 2 2 2 2 2 2 2 2 2 2 2 2
left_child=1 2 4 -3 6 -6 -1 -8 9 10 13 12 -12 14 17 -16 -17 18 24 -19 -21 -22 -15 -24 27 -26 -27 28 -2 -13
right_child=8 3 -4 -5 5 -7 7 -9 -10 -11 11 29 -14 22 15 16 -18 19 -20 20 21 -23 23 -25 25 26 -28 -29 -30 -31
leaf_value=-0.00095570724235172298 -0.0026805477317480386 0.01712819919629829 0.034971539045815729 -0.012708386919077531 0.008842923802582876 -0.00027356341080977188 -0.0017942640506633243 -0.018916574790787639 0.00021315307162919953 0.023858334664209172 -0.018465596793287728 -0.0063553710195386392 0.014345944710395298 0.0029611041937483863 -0.01726413206535601 0.029371652416613554 -0.0047895903328728159 0.021032429771519003 -0.023788818580415819 0.028077328905673795 -0.050480421306938805 0.0041962197627858138 0.0042286306677513947 0.053165044894084613 0.00096019018676672804 0.076795775858698179 0.016499971063928309 0.013037429293720443 -0.023821016166264374 -0.020283625139444886
leaf_weight=520.86179464950692 52.228753432631493 52.826434120535851 8.4008003473281843 7.2157306671142569 127.8826894313097 311.9026809008792 26.934835195541382 38.880166921764612 4199.5744080792647 5.8103342205286017 6.9574861978180733 180.23970361053944 22.283662468194962 104.12861694768071 56.751546231331304 9.7997705191373807 78.850989339873195 22.770790264010429 13.011799260973929 6.3974648416042355 5.4972827732563001 7.8456919938325882 6.6387338489294034 4.6159557402133942 77.228170480579138 3.3399325007339922 5.5611432492733002 17.922436907887459 23.756044447422028 24.707949586212635
leaf_count=2881 281 236 37 32 577 1361 122 178 19241 27 47 781 108 468 255 40 333 97 54 28 23 33 28 20 333 28 26 78 134 113
internal_value=2.65199e-06 0.000795359 5.57769e-05 0.0135425 -0.000229982 0.00237737 -0.00218451 -0.0119093 -0.000173189 -0.00237661 -0.00258527 -0.00621486 0.00653894 -0.00087273 -0.00266429 -0.00735611 -0.00101328 0.000231803 -0.00186152 0.0097378 -0.00329067 -0.0183305 0.00504246 0.0242992 -0.000276761 0.00490432 0.0391246 -0.00502871 -0.00928995 -0.00803452
internal_weight=6030.82 1094.91 1034.86 60.0422 1026.46 439.785 586.677 65.815 4935.92 736.344 730.534 234.189 29.2411 496.345 380.962 145.402 88.6508 235.56 193.048 42.5112 19.7404 13.343 115.383 11.2547 180.036 86.1292 8.90108 93.9072 75.9848 204.948
internal_count=28000 5424 5156 268 5119 1938 3181 300 22576 3335 3308 1049 155 2259 1743 628 373 1115 934 181 84 56 516 48 880 387 54 493 415 894
is_linear=0
shrinkage=0.05


Tree=189
num_leaves=31
num_cat=0
split_feature=36 39 38 41 39 39 38 38 41 39 38 38 39 39 39 38 41 39 39 11 11 38 39 39 10 39 38 39 38 41
split_gain=0.328279 1.19366 1.0096 0.364081 2.58913 2.60824 2.58179 2.40431 2.38118 1.88368 2.3945 2.12233 1.73346 3.40911 2.90021 1.57901 1.51219 2.09469 1.41095 1.13725 1.46847 1.31593 1.95228 2.11787 1.86013 1.01393 3.01204 2.26789 1.663 1.789
threshold=1.0000000180025095e-35 3.3920199341727337 3.8175083389536781 0.15954545454545457 3.4844403611550336 3.535708989309482 3.8334664053372731 3.7720678163213806 0.15075757575757578 3.622696642244505 3.9525612543885855 3.9365759126444071 3.6586137832561043 3.642260665190403 3.6836992761039777 3.8635368451664447 0.15590277777777781 3.3670668758459548 3.5944740717404371 38.500000000000007 42.500000000000007 4.3256116827850262 4.0862589720034093 4.2395290585057444 1.5000000000000002 3.8441697217888651 4.0988672426813979 3.7948710299710378 4.0323197628658649 0.15075757575757578
decision_type=2 2 2 2 2 2 2 2 2 2 2 2 2 2 2 2 2 2 2 2 2 2 2 2 2 2 2 2 2 2
left_child=3 -2 -3 4 6 8 7 16 -6 10 -7 -11 13 -13 -14 -8 17 -1 -12 21 -21 24 -23 -24 25 26 -16 -28 -27 -30
right_child=1 2 -4 -5 5 9 15 -9 -10 11 18 12 14 -15 19 -17 -18 -19 -20 20 -22 22 23 -25 -26 28 27 -29 29 -31
leaf_value=0.020095988349064186 -0.016546856632959819 0.0013388118809050293 0.056242141804714652 -8.4574634808357973e-05 0.0083215219461108738 0.021924487501598876 0.06012396354836877 -0.02051149825296944 -0.035384992804296168 -0.016528840933186489 -0.026586111521771663 -0.017014695082512677 -0.034151492973052651 0.03733282625049187 -0.0015489531604042242 0.01903383729829387 0.034436386331942598 -0.02194896991784397 0.011919752525666245 -0.0056657392198977757 0.060141517451229469 -0.075563924283510886 0.054930396260469617 -0.043846786631598911 0.034252854665888809 -0.04221072108569425 0.0026264183549460831 0.048684899598740158 0.0076036043941814044 -0.016204120790064686
leaf_weight=8.2132440339773947 2.1949947774410239 1.5582886263728144 1.8097736467607317 5803.4599388043862 4.6406745314598075 21.153008274734024 4.0822874158620817 6.3632113407365969 9.487021327018736 19.294823423027992 4.996534448117016 4.3888464570045462 6.124632015824317 8.4238978438079339 45.684150513261557 5.47191939689219 6.5602472573518744 4.6335074454545966 4.5412731915712357 1.5791263822466128 1.8303046505898235 1.3991446052677923 0.97565060178749297 1.2227603371720759 4.1250821843277654 3.0256020426750174 4.8847713470458967 5.9017067104578018 17.049096595495939 14.689040929079058
leaf_count=55 11 11 35 26706 23 106 20 34 41 92 22 21 27 38 215 28 31 23 21 21 24 13 26 35 51 16 23 29 124 78
internal_value=2.44498e-06 0.0121429 0.0308402 -8.76612e-06 0.0019843 -0.000379269 0.0143906 0.00616001 -0.0210282 0.00132383 0.0125465 -0.00112593 0.00132409 0.0187168 -0.000729974 0.0365907 0.0149051 0.00493141 -0.00825217 0.00126965 0.029662 0.000291433 -0.0293939 -9.66036e-06 0.00141135 -7.35513e-05 0.00406213 0.0278268 -0.0067916 -0.00341508
internal_weight=6029.76 5.56306 3.36806 6024.2 220.742 185.417 35.3244 25.7702 14.1277 171.289 30.6908 140.599 121.304 12.8127 108.491 9.55421 19.407 12.8468 9.53781 102.366 3.40943 98.957 3.59756 2.19841 95.3595 91.2344 56.4706 10.7865 34.7637 31.7381
internal_count=28000 57 46 27943 1237 1046 191 143 64 982 149 833 741 59 682 48 109 78 43 655 45 610 74 61 536 485 267 52 218 202
is_linear=0
shrinkage=0.05


Tree=190
num_leaves=31
num_cat=0
split_feature=10 40 38 39 38 38 11 39 39 39 38 0 38 38 38 38 39 38 40 40 38 38 38 39 39 41 38 38 38 39
split_gain=0.327423 1.11138 1.24179 2.20211 2.25385 1.56632 1.75737 1.73901 2.0462 2.21779 4.10987 1.79543 1.35592 2.54239 1.74842 6.41951 2.86822 1.35197 1.22065 1.26661 2.5762 2.45 1.46872 2.03646 1.5872 2.97105 1.46475 1.89755 1.29372 1.13785
threshold=3.5000000000000004 0.10990338164251208 3.3235831625408392 2.6435987411598707 3.4549046278596376 3.5558672161174503 10.500000000000002 3.0270779758999535 3.107674594476435 3.2389904136134029 3.7201521494487668 20.500000000000004 3.9691044588670015 3.9383978851393668 3.8797789142116303 3.8331702983031941 3.4105065644434074 3.6420882860777777 0.091966173361522213 0.096006144393241177 3.7483615029509889 3.4324466276812697 3.7838244546904183 3.107674594476435 3.3510810516731371 0.19538706256627789 3.5837837983419667 3.6637018666367642 3.7842761036880259 2.9321041277738069
decision_type=2 2 2 2 2 2 2 2 2 2 2 2 2 2 2 2 2 2 2 2 2 2 2 2 2 2 2 2 2 2
left_child=1 18 -3 -4 -5 -6 29 17 -9 11 -11 -10 13 14 15 -12 -16 -8 -1 20 -20 -21 23 -23 -24 -26 -25 -28 -22 -7
right_child=-2 2 3 4 5 6 7 8 9 10 12 -13 -14 -15 16 -17 -18 -19 19 21 28 22 24 26 25 -27 27 -29 -30 -31
leaf_value=-3.972810186349184e-05 0.0021255903894367794 0.021103615361460406 -0.034175785803161891 0.027640625339079308 -0.023884530947480102 0.02637278592046953 -0.041020596020723776 0.024453063001197997 -0.012006402900012331 0.046377083431733614 0.0048790808529490144 -0.048604723176352886 0.0060774709950003492 -0.044100765050785563 -0.014734544071751477 -0.049252021856803434 0.028174875754895658 -0.0086963960295902334 -0.011926115501835833 0.048198661313222819 0.049350547230178558 -0.0093591725958568628 -0.018847468310751972 0.037295281963118924 -0.022781859135620988 0.025439394667400247 -0.012007977321439101 0.024703295712979259 0.017799092242792622 0.0018464006747424891
leaf_weight=5612.337449436076 176.29930048610549 4.6772994846105567 6.2228846698999396 5.4843169003725043 10.213150501251219 6.6870411932468441 5.9196604788303357 5.9709257930517188 12.115394100546839 4.15339671075344 15.665677420794966 4.6323970705270758 19.405063085258007 4.8077177479863158 7.5354505330324164 8.4213663935661298 8.0600603446364385 7.132379874587059 6.2590384483337429 2.7684932351112357 4.2726342082023647 11.478782802820207 15.643309518694879 6.1781234741210964 5.5902248583734018 7.4528807643800974 6.4152807444334012 7.7992304749786854 13.56034955754876 16.148899957537651
leaf_count=25123 1732 23 36 23 45 27 27 25 51 24 75 23 95 23 35 38 38 31 27 12 18 48 67 27 38 75 28 34 65 67
internal_value=2.56358e-06 -6.13844e-05 -0.00426318 -0.00506175 -0.00378905 -0.00504843 -0.00352954 -0.00629177 -0.00383788 -0.00582998 -0.00181845 -0.0221294 -0.00495131 -0.00976167 -0.00560134 -0.0140464 0.00744187 -0.0233568 5.15921e-05 0.00591443 0.0156721 0.0022022 9.93988e-05 0.00748681 -0.00810822 0.00477195 0.0169692 0.0081348 0.0253586 0.00902845
internal_weight=6029.31 5853.01 153.253 148.576 142.353 136.869 126.655 103.819 90.7674 84.7965 68.0487 16.7478 63.8953 44.4903 39.6826 24.087 15.5955 13.052 5699.76 87.4183 24.092 63.3263 60.5578 31.8714 28.6864 13.0431 20.3926 14.2145 17.833 22.8359
internal_count=28000 26268 706 683 647 624 579 485 427 402 328 74 304 209 186 113 73 58 25562 439 110 329 317 137 180 113 89 62 83 94
is_linear=0
shrinkage=0.05


Tree=191
num_leaves=31
num_cat=0
split_feature=41 11 38 39 38 40 38 40 39 41 38 11 39 40 38 0 10 38 41 39 0 38 38 40 38 39 38 39 39 40
split_gain=0.320889 1.82412 4.75398 6.52256 3.93362 2.11485 8.54204 2.70623 2.63733 3.80827 3.87716 3.98089 5.56487 3.0919 3.14641 2.75981 4.97883 2.58525 2.5826 2.93579 3.90932 2.11562 4.56917 2.54557 3.11014 2.81188 3.34356 7.3833 2.49456 2.08672
threshold=0.22967032967032971 13.500000000000002 3.9702989661229862 3.2360563169422236 3.6742902792137371 0.032795698924731186 3.8694540037139569 0.043961352657004842 3.3924473170566602 0.21680376028202117 4.0575256179842079 16.500000000000004 3.6901884542810257 0.1012820512820513 4.0125016497205097 25.500000000000004 3.5000000000000004 3.978598834686681 0.19399641577060936 3.7838244546904183 31.500000000000004 3.6979571675716261 3.7231528091130959 0.13574938574938578 3.8331702983031941 3.5071353490160777 3.7720678163213806 3.3754072918469564 3.3359272410873366 0.043961352657004842
decision_type=2 2 2 2 2 2 2 2 2 2 2 2 2 2 2 2 2 2 2 2 2 2 2 2 2 2 2 2 2 2
left_child=1 2 3 4 -1 -3 21 -8 -9 10 13 -12 -13 14 17 -15 -17 -10 19 -14 -21 28 -23 24 25 26 27 -24 -7 -26
right_child=-2 5 -4 -5 -6 6 7 8 9 -11 11 12 18 15 -16 16 -18 -19 -20 20 -22 22 23 -25 29 -27 -28 -29 -30 -31
leaf_value=0.023045003131510436 -0.00041153708917775368 0.00056210004750849654 -0.024241627293881629 0.043907884054380696 -0.039221323795526647 -0.018726958886557992 -0.011464454861625447 0.043086449221207343 0.029302437676512461 -0.012251159572067349 0.031437765430886722 -0.060786623199479251 0.029888858080817718 -0.012690194000511449 0.057314950258344169 -0.0062803709445671931 0.062406035900298418 -0.012587890022742479 0.03164610752546744 -0.034035177579068619 0.0077902473872919617 0.025689189790894684 0.022242931456200349 -0.044441616667644859 -0.054835761669258611 -0.030829438170414298 0.02608992566031465 -0.050108637191223299 -0.052344411272709029 -0.017551521358004054
leaf_weight=5.042570719495421 2635.2115275596734 3117.6435191743076 6.9630082384683183 14.612194769782944 5.1035936176776886 20.829947840422395 26.560268260538578 4.6430077701807013 16.039331939071424 26.024328582920134 7.5956024228362358 4.4433833304792634 4.4440998937934699 11.166247874498369 7.575525013729929 6.2422254048287851 4.5697321426123381 4.7809602599591008 5.0748118739575139 12.016503309831025 10.441089081577955 7.4127294123172751 7.7074068486690575 6.9317137300968161 5.3922233432531383 6.9808765202760688 10.761359885334967 6.4996611773967743 7.5070736035704604 12.343232255429028
leaf_count=42 12659 13460 75 141 43 93 116 22 81 142 124 26 31 53 38 40 58 27 81 85 248 31 34 36 22 30 47 27 32 56
internal_value=2.41207e-06 0.000323877 0.0122577 0.0225228 -0.00827541 0.000211266 -0.00427173 0.00303046 0.00610897 0.00468317 0.00935216 -0.00148874 -0.00835577 0.0188247 0.0297227 0.00474441 0.0227503 0.0196832 -0.0010701 -0.00724178 -0.0145895 -0.0162581 -0.011224 -0.016057 -0.012097 -0.0027765 0.00506677 -0.0108575 -0.0276329 -0.0288873
internal_weight=6028.56 3393.35 31.7214 24.7584 10.1462 3361.63 243.983 151.617 125.057 120.414 94.3895 44.0155 36.4199 50.374 28.3958 21.9782 10.812 20.8203 31.9765 26.9017 22.4576 92.3662 64.0292 56.6165 49.6848 31.9493 24.9684 14.2071 28.337 17.7355
internal_count=28000 15341 301 226 85 15040 1580 1172 1056 1034 892 595 471 297 146 151 98 108 445 364 333 408 283 252 216 138 108 61 125 78
is_linear=0
shrinkage=0.05


Tree=192
num_leaves=31
num_cat=0
split_feature=38 38 39 40 39 40 38 40 38 39 40 39 38 38 39 38 11 38 38 11 39 39 0 0 11 39 39 39 39 39
split_gain=0.319265 3.75894 3.75699 1.94936 1.8635 2.90519 7.82296 4.97394 3.05249 2.53447 2.46027 1.89255 1.67514 1.48762 1.47643 1.63819 2.03488 1.92037 1.84076 3.50222 2.44864 3.34754 2.89422 1.8968 1.83556 1.82717 1.77654 1.70427 2.42377 2.26097
threshold=3.572450355046128 3.5715146852060999 3.3816002981289501 0.10990338164251208 2.9691539917456269 0.10435571687840291 3.5226417724085599 0.054093567251461992 3.4209799704839883 2.9321041277738069 0.042572463768115944 3.1700299469352529 3.4209799704839883 3.657326753133785 3.5197283634515091 3.6422606651904035 20.500000000000004 3.6282182104214895 3.5944740717404371 16.500000000000004 3.1893099855025779 3.2389904136134029 24.500000000000004 23.500000000000004 21.500000000000004 3.1791996096509831 3.0232263396109507 3.2389904136134029 3.2203127661787532 3.2778374513259747
decision_type=2 2 2 2 2 2 2 2 2 2 2 2 2 2 2 2 2 2 2 2 2 2 2 2 2 2 2 2 2 2
left_child=1 2 4 -3 9 7 -7 8 11 -1 -10 -6 -11 14 15 17 -17 18 27 -20 23 22 -22 25 -18 26 -21 28 -2 -29
right_child=13 3 -4 -5 5 6 -8 -9 10 12 -12 -13 -14 -15 -16 16 24 -19 19 20 21 -23 -24 -25 -26 -27 -28 29 -30 -31
leaf_value=-0.00088271758385054461 -0.0002890466182425264 0.016221835608585984 0.03350950373820815 -0.011565337535653541 0.0097969922168531943 0.068444017740183619 -0.0085716216005494728 -0.037095007976623594 -0.00020121787475841006 -0.001737480019547668 0.022519196598913736 0.038911422146719325 -0.017983898722844654 0.00019450109917170495 0.022963260296774354 -0.0045208052594506642 -0.04798702105877211 0.0048364574841238319 -0.020988936797192839 -0.008994261826652061 0.02683629138971216 -0.0053680063333831594 -0.0098953006735506225 -0.023714717083096176 -0.0123547331386533 -0.027432667762698728 0.030488205425293749 0.019986517155471839 -0.022674413293312878 -0.0031426232051098204
leaf_weight=520.43265990924556 179.76631647290196 53.070099353790283 8.3308777660131437 7.1636383086442939 51.719285443425179 5.8704742863774282 7.522303830832243 8.1725059747695905 347.7759976759553 26.916377332061529 12.337564617395399 6.257028102874755 38.647841457277536 4197.7508426747518 5.7637220174074164 215.21729532140307 4.9092700034379986 115.3297846596688 34.038344200467691 5.8905902206897718 19.349910706281666 48.534312635660172 7.4189573079347602 19.893299236893654 13.701580122113226 4.5295938998460761 5.5179195553064346 22.799442917108536 12.964195191860197 19.692210905253887
leaf_count=2881 880 236 37 32 231 29 37 35 1513 122 58 35 178 19241 27 972 20 516 164 26 80 201 31 83 57 19 24 97 54 84
internal_value=2.48717e-06 0.000775153 6.78357e-05 0.0129171 -0.000203795 0.00225672 0.0251867 0.00153628 0.00229141 -0.00204984 0.000577188 0.0129391 -0.0113142 -0.0001689 -0.00224347 -0.00244261 -0.00589243 -0.000815371 -0.00252892 -0.0069563 -0.00265838 0.00246118 0.0166562 -0.0134176 -0.021754 -0.000565242 0.0101021 0.000203552 -0.00179482 0.00926761
internal_weight=6027.28 1094.22 1033.98 60.2337 1025.65 439.655 13.3928 426.262 418.09 585.997 360.114 57.9763 65.5642 4933.07 735.317 729.553 233.828 495.725 380.395 145.173 111.135 75.3032 26.7689 35.8314 18.6109 15.9381 11.4085 235.222 192.731 42.4917
internal_count=28000 5424 5156 268 5119 1938 66 1872 1837 3181 1571 266 300 22576 3335 3308 1049 2259 1743 628 464 312 111 152 77 69 50 1115 934 181
is_linear=0
shrinkage=0.05


Tree=193
num_leaves=31
num_cat=0
split_feature=38 39 39 38 38 39 38 38 38 0 41 41 11 38 39 40 0 41 40 39 11 39 11 40 39 38 41 41 39 40
split_gain=0.316825 7.39575 4.10877 3.56143 4.29274 3.00583 2.90214 4.15074 3.29779 2.74554 2.46294 2.61482 2.76154 2.54468 3.25292 2.95497 2.29168 2.15338 1.96864 1.96756 4.03409 2.58916 3.58539 1.96898 4.67505 5.139 3.52341 5.49367 6.01651 4.55235
threshold=3.8441697217888655 3.6467030064723334 3.250814583693912 3.8694540037139569 3.8731810575635239 3.3293288462733837 3.8334664053372731 3.8403748315611295 3.8240938637835225 28.500000000000004 0.26201372997711675 0.27888888888888896 13.500000000000002 3.8805927053651881 3.4105065644434074 0.091966173361522213 30.500000000000004 0.15590277777777781 0.10620300751879701 3.6836992761039777 13.500000000000002 3.6901884542810257 20.500000000000004 0.057983193277310933 3.7721310638768926 4.1275228043742151 0.19399641577060936 0.17817460317460321 3.8075592492374004 0.19292803970223329
decision_type=2 2 2 2 2 2 2 2 2 2 2 2 2 2 2 2 2 2 2 2 2 2 2 2 2 2 2 2 2 2
left_child=1 6 -2 5 -5 -4 8 -8 -1 -9 13 -12 -13 14 -6 -16 -10 -7 -19 -15 -21 22 -22 -23 25 -25 27 -26 -29 -30
right_child=2 -3 3 4 10 17 7 9 16 -11 11 12 -14 19 15 -17 -18 18 -20 20 21 23 -24 24 26 -27 -28 28 29 -31
leaf_value=0.00017042681201616015 0.01211016736509745 0.028983047817966359 -0.019757425635578033 0.017337787692179543 -0.019598573235027353 0.026617244875159974 0.035968953545328267 -0.0017031464521667227 -0.007403028203406917 0.031342260325334249 -0.018690555442912989 0.036632513687951 -0.0052056654936092142 0.0017508121313256364 -0.0057134261697957094 0.027584595188564816 -0.039122892482848587 -0.003783243179346018 -0.024904550702012574 -0.054003130517545267 -0.052531090906075731 -0.0016393308430371562 -0.0079367175520537372 0.044540994916699543 0.011825858093769889 -0.021364889999051881 0.015834871068793988 -0.12328853741946129 -0.032080546860885371 0.052754042666529957
leaf_weight=3635.212224143208 63.045765071641654 22.309851359575987 34.015027543529868 35.053395206574351 36.790007652482018 5.6170728206634513 13.118328992277382 36.736576317343861 82.484290987253189 7.5830333828926078 36.810995457693934 4.6223300956189659 26.879309050738811 1060.0328241174575 34.950571522116661 8.232109282165764 6.1164221689105025 269.06805302202702 11.503943263553081 3.68347333674319 5.0103262960910788 476.10136842075735 44.893572861328721 13.400170422159137 13.654544361517766 3.7956171408295623 20.116235950030386 1.6049562655389298 12.207744690589605 1.8166838911129151
leaf_count=16605 276 104 151 154 165 30 61 157 351 35 173 29 125 4687 151 39 27 1134 61 43 27 2455 195 89 242 27 235 14 91 67
internal_value=2.37145e-06 0.000279521 -0.000471852 -0.000839118 7.94269e-06 -0.0057057 0.000110166 0.0112635 -6.18689e-05 0.00395088 -0.00032868 -0.00964119 0.000933376 3.77118e-05 -0.00867346 0.000634326 -0.00959276 -0.00403558 -0.00464925 0.000458317 -0.00183939 -0.00151515 -0.012414 -0.000512948 0.00753968 0.0299936 -0.000276349 -0.0113438 -0.0315858 -0.0210913
internal_weight=6026.47 3803.56 2222.91 2159.86 1839.66 320.204 3781.25 57.4379 3723.81 44.3196 1804.6 68.3126 31.5016 1736.29 79.9727 43.1827 88.6007 286.189 280.572 1656.32 596.285 592.601 49.9039 542.697 66.596 17.1958 49.4002 29.2839 15.6294 14.0244
internal_count=28000 17340 10660 10384 9008 1376 17236 253 16983 192 8854 327 154 8527 355 190 378 1225 1195 8172 3485 3442 222 3220 765 116 649 414 172 158
is_linear=0
shrinkage=0.05


Tree=194
num_leaves=31
num_cat=0
split_feature=28 38 38 39 6 40 0 39 38 39 38 38 40 39 38 38 40 39 12 39 38 38 39 38 38 38 38 39 39 38
split_gain=0.318201 2.24427 0.97438 3.28049 0.33954 2.14692 4.05729 4.58849 4.46944 7.73792 1.98537 2.39434 1.66276 1.46091 1.79689 1.72756 1.36109 1.28594 3.15704 3.50316 2.21155 8.32737 2.82682 4.76109 3.84407 3.60217 4.17511 3.4584 3.49812 3.25365
threshold=1.0000000180025095e-35 3.7469261921013279 3.879456487392646 3.6309005040087921 1.5000000000000002 0.039230769230769243 25.500000000000004 3.5465164544829775 3.7842761036880259 3.0079457296242302 3.4693760755761058 3.293716890073298 0.10435571687840291 3.7745165547421649 4.0270779758999522 4.1039458654316352 0.10990338164251208 3.2030314438610916 6.5000000000000009 3.1791996096509831 3.9133352175882434 3.9290085322349744 3.4729297375596802 3.8101126321183503 3.7547497328258266 3.7981269578727654 3.7948710299710378 3.5197283634515091 3.5219916518807821 3.8175083389536781
decision_type=2 2 2 2 2 2 2 2 2 2 2 2 2 2 2 2 2 2 2 2 2 2 2 2 2 2 2 2 2 2
left_child=4 -2 -3 -4 -1 10 7 8 9 12 11 -6 -7 15 -15 17 -14 18 19 -12 22 -22 25 24 -24 26 -19 -25 -29 -27
right_child=1 2 3 -5 5 6 -8 -9 -10 -11 13 -13 16 14 -16 -17 -18 20 -20 -21 21 -23 23 27 -26 29 -28 28 -30 -31
leaf_value=9.2078481199398858e-05 -0.04052605108339799 0.046563762652387562 -0.042792026863635146 0.054075830530402463 0.033480586748979052 0.089501019655571543 0.070244383185819687 -0.063681044283283014 0.046394414397628626 -0.04647305706982946 0.0012510908112284341 -0.032112182849102187 -0.089998857282840378 -0.041876571343392961 -0.0069575229562671304 0.026229224377972628 0.03431866131222433 -0.0069612971350004275 -0.037022187060047541 0.027071973139031969 0.066017529318788015 -0.00076227149829119099 -0.027067243183675739 -0.057653823575347478 0.031581669849646714 0.041285427039433449 -0.054289788538601537 0.023061863988115508 -0.029252222888001552 0.0024254776869768128
leaf_weight=5598.7405140375486 1.7195805460214604 2.7049866914749146 1.7140961289405825 1.7833399721421299 1.6223589703440655 1.4396680444479044 2.8064990378916255 2.1090804487466803 6.5410716133192173 5.3340011145919561 97.643727079033852 9.7678605839610082 0.24671894311904941 4.5244621485471752 19.836321726441383 5.8192438483238211 2.0461508409352973 60.581625416874886 4.7180607616901389 15.177644863724707 4.9537431001663199 81.013255372643471 4.6360775679349882 7.9470190703868893 7.0312418043613434 6.1667187362909308 5.0480284690856925 4.0155799686908749 15.646779656410216 42.573386698961258
leaf_count=25632 8 14 10 41 15 6 25 9 32 36 534 104 1 20 89 25 186 295 26 67 21 369 21 40 33 28 24 18 73 198
internal_value=2.48806e-06 0.0100167 0.0240294 0.00660082 -1.06945e-05 -0.00138316 0.0143878 0.00553952 0.0148934 -0.00783307 -0.00219492 -0.0227695 0.0473856 -0.00158989 -0.0134429 -0.000794374 0.0209418 -0.00123468 0.00304899 0.00472473 -0.00333598 0.00308583 -0.00692907 -0.0185021 0.00827718 -0.00295469 -0.0106017 -0.0298186 -0.0185683 0.00734213
internal_weight=6025.91 7.922 6.20242 3.49744 6017.99 419.246 20.5232 17.7167 15.6076 9.06654 398.723 11.3902 3.73254 387.333 24.3608 362.972 2.29287 357.153 117.539 112.821 239.613 85.967 153.646 39.2767 11.6673 114.37 65.6297 27.6094 19.6624 48.7401
internal_count=28000 73 65 51 27927 2295 295 270 261 229 2000 119 193 1881 109 1772 187 1747 627 601 1120 390 730 185 54 545 319 131 91 226
is_linear=0
shrinkage=0.05


Tree=195
num_leaves=31
num_cat=0
split_feature=38 7 11 39 10 40 12 39 41 41 38 40 38 41 39 38 39 12 11 38 39 38 40 41 39 39 11 39 41 0
split_gain=0.318882 1.56424 2.07365 1.23201 1.63781 1.10049 0.526156 0.725718 1.6347 2.42587 1.31417 1.95409 1.33378 1.10034 0.832897 0.697336 0.684987 0.63538 1.37056 2.10473 0.745162 0.599962 2.74381 3.84004 2.38838 2.12693 1.91575 1.76466 1.74748 2.34018
threshold=4.3946488582442438 3.5000000000000004 28.500000000000004 4.2176182668337079 5.5000000000000009 0.1856158484065461 8.5000000000000018 4.0548094206516554 0.16172624237140368 0.15075757575757578 4.2810611664964666 0.14434523809523811 4.2543605575584804 0.19292803970223329 3.892566011853154 4.2654321889523965 3.9482810599910683 7.5000000000000009 26.500000000000004 4.0043543155378369 3.7962017251771987 4.2165949164547696 0.096006144393241177 0.21320346320346323 3.9699956519455788 3.9699956519455788 31.500000000000004 3.9330737427042401 0.15075757575757578 32.500000000000007
decision_type=2 2 2 2 2 2 2 2 2 2 2 2 2 2 2 2 2 2 2 2 2 2 2 2 2 2 2 2 2 2
left_child=6 2 3 -2 -5 -6 7 10 9 -9 12 -12 17 -10 -14 -16 -8 21 19 -19 -20 25 24 -24 -23 27 -27 -1 -29 -30
right_child=1 -3 -4 4 5 -7 16 8 13 -11 11 -13 14 -15 15 -17 -18 18 20 -21 -22 22 23 -25 -26 26 -28 28 29 -31
leaf_value=3.7797437939938543e-05 0.024566686267266036 -0.072289338140198209 0.054535970953839191 -0.097161595893464334 -0.060079800402603981 0.052130416105463186 0.031297723347924446 0.029271361644491511 0.054395029869347758 -0.048169043449331005 -0.0057134264848886203 -0.064046393881300123 -0.002015109515106822 0.0098693454516594198 0.058854508939604304 0.017538435843860733 -0.0042320791527142966 -0.056327052897135903 0.021187396460047192 0.0005741767241901573 -0.013535248270282345 0.024852009111344761 -0.085954899473232843 0.013021757028768089 -0.025905879967708323 0.03761021328948274 -0.021062809405646421 0.017413680229182486 -0.010931270769101073 -0.055974129460089755
leaf_weight=5938.8565715391887 0.86401680717244733 0.90005294233560551 1.2277383822947738 0.86745524406433083 0.41005902737379074 0.46775033627636731 3.0473046489059916 1.972174302674828 2.6791724156355485 2.0756007835734636 5.4482705369591704 1.9493548350874332 2.1785264834761611 2.8781368224881589 1.8629667358472941 2.2604625024832785 2.4449653290212154 3.1787452064454538 3.4334305338561535 3.3251325227320194 2.8094572806730866 5.6654496546834689 2.3702558248769483 1.6707021389156578 3.9219724461436272 6.5943522475426999 1.7632392868399618 3.2668790630996254 10.746166523545979 3.9411809225566676
leaf_count=27094 27 6 27 5 4 37 23 38 76 16 44 40 16 61 22 28 18 20 24 21 21 40 38 17 35 81 17 23 57 24
internal_value=2.22022e-06 -0.0129654 0.000950309 -0.0242632 -0.0484371 -0.000287357 1.24237e-05 -1.70105e-06 0.013731 -0.0104382 -2.36658e-05 -0.0210848 2.31056e-06 0.0313351 0.0229927 0.0362051 0.0154811 -2.18709e-05 -0.0111731 -0.0272361 0.00556133 1.90352e-06 -0.010477 -0.0450338 0.00408824 2.58442e-05 0.0252317 -9.52044e-06 -0.0156612 -0.023018
internal_weight=6025.08 4.73707 3.83702 2.60928 1.74526 0.877809 6020.34 6014.85 9.60508 4.04778 6005.24 7.39763 5997.85 5.55731 6.30196 4.12343 5.49227 5991.54 12.7468 6.50388 6.24289 5978.8 13.6284 4.04096 9.58742 5965.17 8.35759 5956.81 17.9542 14.6873
internal_count=28000 106 100 73 46 41 27894 27853 191 54 27662 84 27578 137 66 50 41 27512 86 41 45 27426 130 55 75 27296 98 27198 104 81
is_linear=0
shrinkage=0.05


Tree=196
num_leaves=31
num_cat=0
split_feature=7 38 39 39 39 39 41 39 39 38 38 38 39 39 39 39 39 41 40 41 39 39 41 39 39 38 38 38 38 39
split_gain=0.315648 1.08964 2.06677 2.05721 1.5841 2.09859 2.29289 3.04416 1.69497 1.56993 3.27161 3.14318 2.73788 2.57084 2.95462 2.24179 2.94721 2.21423 2.02639 1.94506 3.37169 2.76811 1.79058 2.14326 1.85378 2.53657 1.87103 3.531 2.70765 2.0163
threshold=1.0000000180025095e-35 3.6467030064723334 3.2408350000536879 3.2526449285380048 3.0276910321408108 2.9321041277738069 0.28102564102564109 2.7237043259426157 3.0850088017388173 3.8101126321183503 3.8426141429928031 3.8038690757349274 3.4661523962860348 3.5006989127170525 3.5465164544829775 3.2731275256415033 3.2360563169422236 0.267948717948718 0.09449404761904763 0.25462962962962971 3.5006989127170525 3.5711025431757997 0.21132376395534294 3.4623003290109104 3.5845731102501732 3.657326753133785 3.7842761036880259 3.7543026367411141 3.7529533538348692 3.2731275256415033
decision_type=2 2 2 2 2 2 2 2 2 2 2 2 2 2 2 2 2 2 2 2 2 2 2 2 2 2 2 2 2 2
left_child=-1 2 4 -4 5 6 -2 -8 -6 11 12 18 -11 -14 -15 16 -12 19 22 -17 -21 -22 23 -3 25 -24 27 28 -27 -29
right_child=1 9 3 -5 8 -7 7 -9 -10 10 15 -13 13 14 -16 17 -18 -19 -20 20 21 -23 24 -25 -26 26 -28 29 -30 -31
leaf_value=-0.00013885021823302718 0.03486005909505259 -0.0031213893042578902 0.045465463720153344 0.010809766548139312 -0.03150087293276068 0.027627635843531086 0.021183437464370583 -0.024355831257630085 -0.0012032171595565287 0.0019540350930870236 -0.0034334139215813839 -0.043940014322691581 0.057361101762671701 -0.0092500059675044693 0.03812126942738172 0.00020621273864632043 0.047429546641786835 -0.0094626831266983093 0.026381400138647412 0.037084598491037499 -0.016599059364559864 0.016498784048521033 -0.031391616908182991 -0.046367851705563873 0.022755718291958948 -0.0026867675725182547 -0.014009829274534298 0.032727634058879358 -0.039760360452644257 0.0064930208123286665
leaf_weight=5228.9879107569577 3.8512756871059599 6.3672778755426389 5.2921987529844072 22.438630536198616 5.3247247338294974 10.78419664967805 5.7040842175483695 10.28953320160508 34.691227031871676 17.843288337811828 5.5926425680518133 4.7190246060490599 5.6885469593107727 5.8905425965785962 7.4606523290276527 369.02228899195325 5.8034765869379044 54.297303082421422 5.8346472196280947 9.9817525912076217 10.71256786491722 15.396420417353509 7.6804710030555716 5.2084597200155258 7.0992906168103209 83.232197985053062 26.553852237761021 9.9199168682098371 5.2347112074494353 27.987045422196388
leaf_count=23572 17 27 26 103 24 50 29 54 151 83 24 21 28 30 40 2469 25 258 60 42 47 73 34 24 37 358 115 41 22 116
internal_value=2.34431e-06 0.000929976 0.00585625 0.0174235 0.00131566 0.0098736 0.000225634 -0.00811436 -0.00523478 0.000235198 0.00168571 -0.00364397 0.0160261 0.0292138 0.0172211 0.000562283 0.0224686 1.88761e-05 -0.00261674 0.00128969 0.0123681 0.00291868 -0.00356046 -0.02258 -0.00224767 -0.00335289 -0.0019447 0.000590441 -0.00488046 0.0133584
internal_weight=6024.89 795.902 98.3759 27.7308 70.645 30.6291 19.8449 15.9936 40.016 697.526 507.689 189.837 36.883 19.0397 13.3512 470.806 11.3961 459.41 185.118 405.113 36.0907 26.109 179.283 11.5757 167.707 160.608 152.928 126.374 88.4669 37.907
internal_count=28000 4428 454 129 325 150 100 83 175 3974 3119 855 181 98 70 2938 49 2889 834 2631 162 120 774 51 723 686 652 537 380 157
is_linear=0
shrinkage=0.05


Tree=197
num_leaves=31
num_cat=0
split_feature=36 41 38 39 38 39 38 38 39 38 38 39 41 11 41 41 11 38 39 40 0 38 11 11 40 39 6 0 39 11
split_gain=0.304979 1.17742 0.325063 7.95789 5.31189 4.12531 3.04353 3.92917 3.631 3.01558 2.86085 2.13675 2.4194 3.11071 2.12232 2.37937 2.55513 2.26688 2.95322 2.67165 2.06054 1.98712 1.93747 2.5687 1.87832 1.85837 2.50508 2.46482 2.1267 2.06332
threshold=1.0000000180025095e-35 0.21913109756097562 3.8426141429928031 3.6467030064723334 3.8334664053372731 3.250814583693912 3.8694540037139569 3.8731810575635239 3.3293288462733837 3.8240938637835225 3.7981269578727654 3.4283042823044894 0.18469785575048733 23.500000000000004 0.26201372997711675 0.27888888888888896 13.500000000000002 3.8805927053651881 3.4105065644434074 0.091966173361522213 30.500000000000004 3.8870841666935103 15.500000000000002 16.500000000000004 0.088562091503267992 3.5219916518807821 1.5000000000000002 30.500000000000004 3.6215518189034177 22.500000000000004
decision_type=2 2 2 2 2 2 2 2 2 2 2 2 2 2 2 2 2 2 2 2 2 2 2 2 2 2 2 2 2 2
left_child=2 -2 3 4 9 -4 8 -8 -7 -1 -5 -6 13 -13 17 21 -17 18 22 -20 -11 -16 -9 -24 25 27 28 -10 -27 -30
right_child=1 -3 5 10 11 6 7 14 24 20 -12 12 -14 -15 15 16 -18 -19 19 -21 -22 -23 23 -25 -26 26 -28 -29 29 -31
leaf_value=0.00017376410356347482 -0.0065619948668502528 0.040981597098697115 0.0119498577020369 0.012891997730607969 0.046297977649776709 -0.020071159081034445 0.016564602153222585 -0.038999875041970077 -0.00063999472843029803 -0.0070777480816366298 0.051513682892891544 -0.019474076020137957 0.036930076289804444 0.031050479303759621 0.0053678334083129345 0.03560977001965706 -0.0048018811007107349 0.00037891813895639257 -0.0054116349263660067 0.026293697151868148 -0.037055617417090139 -0.023529537377604284 0.0031073371909351578 -0.027300423184493234 -0.020068740566903661 -0.011527036291881168 -0.038477818302062199 0.027483480504619257 -0.0036342015519576377 0.021243436270473676
leaf_weight=3630.8034358855803 3.37636840250343 2.1198141747154295 64.796747952699661 9.493098661303522 6.8806221187114742 36.380979162175208 34.965481582097709 8.8882226343266648 176.90546772629023 82.452975840773433 9.6881537809967977 7.5947303907014447 7.2964511923491946 5.0869819596409798 7.467181682586669 4.5790311433374908 26.830249469727278 1654.3216220688773 34.928658410906792 8.2052639499306661 6.1604404523968688 29.261512633413076 13.814524099230766 13.967139184474945 16.017683777958155 64.195824235677719 6.1798144280910483 8.1498220860958082 32.265368416905403 11.237472914159296
leaf_count=16583 36 21 284 44 31 161 154 46 737 351 45 32 34 25 32 29 125 8140 151 39 27 141 61 58 83 273 31 38 137 51
internal_value=2.31313e-06 0.011775 -8.43731e-06 0.000275815 0.000111341 -0.000483436 -0.000851548 -3.61737e-05 -0.0051154 -4.8652e-05 0.0323992 0.0222672 0.0139908 0.000792706 -0.000358243 -0.00901413 0.00108957 -1.81325e-05 -0.00824893 0.000619595 -0.00916182 -0.0176545 -0.0186808 -0.0121801 -0.00338782 -0.00249401 -0.0075195 0.000598561 -0.0057431 0.00279209
internal_weight=6024.31 5.49618 6018.81 3765.46 3746.28 2253.36 2188.56 1837.23 351.332 3719.42 19.1813 26.8588 19.9782 12.6817 1802.26 68.138 31.4093 1734.13 79.8038 43.1339 88.6134 36.7287 36.6699 27.7817 314.951 298.934 113.878 185.055 107.699 43.5028
internal_count=28000 57 27943 17172 17083 10771 10487 8976 1511 16961 89 122 91 57 8822 327 154 8495 355 190 378 173 165 119 1350 1267 492 775 461 188
is_linear=0
shrinkage=0.05


Tree=198
num_leaves=31
num_cat=0
split_feature=40 39 38 38 41 38 39 41 38 39 38 38 38 40 40 38 38 40 38 40 40 38 41 38 38 41 41 39 40 39
split_gain=0.309474 1.10451 1.43411 1.08574 1.46879 0.987426 2.73622 1.84537 3.51249 1.26382 4.87617 1.87268 1.41972 1.09658 0.516513 1.48591 0.862415 0.493344 3.71846 0.614233 0.908648 0.79792 5.14392 0.538287 0.831496 2.18904 3.37826 1.10936 1.80176 0.919031
threshold=0.30151515151515157 2.131011422493156 3.4110097353675966 4.030877617342794 0.11696306429548566 3.8797789142116303 3.1810996580484505 0.23606811145510839 3.7193351740411753 2.6499918208507922 3.5180930346395796 3.4324466276812697 3.5754877035188977 0.35504201680672276 0.36515151515151517 3.6850506496423425 3.6809850782491051 0.2834821428571429 3.7720678163213806 0.26568627450980398 0.25866188769414583 3.8443087154995541 0.22653958944281527 4.3946488582442438 4.3130497913330537 0.17445652173913045 0.15707236842105265 4.0595379647257905 0.025657894736842109 3.978598834686681
decision_type=2 2 2 2 2 2 2 2 2 2 2 2 2 2 2 2 2 2 2 2 2 2 2 2 2 2 2 2 2 2
left_child=17 -2 -3 5 -5 6 7 8 -4 10 11 -9 -11 -7 16 -16 -14 19 -19 20 23 -21 -23 24 27 26 -26 29 -29 -1
right_child=1 2 3 4 -6 13 -8 9 -10 12 -12 -13 14 -15 15 -17 -18 18 -20 21 -22 22 -24 -25 25 -27 -28 28 -30 -31
leaf_value=-2.9148609324845431e-05 -0.08733298505802578 0.061119930245455548 0.014864076552925591 -0.048553994657685208 0.052208428429903891 -0.038838066213098613 0.054544733272494886 -0.020668785583838577 -0.06958723916722688 0.0605618326605767 -0.089388067973861243 0.065796606243681388 0.034849598322370494 0.0024601382885152869 -0.039513070881549539 0.028973055806228162 0.0041112118281331211 -0.036311398887841927 0.037700809455538414 0.025868280028640681 -0.021422862415277123 0.053049972442598452 -0.099336477800469697 -0.017620495668421686 0.034854860509784424 0.043480686907369837 -0.059533955463529666 -0.045660469322097129 0.018859216950400756 0.012450440473568981
leaf_weight=5935.0840139430948 0.3240887385327359 1.1186539572663594 2.4798401733860436 0.43606401118449811 2.119632410351187 2.9454210335388771 2.5651243661995968 1.1903020490426599 2.4453612323850393 1.4734995368635271 1.48846446769312 1.3213648006785659 3.4181966036558133 3.5382718204054981 1.7588390387827524 1.4407968348823486 6.8642726615071297 5.2965780440717927 2.497160816565156 4.9374615233391514 4.9581572986207894 1.3412220941390844 0.9432501234114169 4.3357365331612518 1.9835695363581174 3.7819568668492138 1.8157067946158347 3.2133064176887265 1.6314381586853413 14.789403805509208
leaf_count=26706 8 33 23 10 112 31 73 24 25 53 23 36 22 55 50 31 47 31 45 39 40 46 13 61 24 73 18 35 38 175
internal_value=2.26408e-06 0.00456545 0.00537911 0.00362192 0.0350159 0.00118541 0.00547246 0.000201462 -0.027066 0.00728626 -0.0176774 0.0248199 0.0139632 -0.0163009 0.00887031 -0.00867375 0.0143296 -2.58838e-05 -0.0125974 -9.496e-06 -2.71203e-05 0.0145635 -0.00986983 -9.34081e-06 3.46588e-06 0.0165518 -0.0102544 -1.76026e-05 -0.0239339 1.87149e-06
internal_weight=6023.54 36.9282 36.6041 35.4855 2.5557 32.9298 26.4461 23.8809 4.9252 18.9557 4.00013 2.51167 14.9556 6.48369 13.4821 3.19964 10.2825 5986.61 7.79374 5978.82 5971.59 7.22193 2.28447 5966.64 5962.3 7.58123 3.79928 5954.72 4.84474 5949.87
internal_count=28000 656 648 615 122 493 407 334 48 286 83 60 203 86 150 81 69 27344 76 27268 27170 98 59 27130 27069 115 42 26954 73 26881
is_linear=0
shrinkage=0.05


Tree=199
num_leaves=31
num_cat=0
split_feature=7 39 39 39 38 38 38 39 11 11 0 39 39 39 11 0 40 38 39 11 40 0 11 0 32 38 0 39 39 39
split_gain=0.304281 2.47496 5.36548 3.14479 5.03991 5.0421 2.3895 1.30209 1.18918 1.55213 1.2494 1.90015 1.8003 4.2155 1.51982 2.81349 1.21182 2.10602 1.18647 2.32681 1.10417 1.06341 1.01663 0.976407 0.705498 0.642489 1.61356 3.09145 1.21001 1.94172
threshold=1.5000000000000002 3.3510810516731371 3.3929372919485519 3.4534939707360945 3.8563805301751684 3.9290085322349744 3.9954766092749705 3.5375986596785869 38.500000000000007 32.500000000000007 39.500000000000007 4.1247476260021463 3.9022431950643792 3.8768917467430883 29.500000000000004 30.500000000000004 0.032795698924731186 4.1111379681377498 3.642260665190403 27.500000000000004 0.14907407407407411 30.500000000000004 24.500000000000004 24.500000000000004 1.0000000180025095e-35 4.3256116827850262 28.500000000000004 4.021991651880783 4.2176182668337079 4.0862589720034093
decision_type=2 2 2 2 2 2 2 2 2 2 2 2 2 2 2 2 2 2 2 2 2 2 2 2 2 2 2 2 2 2
left_child=24 23 -3 -4 -5 22 7 -7 9 10 12 -12 13 16 15 -14 17 18 -8 -20 -13 -9 -6 -2 25 -1 -27 -28 29 -29
right_child=1 2 3 4 5 6 8 21 -10 -11 11 20 14 -15 -16 -17 -18 -19 19 -21 -22 -23 -24 -25 -26 26 27 28 -30 -31
leaf_value=-7.6566058994367929e-06 -0.039340653775444837 0.075814326746857619 -0.058117383528917724 0.047787360547283289 -0.017827103752652281 0.0016001510642013501 -0.0067569328844036755 0.018860241527320871 -0.031004708429450911 0.034858840265852627 -0.071381378954220517 0.045581822855574404 -0.0039201201794001259 -0.055285175246194841 -0.017602931077142985 0.060859034324371578 -0.022916882429764585 -0.019912103913419115 0.037364904688491109 -0.010175086784727339 -0.033222743293150621 0.058814642147139523 -0.049847747987422704 -0.0063349742691909241 -0.019242208542309475 0.030664614266816714 -0.10244807093752276 -0.039128686018948713 -0.040381071815668745 0.053710583296772633
leaf_weight=5925.0415807178942 4.238038018345831 2.6445426046848288 2.0246590515598646 6.3043840378522864 5.8267171513289195 2.9376645684242231 3.9314716532826557 2.9449444394558668 2.5558019489981225 3.7474363241344681 1.4391896848101162 0.8827284052968023 2.8416314022615534 3.3131433734670273 1.7717571035027502 4.0867740334942937 3.4363411078229538 4.8865628093481055 9.5609791427850706 3.5219782516360274 0.89536104863509536 3.8328874064609408 4.3141184747219086 4.7546377219259739 4.7797622065991154 1.4655840778723348 1.1158219077624378 0.96382985939271781 1.703429269371554 1.354936145013198
leaf_count=27144 22 13 13 43 34 17 23 21 18 41 21 14 30 30 17 70 27 38 65 28 32 35 27 24 22 17 14 12 39 49
internal_value=2.44463e-06 0.00294324 0.00581727 0.003351 0.00505508 0.00101775 0.00683615 0.0294038 0.0021583 0.00407091 0.00122689 -0.0286706 0.00380218 -0.00224693 0.0237225 0.0342904 0.00468842 0.00901978 0.0173291 0.024567 0.0058996 0.0414546 -0.0314493 -0.0218898 -4.05019e-05 -2.5029e-05 -0.0156123 -0.0288125 -0.0083848 0.0151205
internal_weight=6023.12 86.6937 77.7011 75.0565 73.0319 66.7275 56.5867 9.7155 46.8712 44.3154 40.5679 3.21728 37.3506 28.6505 8.70016 6.92841 25.3373 21.901 17.0144 13.083 1.77809 6.77783 10.1408 8.99268 5936.42 5931.65 6.6036 5.13802 4.0222 2.31877
internal_count=28000 703 657 644 631 588 527 73 454 436 395 67 328 211 117 100 181 154 116 93 46 56 61 46 27297 27275 131 114 100 61
is_linear=0
shrinkage=0.05


Tree=200
num_leaves=31
num_cat=0
split_feature=38 38 41 10 11 41 41 11 41 38 38 41 11 0 38 38 38 38 38 38 41 38 38 0 38 38 38 40 6 40
split_gain=0.300619 2.62663 2.69455 1.44081 0.854865 0.839276 0.891546 0.81494 0.823198 0.701405 0.699281 0.652076 0.676023 1.28385 0.610704 1.1265 1.39059 0.985952 1.27074 1.03771 0.585121 0.577186 0.535582 0.528689 0.54279 0.460641 0.574494 7.36027 5.01665 2.82789
threshold=3.214107439323338 3.1830947672697021 0.26201372997711675 1.0000000180025095e-35 10.500000000000002 0.31909090909090915 0.31142241379310348 11.500000000000002 0.31909090909090915 3.2466689551453567 3.9213754263914278 0.26006441223832533 12.500000000000002 15.500000000000002 3.6422606651904035 3.7838244546904183 3.7130633111196718 3.5715146852060999 3.5771824039098052 3.4693760755761058 0.27681992337164757 3.1033913618732405 3.3084829020490516 20.500000000000004 3.8841694071874975 3.2728549613273388 3.4729297375596802 0.10435571687840291 1.5000000000000002 0.054093567251461992
decision_type=2 2 2 2 2 2 2 2 2 2 2 2 2 2 2 2 2 2 2 2 2 2 2 2 2 2 2 2 2 2
left_child=1 2 -1 5 10 6 -4 8 14 -9 22 -3 13 -13 17 16 20 19 -19 -6 -16 -7 -2 24 -17 -11 27 28 29 -27
right_child=4 11 3 -5 7 21 -8 9 -10 25 -12 12 -14 -15 15 23 -18 18 -20 -21 -22 -23 -24 -25 -26 26 -28 -29 -30 -31
leaf_value=0.041541581249132209 0.017383301068540167 -0.039263669354836717 -0.0070018350517983483 0.027357517029545444 -0.0071351269082658474 -0.0034354655990101284 0.015355268740953843 0.010136872054049426 0.016743401337190541 -0.0081326646592103698 0.026480228796148871 -0.054799936437172458 0.0030813994817521029 -0.0024502473695327646 -0.0095131919686599169 -0.0057423424624459072 0.031125937912065794 -0.03156228530517742 -0.0051335414769868096 0.012641409023800239 0.0099535161200357478 -0.029561293011773633 0.0026708440568441391 0.0057915116566165147 -0.023683649524148288 0.0026806959833206609 -0.00010962252762575602 0.064855637783622466 -0.03129930878070171 -0.034096537206956788
leaf_weight=3.9875470222905269 6.5105943768285206 4.4544496033340675 14.690108254551893 3.7304410506039849 47.324332296848297 3.6244768947362882 6.4026750475168219 17.11929464712739 4.5780932381749144 17.354385182261467 3.3678915426135054 2.2174923494458199 3.0485211163759232 2.4821610059589148 7.1919896230101612 13.699705764651304 5.0563426660373798 8.7218705564737338 9.5047298148274404 7.7143757641315451 8.3322306424379331 5.0729558318853378 123.99379303550813 5.8986297436058512 6.08947530388832 362.7503354549408 5296.242114720284 4.5861567705869666 11.560900077223776 5.3033204972743979
leaf_count=24 40 21 80 18 294 35 41 87 29 85 76 29 15 17 36 57 31 41 54 36 36 46 932 48 29 1703 23886 21 130 23
internal_value=2.61905e-06 -0.00386954 0.00268599 -0.00193619 3.48459e-05 -0.00560445 -0.000215378 -5.57276e-05 -0.00406403 3.13215e-05 0.00398534 -0.0240198 -0.0152561 -0.027151 -0.00486095 -0.0003637 0.00835252 -0.00770105 -0.0177803 -0.00436319 0.000935069 -0.0186739 0.00340482 -0.00734696 -0.0112632 9.58897e-07 2.5808e-05 0.00189273 0.00113207 0.00215077
internal_weight=6022.61 49.7108 37.5082 33.5207 5972.9 29.7902 21.0928 5839.03 124.112 5714.92 133.872 12.2026 7.74817 4.69965 119.534 46.2684 20.5806 73.2653 18.2266 55.0387 15.5242 8.69743 130.504 25.6878 19.7892 5697.8 5680.44 384.201 379.615 368.054
internal_count=28000 326 244 220 27674 202 121 26626 691 25935 1048 82 61 46 662 237 103 425 95 330 72 81 972 134 86 25848 25763 1877 1856 1726
is_linear=0
shrinkage=0.05


Tree=201
num_leaves=31
num_cat=0
split_feature=28 0 41 39 39 38 38 39 39 38 39 0 11 39 38 39 0 11 11 41 39 38 39 38 7 0 39 0 39 38
split_gain=0.294141 1.42324 0.560498 0.29379 0.80644 4.12688 0.890815 3.92757 0.747404 0.640742 0.780129 1.0935 0.698265 0.93368 1.08858 1.05234 0.998806 0.874857 0.765096 0.708303 1.09764 2.75721 1.69628 0.890722 1.79513 1.71918 1.35223 1.64858 1.19964 1.60408
threshold=1.0000000180025095e-35 27.500000000000004 0.18834459459459463 2.2426799698513049 2.2663326399706238 3.3084829020490516 3.15380640324469 2.4305059097167985 2.6435987411598707 3.214107439323338 2.7263487792301757 18.500000000000004 10.500000000000002 3.2526449285380048 3.8443087154995541 2.4886587483575435 17.500000000000004 7.5000000000000009 9.5000000000000018 0.23861283643892342 2.9852281360342525 3.7483615029509889 3.1791996096509831 3.7293346647261134 1.0000000180025095e-35 19.500000000000004 2.9997906153230329 18.500000000000004 2.6499918208507922 3.6427819312973484
decision_type=2 2 2 2 2 2 2 2 2 2 2 2 2 2 2 2 2 2 2 2 2 2 2 2 2 2 2 2 2 2
left_child=3 -2 -3 -1 5 -5 7 -6 -9 10 11 -8 13 15 -15 16 -11 -18 -16 20 -17 -22 -23 24 26 -25 28 -28 -21 -30
right_child=1 2 -4 4 6 -7 9 8 -10 12 -12 -13 -14 14 18 19 17 -19 -20 23 21 22 -24 25 -26 -27 27 -29 29 -31
leaf_value=0.0066393656406259841 -0.0060182315924296199 0.05768716669652986 0.012026715063647653 -0.046860114988113766 -0.0340652395839127 0.015029595151807996 -0.0060057196217548842 0.01789519992908167 0.0459895977784016 0.0035900402110135409 0.0052017094897781335 -0.036261958170084138 -8.3021901799246189e-05 0.056134053535478859 -0.00013846337463791489 -0.022511659165722984 0.01020415560017067 0.069816533581299176 0.031513221984660791 -0.0017680675787804575 0.057724263529409674 0.020501837263549257 -0.034140619083434902 0.0044549818301806727 -0.028290221463358863 0.051584021395237906 -0.00034807883581248583 -0.036359083580692113 0.018586909506780335 -0.0033170581428875034
leaf_weight=16.564953519962728 5.0838378369808188 1.6054905906785282 1.1560543198138473 5.0210259705781919 3.3530514296144238 5.810739554464817 9.3244607225060481 6.3489853516221029 3.7748097479343414 2.8765445947647086 6.6219081729650489 4.3932893723249427 5824.4307999920566 1.6007057556416828 5.370185094419865 7.3706809589639288 1.012789121363312 1.5688434243202209 2.962496496969834 27.585601606406271 1.8488030368462203 2.3708011857233942 3.5425524138845503 7.133189953863619 4.8310796953737727 2.6553147381637245 12.119691595435144 4.3078349381685248 27.137943911715411 12.078430437948553
leaf_count=115 25 25 23 58 21 37 59 40 17 16 33 22 26515 30 67 41 42 8 66 206 22 26 28 38 32 47 52 25 190 74
internal_value=2.39918e-06 0.00967754 0.0385725 -1.02222e-05 -2.85883e-05 -0.0136592 -3.92617e-06 0.0128365 0.0283706 -3.28973e-05 -0.00889219 -0.0156957 -2.62669e-06 0.00364498 0.0183692 0.00241009 0.0238528 0.0464303 0.0111146 0.00137418 -0.00869266 0.00442939 -0.0122332 0.00293107 0.00134058 0.0172396 0.00306051 -0.00979134 0.00622096 0.0118406
internal_weight=6021.86 7.84538 2.76154 6014.02 5997.45 10.8318 5986.62 13.4768 10.1238 5973.14 20.3397 13.7178 5952.8 128.373 9.93339 118.44 5.45818 2.58163 8.33268 112.982 15.1328 7.76216 5.91335 97.8491 88.0606 9.7885 83.2295 16.4275 66.802 39.2164
internal_count=28000 73 48 27927 27812 95 27717 78 57 27639 114 81 27525 1010 163 847 66 50 133 781 117 76 54 664 579 85 547 77 470 264
is_linear=0
shrinkage=0.05


Tree=202
num_leaves=31
num_cat=0
split_feature=11 0 39 34 39 38 39 38 39 12 39 38 38 40 39 34 38 39 39 41 39 39 11 41 41 11 39 39 11 38
split_gain=0.29005 2.20456 2.52803 1.79259 1.66078 1.46917 1.30136 1.08142 2.82094 2.13106 4.75539 2.35954 2.94434 1.9426 4.32329 1.68606 1.82485 3.47206 5.66131 6.33326 3.51983 3.38632 3.79871 2.61399 5.65135 4.39453 2.61909 2.39626 1.84653 3.12485
threshold=18.500000000000004 24.500000000000004 2.874070339756567 1.0000000180025095e-35 2.9489574220674188 3.9024149211028321 3.6396517497830132 3.7720678163213806 3.5006989127170525 5.5000000000000009 3.5558672161174498 3.7193351740411753 3.7406864773871056 0.037749287749287756 3.3359272410873366 1.0000000180025095e-35 3.8101126321183503 3.6171835169033275 3.512177548847768 0.18677325581395351 3.2526449285380048 3.2867626206524796 21.500000000000004 0.16336256195196344 0.18469785575048733 21.500000000000004 3.4996137735663471 3.5754580086502443 20.500000000000004 4.1619704068090781
decision_type=2 2 2 2 2 2 2 2 2 2 2 2 2 2 2 2 2 2 2 2 2 2 2 2 2 2 2 2 2 2
left_child=3 5 -3 -1 -4 6 -2 8 13 11 -11 -10 -13 -6 -15 16 17 18 20 -20 -9 22 -18 -22 -25 26 -26 -21 29 -23
right_child=1 2 4 -5 7 -7 -8 15 9 10 -12 12 -14 14 -16 -17 21 -19 19 27 23 28 -24 24 25 -27 -28 -29 -30 -31
leaf_value=-0.00025790009524538285 0.0013592126435332417 0.034662802074386684 -0.023775899925787589 -0.027521890794151339 0.0011759201964171729 0.0092537735565906467 0.014313921037730727 -0.028842468907134461 -0.0043765279751353334 0.029653037664769073 -0.044681849258504797 0.061605677794459218 0.019067261855169208 0.014507289667841608 -0.056333705061130036 0.025005641767355331 0.0056076848380865688 0.027873498653854752 -0.044969745732660882 0.025194887751061885 -0.025128158054023509 -0.0049490805929906772 0.047525095626512887 0.024593845892257438 0.0098055422961739573 -0.021178222590917423 -0.024916077526297566 -0.01868305541471077 0.00016566041207065455 0.02348284853730126
leaf_weight=3349.6325120223919 321.05891804397106 5.1753047704696646 7.5232654511928549 6.0398379117250434 450.97888989001513 92.200386375188828 20.631503894925117 11.516481697559355 6.8627217561006573 4.3648409545421583 4.2428789064288139 5.3241220116615322 17.239784829318523 4.0938370078802091 4.5444675460457802 6.2883703857660285 19.788439229130748 7.1429839618504039 18.835097834467891 5.6022769659757596 9.1854856759309751 315.30435074213892 7.4358812421560279 22.583016127347946 39.407193183898926 24.633539445698261 6.2992970794439307 6.9988326877355576 1210.4960779682733 9.9695686001796258
leaf_count=15882 1319 27 31 29 1892 390 92 48 30 21 21 24 75 20 20 37 82 33 78 24 43 1405 31 93 165 103 27 30 5814 114
internal_value=2.32504e-06 0.000391675 -0.000242315 -0.000306972 -0.000323443 0.00365278 0.00214143 -0.000243935 0.00180895 0.0148952 -0.00698778 0.0212962 0.0291045 0.000726037 -0.022761 -0.000837388 -0.000932136 -0.0061584 -0.00783417 -0.0266133 -0.00263863 -0.000423203 0.0170567 0.000316814 0.00283206 -0.00415467 0.00502019 0.000824464 -0.000733066 -0.00407765
internal_weight=6021.4 2665.73 2231.84 3355.67 2226.66 433.891 341.69 2219.14 497.652 38.0343 8.60772 29.4266 22.5639 459.617 8.6383 1721.49 1715.2 152.204 145.061 31.4362 113.625 1562.99 27.2243 102.109 92.923 70.34 45.7065 12.6011 1535.77 325.274
internal_count=28000 12089 10288 15911 10261 1801 1411 10230 2103 171 42 129 99 1932 40 8127 8090 644 611 132 479 7446 113 431 388 295 192 54 7333 1519
is_linear=0
shrinkage=0.05


Tree=203
num_leaves=31
num_cat=0
split_feature=7 38 38 41 38 38 38 39 39 39 11 39 41 0 38 39 39 0 38 38 39 38 39 39 39 39 11 41 38 38
split_gain=0.286548 1.01876 0.736012 4.60608 3.25492 2.13291 1.71372 0.835679 1.19959 3.86115 3.65602 3.23096 2.41985 1.57184 1.59081 1.23062 3.42444 3.39409 2.42839 3.77049 2.19952 1.61063 4.95533 1.46814 2.56402 1.99548 1.44567 3.17072 3.66647 2.11169
threshold=1.0000000180025095e-35 3.3299574648874768 3.5020405073447978 0.29099462365591405 3.5470132150399563 3.4324466276812697 3.4729297375596802 2.9124846630988999 3.085551857534758 3.0983559703478538 12.500000000000002 3.1791996096509831 0.29520697167755999 21.500000000000004 3.6637018666367642 3.3929372919485519 3.4188388898504312 28.500000000000004 3.8844896035761618 3.9362119235564088 3.3739877880912341 3.8616009670728046 3.2731275256415033 3.3372426412558736 3.3276521565353132 3.3238656213382543 14.500000000000002 0.27888888888888896 3.6850506496423425 3.7838244546904183
decision_type=2 2 2 2 2 2 2 2 2 2 2 2 2 2 2 2 2 2 2 2 2 2 2 2 2 2 2 2 2 2
left_child=-1 -2 3 6 -4 -5 -3 -6 10 -10 -9 12 -11 -12 -15 17 -17 18 20 -20 21 23 -23 24 25 26 29 -28 -29 -13
right_child=1 2 4 5 7 -7 -8 8 9 11 13 15 -14 14 -16 16 -18 -19 19 -21 -22 22 -24 -25 -26 -27 27 28 -30 -31
leaf_value=-0.00013215172755282065 0.022109257932324641 0.029895523087561549 0.02313304358909405 -0.010865613708200342 0.021919444993047311 -0.054962416995341906 -0.0082993309193104443 0.023276359483405278 0.035140783702283677 -0.040261296539110418 -0.039636125313358112 0.026405861875660866 -0.0025973719094727304 -0.027835769711828467 0.012047223967094671 -0.021448450645801628 0.00043507258949852519 0.033582675869507722 0.050089207188498311 0.00086801519358767592 0.011371079208342887 0.011648615393906771 -0.060287241696001428 -0.020190725328097101 0.024480333386278544 -0.027743323200355288 0.0030090939764482716 0.0067934017821723314 -0.044584877879827178 -0.010321363553042685
leaf_weight=5226.1056624012999 5.6149854511022559 6.7986874133348483 16.259325449354947 5.8880145251750928 4.5348310284316531 5.1325717717409134 5.1700181141495705 5.9031312353909042 8.0710131376981717 8.3972184555605072 7.448110684752467 11.008590511977674 8.6653884425759298 5.3883355408906919 4.6647104099392891 18.542263990268111 498.27695452584885 9.4729369287379068 6.667621627449992 9.3421723267529142 37.889370690099895 5.1024279743432981 4.5100242332555354 8.8878593593835813 10.418364223092793 6.8136514760553828 49.124491535127163 5.8545917421579352 8.5339120402932149 6.0727147920988491
leaf_count=23572 25 32 72 28 24 28 24 33 34 38 35 56 38 24 20 90 3078 52 30 43 163 22 24 39 45 29 211 25 37 29
internal_value=2.34004e-06 0.000887058 0.000735998 -0.0080791 0.00100061 -0.0314026 0.0133968 0.000520536 0.00039029 0.000751596 -0.0107503 0.000362635 -0.0211334 -0.0222274 -0.00932968 0.000889222 -0.000350057 0.00445343 0.00283241 0.0213672 0.000908231 -0.00249968 -0.0221027 -0.00073391 0.00103381 -0.00176084 0.000435788 -0.00303703 -0.0236794 0.0133487
internal_weight=6020.56 794.454 788.839 22.9893 765.85 11.0206 11.9687 749.591 745.056 721.652 23.4043 713.581 17.0626 17.5012 10.053 696.518 516.819 179.699 170.226 16.0098 154.216 116.327 9.61245 106.714 97.8263 87.408 80.5943 63.513 14.3885 17.0813
internal_count=28000 4428 4403 112 4291 56 56 4219 4195 4083 112 4049 76 79 44 3973 3168 805 753 73 680 517 46 471 432 387 358 273 62 85
is_linear=0
shrinkage=0.05


Tree=204
num_leaves=31
num_cat=0
split_feature=11 0 38 38 38 40 0 38 38 39 39 38 39 39 39 6 11 0 0 7 41 39 0 7 38 38 39 39 11 40
split_gain=0.286111 0.742423 0.692823 1.71295 2.07514 0.719627 1.01695 0.654924 1.61291 1.36382 3.18003 1.17401 2.38565 1.12793 1.88745 1.43458 1.4721 2.07665 2.67453 1.15426 0.98471 2.64995 0.468798 0.351946 0.316163 4.08418 3.65747 1.87536 5.68105 2.85615
threshold=30.500000000000004 36.500000000000007 3.9691044588670015 4.1505187135146189 4.1904138032371039 0.10762548262548265 43.500000000000007 3.9233088607576558 4.0043543155378369 3.4534939707360945 3.6309005040087921 4.0270779758999522 3.7501463298083348 3.8035561360194543 3.8523331503537412 1.5000000000000002 40.500000000000007 39.500000000000007 37.500000000000007 1.0000000180025095e-35 0.13680926916221037 3.6758507507459961 37.500000000000007 3.5000000000000004 4.133302367334573 4.122235376922017 3.8523331503537412 3.6819433087818081 19.500000000000004 0.12660256410256412
decision_type=2 2 2 2 2 2 2 2 2 2 2 2 2 2 2 2 2 2 2 2 2 2 2 2 2 2 2 2 2 2
left_child=1 24 -3 -4 -5 -6 23 9 20 -2 -11 12 -10 22 -15 16 17 18 -16 -19 21 -9 -13 -7 25 -1 -27 28 -26 -29
right_child=7 2 3 4 5 6 -8 8 11 10 -12 13 -14 14 15 -17 -18 19 -20 -21 -22 -23 -24 -25 27 26 -28 29 -30 -31
leaf_value=1.1138852131349931e-05 -0.0082697958901697798 -0.049001697518962307 0.025981449724962455 -0.068568627596050064 -0.026173696002526194 0.052517962572330802 -0.025146686257452866 -0.054419343160909642 0.065016608435211759 0.050116819189894225 -0.013992202393058449 -0.026226076321727632 -0.0016843743572887524 0.036510601843242528 0.027888902839714316 -0.02476570598898982 -0.031438806259666122 0.006042772442104067 -0.022954850897244111 0.053472869320383601 0.0028772977750912815 -0.0019459561989374039 -0.0025584140396619215 0.0047699077087044895 0.0079357814616540963 -0.032559550998169991 0.023524005310668818 0.0077648253634897135 -0.057660253651144938 -0.014032191436264579
leaf_weight=5785.8097016951069 4.6436682902276507 1.1982267880812276 2.5971633237786573 1.7577741183340547 2.3536064028739929 1.1021781417075547 1.1475969050079582 3.8788681030273455 2.4086713884025803 5.0674791000783426 3.1285683959722519 3.7336811088025552 3.0230050329118967 4.7589907180517939 4.6740651689469903 4.1324019785970441 2.1085318815894416 1.948974885046481 5.7911772876977921 3.7523673875257373 6.6270852675661436 6.336477980017662 4.7591786868870258 0.59386970102787007 9.67224572598934 16.436713124625388 3.5316435699351123 100.3061110638082 5.0107165127992621 17.677502608159557
leaf_count=26225 30 16 22 12 25 53 46 18 17 41 18 19 25 32 38 22 26 23 41 47 40 34 28 5 49 82 30 626 21 289
internal_value=2.21128e-06 -3.5385e-05 -0.0131631 -0.00866755 -0.0216063 -0.00572302 0.0112034 0.00316256 0.000898206 0.0133794 0.0256453 0.00623941 0.0278941 0.00294095 0.00791298 0.00183931 0.00785529 0.0129802 -0.000246632 0.0372591 -0.0121329 -0.0218706 -0.0129633 0.035799 -1.16198e-05 -6.67691e-05 -0.0226405 0.00240183 -0.0144496 0.00449898
internal_weight=6019.97 5949.2 10.7504 9.55219 6.95503 5.19725 2.84364 70.7732 57.9335 12.8397 8.19605 41.091 5.43168 35.6594 27.1665 22.4075 18.2751 16.1666 10.4652 5.70134 16.8424 10.2153 8.49286 1.69605 5938.44 5805.78 19.9684 132.667 14.683 117.984
internal_count=28000 27501 179 163 141 129 104 499 410 89 59 318 42 276 229 197 175 149 79 70 92 52 47 58 27322 26337 112 985 70 915
is_linear=0
shrinkage=0.05


Tree=205
num_leaves=31
num_cat=0
split_feature=36 39 12 41 39 39 38 38 41 39 38 38 39 39 39 41 39 38 39 11 11 39 38 39 39 39 38 41 38 38
split_gain=0.2752 1.1349 0.985319 0.296829 2.35561 2.31649 2.17951 2.0329 2.02608 1.67896 2.15881 1.96381 1.60851 3.11406 2.58811 1.37441 1.92452 1.36779 1.28577 1.08079 1.42831 1.14877 3.08151 2.01259 1.36496 4.03089 1.21125 1.94044 3.80679 2.01719
threshold=1.0000000180025095e-35 3.3920199341727337 5.5000000000000009 0.15954545454545457 3.4844403611550336 3.535708989309482 3.8334664053372731 3.7720678163213806 0.15075757575757578 3.622696642244505 3.9525612543885855 3.9365759126444071 3.6586137832561043 3.642260665190403 3.6836992761039777 0.15590277777777781 3.3670668758459548 3.8635368451664447 3.5944740717404371 38.500000000000007 42.500000000000007 3.8441697217888651 4.0988672426813979 3.7745165547421649 3.8273923320043042 3.8075592492374004 4.0323197628658649 0.15075757575757578 4.0906847176827297 4.1111379681377498
decision_type=2 2 2 2 2 2 2 2 2 2 2 2 2 2 2 2 2 2 2 2 2 2 2 2 2 2 2 2 2 2
left_child=3 -2 -3 4 6 8 7 15 -6 10 -7 -11 13 -13 -14 16 -1 -8 -12 21 -21 22 24 -24 25 -16 -23 28 -28 -29
right_child=1 2 -4 -5 5 9 17 -9 -10 11 18 12 14 -15 19 -17 -18 -19 -20 20 -22 26 23 -25 -26 -27 27 29 -30 -31
leaf_value=0.019484583843789705 -0.016580946872575993 0.0011280388107930883 0.056191278863365612 -7.6254023014615704e-05 0.0074044722078405517 0.020814320010498513 0.057070136779923952 -0.018113813024532622 -0.032987466819855434 -0.015941684135293881 -0.025324177146002647 -0.015996842215608695 -0.03219468319711595 0.035956320598961693 0.0015814855282694747 0.033103330141476761 -0.02078237434282823 0.018199628410855578 0.011429425688399594 -0.0055299357658934976 0.059847035048331609 -0.035803153732008659 0.00039786004834255754 0.044342343156946927 0.026150828150135509 -0.049345249955530746 0.063456576669736808 -0.049079588998666504 -0.0014085219119424227 -0.0072373082826921349
leaf_weight=8.1529228733852559 2.1920219361782065 1.5519309435039761 1.7050409736111758 5794.3276766518829 4.5949550196528426 20.865769691765312 3.8829034492373449 6.4516800397541365 9.5719811245799047 19.35598561167717 5.0176194543018919 4.4070243984460822 6.1772050857543936 8.3478080816566926 37.531992774456739 6.4662367701530448 4.6653130799531928 5.425405721180141 4.5260782986879349 1.5793559923768037 1.7736529409885404 3.1850083097815505 4.1104068756103498 7.1163007179275155 4.2179797738790503 4.33423002436757 2.6033237390220192 3.5922892242670086 17.24795107357204 14.535528209991751
leaf_count=55 11 11 35 26706 23 106 20 34 41 92 22 21 27 38 177 31 23 28 21 21 24 17 21 38 21 21 17 17 175 106
internal_value=2.32736e-06 0.0112339 0.0299539 -7.84888e-06 0.00179595 -0.00045909 0.0136806 0.00618156 -0.0198866 0.00115491 0.0118046 -0.00115639 0.00121347 0.0180056 -0.000769588 0.0143096 0.00482906 0.0344142 -0.00789386 0.00113676 0.0290528 0.000186235 0.00476306 0.0282531 -0.000959411 -0.00369074 -0.00618587 -0.0037021 0.00709798 -0.015529
internal_weight=6019.51 5.44899 3.25697 6014.06 219.737 184.692 35.0445 25.7362 14.1669 170.526 30.4095 140.116 120.76 12.7548 108.005 19.2845 12.8182 9.30831 9.5437 101.828 3.35301 98.475 57.3109 11.2267 46.0842 41.8662 41.1641 37.9791 19.8513 18.1278
internal_count=28000 57 46 27943 1237 1046 191 143 64 982 149 833 741 59 682 109 78 48 43 655 45 610 278 59 219 198 332 315 192 123
is_linear=0
shrinkage=0.05


Tree=206
num_leaves=31
num_cat=0
split_feature=11 0 41 0 11 41 38 39 39 38 39 38 39 39 41 39 38 38 0 39 39 40 0 38 11 41 38 39 39 11
split_gain=0.273402 1.59294 1.99333 1.09433 0.536735 1.0717 1.85979 1.24449 3.98447 3.39081 1.99309 1.98932 1.32426 1.21969 2.40137 1.73523 1.28062 1.26254 1.13866 1.06467 0.708519 2.46316 0.659364 0.863514 0.998668 1.53694 0.99252 3.48482 3.3053 7.87008
threshold=36.500000000000007 50.500000000000007 0.13245614035087722 44.500000000000007 30.500000000000004 0.15707236842105265 4.0663258460011615 3.7350938664410989 3.7962017251771987 4.0391801044256148 3.9219331703790545 4.2165949164547696 3.8563805301751679 3.4534939707360945 0.13680926916221037 3.6663968066274761 3.9502039773024502 3.9436539081967346 38.500000000000007 3.7407774116777821 4.1513245817864322 0.18301435406698566 36.500000000000007 4.2543605575584804 17.500000000000004 0.16336256195196344 4.2165949164547696 3.9699956519455788 3.9699956519455788 21.500000000000004
decision_type=2 2 2 2 2 2 2 2 2 2 2 2 2 2 2 2 2 2 2 2 2 2 2 2 2 2 2 2 2 2
left_child=4 2 3 -2 20 7 19 13 -9 -10 12 -12 -11 -6 15 17 -16 -15 -8 -7 22 -22 23 26 -25 -26 27 -1 29 -28
right_child=1 -3 -4 -5 5 6 18 8 9 10 11 -13 -14 14 16 -17 -18 -19 -20 -21 21 -23 -24 24 25 -27 28 -29 -30 -31
leaf_value=-4.1530403903347451e-05 -0.021955724097437061 0.024938665884072831 -0.057053909668270369 0.02986933964386293 -0.015459322096911952 0.017753465536610377 -0.011106316880397121 -0.041037618859547313 -0.042072948528654251 0.06455906447749761 -0.020620971661046289 0.03591257366799909 0.017259683582427507 0.0064256603504579193 0.062111730479063688 0.022365147859532128 0.018633702842715601 -0.035816205227274821 0.023490209579933419 0.062314355063315834 -0.038769630331028954 0.051825311585181472 -0.014135159225230474 -0.022758302280557433 -0.013315963486641253 0.026168279258047128 -0.046302496997950054 0.033760526402221734 -0.043694318438821947 0.05602633940988605
leaf_weight=5900.1135823404184 2.4575786441564542 2.5594110861420631 2.4745422098785639 1.7396633457392452 4.2274933680892017 2.6996818613260976 5.7316038403660041 6.3651715312153128 3.0079316496849051 2.6273866370320302 4.5789888203144073 2.3570880787447095 3.387999389320612 3.4607341811060923 3.0495213326066724 5.451642245054245 3.8091912269592285 3.6183151453733444 4.0651406981050968 2.6623355709016323 3.5823796289041629 0.94904916267842043 8.2587804150534776 1.8310264460742463 3.2523565478622904 10.17568884952925 3.5710123726166767 7.6347637311555436 5.4057776280678809 3.9655764978379011
leaf_count=26854 24 25 22 26 26 20 32 34 17 17 31 29 25 25 21 30 19 17 39 20 44 76 108 39 25 130 31 99 64 31
internal_value=2.44012e-06 -0.00859578 -0.0214602 -0.000475389 1.56471e-05 0.00467805 0.0162061 0.000874275 -0.00758988 0.00575027 0.016857 -0.00140917 0.037919 0.00887526 0.014181 0.00116274 0.0379649 -0.0151654 0.00324945 0.0398787 -3.2241e-05 -0.0197957 -1.71748e-05 2.46779e-06 0.0118815 0.0166049 -2.81474e-05 2.15303e-06 -0.0138593 0.00754054
internal_weight=6019.07 9.2312 6.67178 4.19724 6009.84 61.1002 15.1588 45.9415 22.3246 15.9594 12.9515 6.93608 6.01539 23.6169 19.3894 12.5307 6.85871 7.07905 9.79674 5.36202 5948.74 4.53143 5944.21 5935.95 15.2591 13.428 5920.69 5907.75 12.9424 7.53659
internal_count=28000 97 72 50 27903 402 111 291 153 119 102 60 42 138 112 72 40 42 71 40 27501 120 27381 27273 194 155 27079 26953 126 62
is_linear=0
shrinkage=0.05


Tree=207
num_leaves=31
num_cat=0
split_feature=24 38 40 39 38 41 38 38 40 41 39 38 38 41 39 39 38 7 39 38 41 40 38 38 41 38 38 38 39 39
split_gain=0.44277 0.429309 0.28676 2.0913 8.30468 1.60199 1.7806 2.34703 1.55299 4.67652 2.77593 3.65541 2.53493 1.94603 1.75936 3.62279 2.04975 1.7135 1.60113 2.57625 2.32034 1.52682 2.80198 3.10123 1.44105 1.3105 1.55699 1.00088 4.18796 4.95732
threshold=1.0000000180025095e-35 4.0179089951977423 0.049390243902439034 2.2663326399706238 3.1830947672697021 0.17108013937282232 3.9133352175882434 4.2962191586973182 0.032795698924731186 0.28102564102564109 3.5006989127170525 3.8441697217888655 3.9001973936571717 0.20761494252873566 3.2526449285380048 3.3359272410873366 3.7877426501774445 1.0000000180025095e-35 3.5711025431757997 3.9383978851393668 0.20638945233265724 0.054093567251461992 3.6427819312973484 3.8455070432369092 0.15849282296650721 3.2728549613273388 3.2827785645955903 4.122235376922017 3.7903397265970051 3.6843722670327397
decision_type=2 2 2 2 2 2 2 2 2 2 2 2 2 2 2 2 2 2 2 2 2 2 2 2 2 2 2 2 2 2
left_child=2 -2 8 -4 -5 6 -6 -8 -1 10 12 -12 13 -10 -15 -16 -17 18 -13 -20 -21 22 -7 -24 -9 -23 -27 -28 29 -29
right_child=1 -3 3 4 5 21 7 24 9 -11 11 17 -14 14 15 16 -18 -19 19 20 -22 25 23 -25 -26 26 27 28 -30 -31
leaf_value=-9.2396468640447616e-06 0.02943912432090854 -0.003137994375256096 -0.03567960705068618 0.094494201578615003 -0.025311146408924859 0.020873492028071938 0.03816332967500486 -0.022521984335731798 -0.029131846717689192 0.037927360087308487 -0.052495482022175466 -0.040017015694134635 0.029843273403861639 -0.011574965779433177 0.043943749564108514 -0.017157309305653012 0.022243946450652946 0.0072658734478919813 0.020341307131398766 -0.0085181469919938108 -0.050481820482614438 -0.034582927451403428 -0.007118644909139449 0.031804823754531496 0.052980476118711033 0.036257937459162698 0.00015312054623128297 0.011046855338068248 0.0038162147896658796 -0.058374072859390475
leaf_weight=5292.1946926200762 2.4958332479000083 1.7002547846641389 3.86030200542882 2.3780590323731294 2.1399389295838764 24.91130456328392 8.9586739175720123 3.2407011904288074 7.1566993445157996 5.6416694894433013 6.6565772891044608 6.4692483991384533 5.8239496052265158 19.311206191778183 5.5468087047338512 9.5428368747234327 5.0462942719459525 8.629172105342148 4.8497188687324551 10.710073508322237 4.7574187219142905 2.7870516218245021 31.34575879573822 6.1158683057874432 0.78506627166643728 2.9113052934408179 499.35107268742286 3.9916252205148322 22.149648735183291 7.2287810128182173
leaf_count=23664 18 29 31 11 22 120 109 75 29 27 28 27 25 82 23 40 21 48 20 45 20 14 130 27 32 13 2854 28 337 51
internal_value=2.63628e-06 0.0162389 -8.69115e-06 0.00100772 0.00123678 0.000876708 0.0169484 0.0239132 -0.000125962 -0.00629441 -0.00893446 -0.0185007 -0.00125775 -0.00514436 -0.000792424 0.00954848 -0.00352865 -0.0121112 -0.0183534 -0.0114555 -0.0214251 0.000472117 0.00787779 -0.000764121 -0.00779822 -0.000385789 -0.000207851 -0.000407136 -0.00879084 -0.0336778
internal_weight=6018.69 4.19609 6014.49 622.155 618.295 615.917 15.1244 12.9844 5392.34 100.142 94.5 42.0722 52.4278 46.6038 39.4471 20.1359 14.5891 35.4156 26.7865 20.3172 15.4675 600.792 62.3729 37.4616 4.02577 538.419 535.632 532.721 33.3701 11.2204
internal_count=28000 47 27953 3854 3823 3812 238 216 24099 435 408 188 220 195 166 84 61 160 112 85 65 3574 277 157 107 3297 3283 3270 416 79
is_linear=0
shrinkage=0.05


Tree=208
num_leaves=31
num_cat=0
split_feature=10 39 38 38 39 38 38 39 39 38 38 10 10 10 39 41 11 38 11 10 38 38 41 39 38 39 38 11 10 38
split_gain=0.28894 1.08115 2.79536 3.08998 3.16249 3.35448 2.30362 3.62278 1.88254 1.85104 3.46325 1.83551 1.7493 1.73443 2.22638 1.71076 2.01321 1.69443 1.43414 1.22194 1.15258 1.09355 1.00131 0.951697 2.45808 1.48544 2.97716 2.30654 1.49077 1.45651
threshold=3.5000000000000004 2.9852281360342525 3.7483615029509889 3.6892128038702086 3.1830947672697021 3.6427819312973484 3.5837837983419667 2.9321041277738069 3.1830947672697021 3.508985020136778 3.4842291702451242 5.5000000000000009 4.5000000000000009 5.5000000000000009 2.6499918208507922 0.23606811145510839 9.5000000000000018 3.5558672161174503 10.500000000000002 9.5000000000000018 3.4301826802983593 3.4110097353675966 0.11696306429548566 3.107674594476435 3.7543026367411141 3.3359272410873366 3.7981269578727654 11.500000000000002 6.5000000000000009 4.0216345058934602
decision_type=2 2 2 2 2 2 2 2 2 2 2 2 2 2 2 2 2 2 2 2 2 2 2 2 2 2 2 2 2 2
left_child=-1 6 3 4 5 18 7 9 -5 10 11 -2 -8 -11 -15 -14 -17 -16 -3 23 21 -13 -21 -4 -25 27 -27 28 -26 -28
right_child=1 2 19 8 -6 -7 12 -9 -10 13 -12 20 15 14 17 16 -18 -19 -20 22 -22 -23 -24 24 25 26 29 -29 -30 -31
leaf_value=-5.7349365780430748e-05 -0.018989544966140214 -0.0040047201433394911 0.018757717415175595 0.084418944048420319 0.044386631850973628 -0.037054087837080148 -0.042173663304308377 0.066669161241764127 0.026046587808336574 0.038058039498895829 -0.068954739279103908 0.030133230438989508 -0.048553108248162946 -0.046233312640496384 0.064968381002646333 0.012390225551692211 -0.042357282563947274 -0.0077172742358211218 0.042025841413224969 -0.025108768854320007 0.059584518445252525 -0.03771418829952717 0.051335202152067064 -0.052262605773946147 0.0048125731499843527 0.041509700000327998 0.0084782156444921236 -0.044018166508015488 -0.028934655090329692 -0.0056855103724151486
leaf_weight=5843.2539320676588 5.8605642467737251 3.5494640357792431 6.5004360210150471 2.546581133734434 4.6374627081677309 4.6902769692242146 5.4946985542774227 2.1680302880704394 3.0184006253257394 4.4738497585058195 2.3267133212648323 1.5542751599568876 2.1535087767988434 1.9785457344260065 1.3128190151182937 7.7992303129285556 2.1399167627096176 2.0598478722386062 3.233808197081089 0.54363102978095357 1.4999643119517712 0.96116352709941555 2.0204728501848876 2.2838040031492701 13.619922379031783 4.8218935672193757 34.117598867975175 4.3140255510807028 4.3074176572263232 38.784570287913084
leaf_count=26268 27 23 39 22 39 29 24 14 21 20 18 42 13 25 35 85 9 27 17 14 37 19 196 14 76 40 250 20 35 502
internal_value=2.56849e-06 0.00200583 0.00421011 0.0206373 0.00954231 -0.00454132 -0.0050101 0.00499924 0.0527583 -0.00107048 -0.0140762 -0.00114712 -0.0187804 0.0150825 -0.00412606 -0.00815093 0.000602986 0.0205758 0.0179396 0.00101126 0.0248943 0.00420834 0.0351279 0.000206853 -0.000972508 0.000199263 0.0034597 -0.0111946 -0.0032959 0.000942994
internal_weight=6018.03 174.773 132.99 21.676 16.111 11.4735 41.7831 24.1958 5.56498 22.0277 12.2027 9.87597 17.5874 9.82506 5.35121 12.0927 9.93915 3.37267 6.78327 111.314 4.0154 2.51544 2.5641 108.75 102.249 99.9654 77.7241 22.2414 17.9273 72.9022
internal_count=28000 1732 1337 151 108 69 395 264 43 250 143 125 131 107 87 107 94 62 40 1186 98 61 210 976 937 923 792 131 111 752
is_linear=0
shrinkage=0.05


Tree=209
num_leaves=31
num_cat=0
split_feature=39 39 38 11 39 38 11 11 41 41 38 39 38 0 38 7 38 39 12 38 11 11 0 39 41 38 38 39 38 38
split_gain=0.284355 0.717834 3.8846 0.726084 0.806673 1.03265 0.705888 0.638479 0.63446 0.575303 1.43022 1.58949 1.53904 1.13233 1.3392 1.55155 1.2389 2.22072 0.782268 0.738495 2.62105 1.15551 0.563272 0.515326 1.95203 1.27235 0.792898 0.740108 1.69258 1.1574
threshold=2.2426799698513049 2.2663326399706238 3.3084829020490516 10.500000000000002 3.2526449285380048 3.8443087154995541 9.5000000000000018 11.500000000000002 0.24621212121212124 0.27097902097902099 3.4842291702451242 2.6499918208507922 3.5944132873659442 18.500000000000004 3.7463387134281234 1.5000000000000002 3.5180930346395796 2.7263487792301757 5.5000000000000009 3.7618368601866696 9.5000000000000018 9.5000000000000018 20.500000000000004 2.9997906153230329 0.26201372997711675 3.5715146852060999 3.3235831625408392 3.0937150727711624 3.6422606651904035 3.7838244546904183
decision_type=2 2 2 2 2 2 2 2 2 2 2 2 2 2 2 2 2 2 2 2 2 2 2 2 2 2 2 2 2 2
left_child=-1 2 -2 4 9 -6 8 23 -7 10 -3 -12 -13 18 15 16 17 -15 -11 21 -21 -14 -8 24 -5 -25 -26 -27 -29 -30
right_child=1 3 -4 7 5 6 22 -9 -10 13 11 12 19 14 -16 -17 -18 -19 -20 20 -22 -23 -24 25 26 27 -28 28 29 -31
leaf_value=0.0065418927756109267 -0.046136076443062904 0.026851399338292187 0.014454774161971058 -0.041689583211125092 0.055651838510352915 0.017841672201842254 0.0088976439800909548 2.1182918972188393e-06 -0.016572293269912136 0.0049978174018635701 -0.035387071231670862 0.019031321429452956 -0.0048710608791134513 0.062614787619493281 0.11376103005289598 -0.060385326466852719 0.064225246052311891 -0.086790354627439115 -0.016897289745745395 -0.010891556421324793 0.048514900960081569 -0.032885285296330481 0.052995939068623203 0.024803255400715381 0.0055221475445279963 0.013701534400909574 -0.0071321520905828391 -0.038678796644364244 0.012884231164726895 -0.0072254088196255107
leaf_weight=16.578536075307056 4.8324127942323667 3.8657399434596291 5.8446999341249466 3.6826167553663245 1.5003418470732857 2.5587864951230568 1.4816331490874293 5730.6029776507057 2.8101412821561098 73.168375551700592 3.8829071819782248 7.1426623379811636 12.498261446598923 0.53412668267264996 0.44599675363861013 0.49137477204203595 1.5736809218069536 0.46545381844043732 4.3203260153532019 7.4489205339923483 2.473197144921869 5.2175633544102302 1.4163435748778281 4.8097004890441886 15.82636785507202 6.2644851431250563 56.827687464654446 3.3705333843827239 9.9310655540321005 25.597129998262972
leaf_count=115 58 26 37 17 30 48 8 26029 19 379 16 43 80 67 22 3 120 2 22 58 23 29 58 22 97 32 335 15 56 134
internal_value=2.63759e-06 -1.54283e-05 -0.0129684 7.65939e-06 0.00365662 0.0174894 0.0105633 -7.53862e-05 -0.000170882 0.00256288 -0.00214615 -0.00504545 -0.00165811 0.00503539 0.0328096 0.0210288 0.0365751 -0.00695559 0.00377707 -0.00700502 0.00391616 -0.0131216 0.03045 -0.00359173 -0.00617573 0.000355503 -0.00437564 -0.00224808 -0.00481671 -0.00160424
internal_weight=6017.46 6000.89 10.6771 5990.21 133.296 9.76725 8.2669 5856.91 5.36893 123.529 42.5293 38.6635 34.7806 80.9993 3.51063 3.06464 2.57326 0.999581 77.4887 27.6379 9.92212 17.7158 2.89798 126.31 76.3367 49.9729 72.6541 45.1632 38.8987 35.5282
internal_count=28000 27885 95 27790 1053 163 133 26737 67 890 275 249 233 615 214 192 189 69 401 190 81 109 66 708 449 259 432 237 205 190
is_linear=0
shrinkage=0.05


Tree=210
num_leaves=31
num_cat=0
split_feature=39 39 38 38 38 41 11 7 38 39 38 12 40 11 38 38 39 39 11 0 38 39 38 38 39 38 41 11 39 39
split_gain=0.2745 2.31624 3.5567 1.83621 2.68278 2.07406 5.02583 5.16728 2.77897 2.49433 2.58879 2.37604 2.35314 2.64222 3.06205 2.22947 2.29438 1.70794 1.64808 2.14015 4.63609 2.03369 1.81692 2.29676 1.74876 2.96898 3.38112 1.64178 2.50793 1.6294
threshold=3.4468509220561137 3.4324466276812697 3.8805927053651881 3.7965562610488228 3.7981269578727654 0.21132376395534294 18.500000000000004 1.0000000180025095e-35 3.7842761036880259 3.591483651618089 3.7547497328258266 5.5000000000000009 0.09449404761904763 19.500000000000004 3.7622890633926835 3.7463387134281234 3.6637018666367642 3.4572159468017696 19.500000000000004 29.500000000000004 3.7720678163213806 3.5033987287898358 3.7193351740411753 3.7037659297835499 3.4992275444280256 3.7672796328537523 0.19139194139194141 16.500000000000004 3.5033987287898358 3.5711025431757997
decision_type=2 2 2 2 2 2 2 2 2 2 2 2 2 2 2 2 2 2 2 2 2 2 2 2 2 2 2 2 2 2
left_child=1 -1 -3 5 -5 6 -2 9 12 18 -11 -10 13 15 -15 -7 17 -17 -8 22 21 -21 23 -20 -24 29 -27 -19 -29 -26
right_child=3 2 -4 4 -6 8 7 -9 11 10 -12 -13 -14 14 -16 16 -18 27 19 20 -22 -23 24 -25 25 26 -28 28 -30 -31
leaf_value=-0.00016373065248302091 -0.042935233509279309 -0.02908337950002246 0.015732424374406549 -0.026117667239172377 2.352363139429175e-06 0.0099257608423499039 -0.0075062048670242777 -0.04748851471414306 0.040672857345685959 0.048795881146458941 0.007126992929412955 0.0022211857746079222 0.037964272538271289 0.006319684355108041 0.055957165018716684 -0.036320642605915693 0.027694172726172219 -0.016010699626274563 0.0049467296097404096 -0.0090889832340091369 -0.046488568527756652 0.031273226440369964 0.020849463295147024 -0.029705494636546599 0.0062650358196375475 -0.043850280336426267 0.0069809192370042725 0.035168103275649808 -0.0046814646108572344 0.037568874334018232
leaf_weight=3744.0766154302983 6.4359869235195211 15.734542667865755 6.160521403187885 9.880828879773615 1931.8135408293456 43.645105168223381 37.213037475943565 5.0974747389554969 11.45329872518778 5.8677570149302509 10.21906967461109 6.1882761269807807 5.4525375955272457 8.0895396061241609 5.0442880839109412 4.9440976232290259 4.8210542500019065 19.989745289087296 21.165029674768451 8.2579007893800753 6.1024030297994605 5.0168649256229392 31.661963105201721 6.1775066703557959 11.545298978686338 5.4588331133127204 8.1641845256090146 4.9299411475658443 19.82838074862957 6.4957331866025916
leaf_count=17145 31 65 30 43 9383 192 154 23 47 33 45 28 33 40 24 21 22 83 87 36 27 22 128 25 47 22 33 22 82 27
internal_value=2.53944e-06 -0.000258556 -0.0164737 0.000439365 -0.000130566 0.00401763 0.000428219 0.00208508 0.00868859 0.00363211 0.0223259 0.0271849 0.00589357 0.00432233 0.0253839 0.00150425 -0.0052383 -0.00843336 0.00158996 0.00466591 -0.0104171 0.0061649 0.00788937 -0.00288226 0.0125403 0.00423165 -0.0133875 -0.00535216 0.00325348 0.0175361
internal_weight=6016.93 3765.97 21.8951 2250.96 1941.69 309.265 174.879 168.443 134.386 163.346 16.0868 17.6416 116.745 111.292 13.1338 98.1583 54.5132 49.6922 147.259 110.046 19.3772 13.2748 90.6685 27.3425 63.326 31.664 13.623 44.7481 24.7583 18.041
internal_count=28000 17240 95 10760 9426 1334 740 709 594 686 78 75 519 486 64 422 230 208 608 454 85 58 369 112 257 129 55 187 104 74
is_linear=0
shrinkage=0.05


Tree=211
num_leaves=31
num_cat=0
split_feature=38 39 38 39 39 11 39 10 38 41 38 0 41 38 38 38 39 39 38 41 39 41 39 39 41 39 39 11 39 41
split_gain=0.267513 2.64315 2.09239 4.33987 3.54221 5.18663 2.70358 2.94645 2.93265 3.25944 3.17465 2.38244 3.01251 3.81444 2.45894 2.3668 2.154 7.3204 3.91836 3.21049 2.73651 2.32841 3.20572 2.14189 1.90644 4.06459 1.75682 5.80302 1.76221 1.72827
threshold=3.6819433087818085 3.5071353490160777 3.5944740717404371 3.2778374513259747 3.2526449285380048 19.500000000000004 3.4105065644434074 1.5000000000000002 3.6297475207030376 0.23861283643892342 3.675453323258838 26.500000000000004 0.26006441223832533 3.6540102171420124 3.6057019109141346 3.6239224456263801 3.23966092346532 3.1830947672697021 3.6282182104214895 0.20761494252873566 3.1700299469352529 0.22653958944281527 3.1294016334093855 3.3816002981289501 0.19538706256627789 3.3293288462733837 3.2203127661787532 17.500000000000004 3.1810996580484505 0.17817460317460321
decision_type=2 2 2 2 2 2 2 2 2 2 2 2 2 2 2 2 2 2 2 2 2 2 2 2 2 2 2 2 2 2
left_child=1 2 23 4 11 -6 7 8 9 15 29 12 13 16 -13 24 17 18 20 -19 -4 22 -20 -1 -5 -26 28 -28 -15 -10
right_child=-2 -3 3 6 5 -7 -8 -9 10 -11 -12 14 -14 26 -16 -17 -18 19 21 -21 -22 -23 -24 -25 25 -27 27 -29 -30 -31
leaf_value=0.00036311952277042348 0.00024247263020039353 0.024381927402531211 -0.015959504294252965 -0.024325003534250798 -0.010352269744357562 -0.054858023410789131 -0.0066147823954863204 -0.02549668462570176 0.043546883393830615 0.034251056243123648 -0.014678716963850341 -0.020948834145532287 0.00032567845575715292 -0.018399934292788477 0.018599888624653102 -0.028917346038183966 -0.016674619395103573 -0.020331918943443213 0.028888308894722433 0.022745748846734151 -0.054697724880495319 -0.0065939713473420966 -0.0093920771743318272 0.018748213026189366 0.038590225126887499 -0.0117969078049794 -0.03130476480569324 0.021719653220105384 -0.04121650942147935 0.013724877490409361
leaf_weight=1310.4829492139397 3963.4193974378286 10.651398114860056 36.529324345290661 6.0012549906969097 32.091223806142807 8.2238181382417661 50.03123302012682 6.74847288429737 5.1307822316884986 4.9461032152175894 9.7132202535867673 4.8711787238717106 173.63179181935266 29.611758575774729 20.347637802362442 10.473075971007345 32.881294704973698 4.9942600280046454 12.217305188998582 32.286544770002365 5.2089548707008353 79.296423703432083 9.9014293625950796 16.035712704062462 6.7136540263891247 9.910656735301016 11.309774719178678 9.4892331808805448 11.848558597266672 91.451402261853218
leaf_count=6469 18236 50 159 25 140 34 213 35 22 23 40 21 830 130 91 43 148 20 52 139 22 362 42 70 27 41 51 39 50 376
internal_value=2.51472e-06 -0.000460729 -0.000590288 -0.00276883 -0.00520231 -0.0194309 0.00345935 0.00679528 0.00830505 -0.00360782 0.0125689 -0.00399321 -0.00483274 -0.00808291 0.0109608 -0.00926527 -0.00490489 -0.00276004 -0.00789952 0.0169749 -0.0207941 -0.00259267 0.0117521 0.000585369 -0.000168581 0.00855171 -0.0189716 -0.00711318 -0.0249205 0.0153091
internal_weight=6016.45 2053.03 2042.38 715.86 514.741 40.315 201.12 151.089 144.34 38.0447 106.295 474.425 449.207 275.575 25.2188 33.0986 213.316 180.434 143.153 37.2808 41.7383 101.415 22.1187 1326.52 22.6256 16.6243 62.2593 20.799 41.4603 96.5822
internal_count=28000 9764 9714 3175 2330 174 845 632 597 159 438 2156 2044 1214 112 136 944 796 637 159 181 456 94 6539 93 68 270 90 180 398
is_linear=0
shrinkage=0.05


Tree=212
num_leaves=31
num_cat=0
split_feature=38 38 11 38 40 40 6 38 11 38 41 40 10 38 38 41 0 11 41 40 0 0 41 10 38 0 38 41 38 11
split_gain=0.269735 6.2905 2.08412 2.54337 1.98523 4.05447 2.22121 2.34967 4.66205 2.93236 2.14498 2.76285 3.96806 2.46823 2.68835 2.33962 3.53746 2.13964 2.03321 2.82883 4.79389 4.18061 2.4685 2.27435 2.0155 2.33599 1.90824 1.95179 2.88697 2.51194
threshold=3.8426141429928031 3.8334664053372731 15.500000000000002 3.8455070432369092 0.042572463768115944 0.04083333333333334 1.5000000000000002 4.0575256179842079 16.500000000000004 3.8694540037139569 0.21680376028202117 0.1012820512820513 3.5000000000000004 4.0125016497205097 3.978598834686681 0.22653958944281527 24.500000000000004 16.500000000000004 0.17108013937282232 0.17817460317460321 30.500000000000004 41.500000000000007 0.16172624237140368 4.5000000000000009 4.1855268441215125 35.500000000000007 3.8331702983031941 0.18677325581395351 3.7877426501774445 19.500000000000004
decision_type=2 2 2 2 2 2 2 2 2 2 2 2 2 2 2 2 2 2 2 2 2 2 2 2 2 2 2 2 2 2
left_child=1 26 3 -2 5 -4 7 9 -9 17 11 13 -13 14 -11 -12 -17 -6 22 23 -21 -22 24 -20 -10 -26 27 -1 -29 -30
right_child=2 -3 4 -5 6 -7 -8 8 18 10 15 12 -14 -15 -16 16 -18 -19 19 20 21 -23 -24 -25 25 -27 -28 28 29 -31
leaf_value=-0.0034711865943956701 -0.025251907050951414 0.023401905664925213 -0.00023801218618879234 -0.0037729498729177201 0.011390191957287327 -0.038742832578788772 0.044824268176779702 0.040400401978436112 0.038100436981863044 0.030678478894949027 -0.017272465654617868 -0.0089590751783442703 0.046098888782944408 0.054644165341669007 -0.011897514966490769 0.048200009304758491 -0.014670265682655476 -0.032258092808256943 -0.014622695822631749 -0.13539419269855432 0.051424786378678124 -0.12836712284699617 0.059492246947792295 0.034378106472353689 -0.051684312769189444 0.014209272905344641 -0.011709033846390443 0.00011837420470998406 0.0088429208230915018 -0.001511305558838869
leaf_weight=331.57516934955493 14.997420951025559 29.140722489450127 1931.1497282001656 170.11431839247234 5.0269481912255269 6.8609556853771201 3.5890593442600212 5.3481313083320847 2.2130984216928464 16.602724626660354 9.4500076677650231 13.244958214461805 4.3463641577400258 7.4182223137468091 4.7736638337373725 4.7164480313658697 4.2566457334905863 6.3597733601927757 28.347495889291171 1.2582696480676525 1.0579901163000611 0.46561984717845906 2.07334826560691 2.5839025666937223 2.6776823364198208 2.7024690387770534 34.008608572650701 3100.6273295291467 182.53092929837294 86.254706997424364
leaf_count=1421 76 134 8649 991 22 29 22 84 19 84 46 70 47 38 27 22 42 28 217 15 65 2 54 53 25 77 145 14338 789 369
internal_value=2.35266e-06 0.000261299 -0.000430537 -0.00551314 2.47442e-05 -0.000374327 0.00604286 0.00492867 -0.0036462 0.0104124 0.0145238 0.0202564 0.00464433 0.0297943 0.0211706 9.0201e-05 0.0183757 -0.0129885 -0.00907653 -0.0148729 -0.063168 -0.00352017 0.0111388 -0.0105293 -0.00206421 -0.0185857 8.07541e-05 0.000189091 0.00054929 0.0055202
internal_weight=6015.77 3764.14 2251.64 185.112 2066.52 1938.01 128.513 124.924 48.728 76.1958 64.809 46.3859 17.5913 28.7946 21.3764 18.4231 8.97309 11.3867 43.3799 33.7133 2.78188 1.52361 9.6666 30.9314 7.59325 5.38015 3735 3700.99 3369.41 268.786
internal_count=28000 17196 10804 1067 9737 8678 1059 1037 611 426 376 266 117 149 111 110 64 50 527 352 82 67 175 270 121 102 17062 16917 15496 1158
is_linear=0
shrinkage=0.05


Tree=213
num_leaves=31
num_cat=0
split_feature=10 39 38 38 39 40 41 38 38 40 40 39 38 38 40 40 41 38 39 38 40 39 40 38 39 38 39 41 10 40
split_gain=0.273978 0.940262 2.57285 1.98779 3.38264 2.28219 1.98558 1.73219 3.02045 2.15359 1.76858 1.7559 1.60354 1.54415 3.25391 8.00483 3.18294 5.42813 2.81468 4.38347 1.49567 1.55914 2.53693 1.9727 1.52647 1.77182 1.47427 2.14582 1.82801 2.73504
threshold=3.5000000000000004 2.9852281360342525 3.5285632774845577 3.5837837983419667 2.9321041277738069 0.26201372997711675 0.24621212121212124 3.508985020136778 3.4842291702451242 0.26201372997711675 0.24357284113381678 2.6499918208507922 3.5558672161174503 3.8797789142116303 0.17817460317460321 0.18898809523809526 0.21913109756097562 4.0216345058934602 3.4188388898504312 3.8443087154995541 0.31909090909090915 3.2935531298437213 0.25866188769414583 3.7618368601866696 3.1810996580484505 3.6892128038702086 3.8500864429761346 0.19399641577060936 5.5000000000000009 0.14119601328903655
decision_type=2 2 2 2 2 2 2 2 2 2 2 2 2 2 2 2 2 2 2 2 2 2 2 2 2 2 2 2 2 2
left_child=-1 3 -3 4 7 -5 -7 8 10 -9 -2 -11 -13 14 -4 -16 17 -15 19 20 21 22 24 -24 25 -17 -19 28 29 -28
right_child=1 2 13 5 -6 6 -8 9 -10 11 -12 12 -14 16 15 18 -18 26 -20 -21 -22 -23 23 -25 -26 -27 27 -29 -30 -31
leaf_value=-5.5705472913197605e-05 -0.031339922340144259 0.067119052785516942 -0.030186526911884171 -0.038005680165247767 0.065599540711199597 -0.028973890328124603 0.016759224358506887 0.043126331679852137 -0.064960562734401026 -0.036380493783346977 0.013735138400685598 0.063862547506224235 -0.0080341574642054901 0.043828725840906739 0.07117215525203921 -0.0027515118117758426 -0.012070712395877092 -0.011909499801140557 0.045348418440171845 -0.050998497402463643 0.031425519577692192 0.031221749860677869 -0.047493019217390409 0.0031801823119194162 -0.0079685998361890935 0.034908833681348499 0.011431399733493696 0.056054114097210811 0.020993329049036478 -0.062813531737265546
leaf_weight=5841.8889398612082 3.2873795628547722 1.5957899093627919 4.7557334415614596 7.6102790832519558 2.0851987516507497 3.9617370776832086 5.9197527221404016 3.9429662674665433 2.3229729463346294 2.4992927440907806 6.4378673020983115 1.2481757674831899 2.0480960187269375 8.5005321742501092 5.3152336031198493 5.3846713788807445 36.345400074962527 15.791888735257091 4.2304344067815682 3.5029908122960469 5.5502980924211434 4.3876273352652779 4.3627527663484207 3.4311366714537144 8.7807319071143848 7.436158262193203 2.9139355681836587 2.1821549013257018 5.7556172673357651 2.1598425786942244
leaf_count=26268 15 10 25 33 14 21 77 18 18 27 110 35 27 96 28 25 294 148 46 41 93 38 34 25 45 33 39 70 226 21
internal_value=2.48723e-06 0.0019591 0.00401514 -0.00462115 0.00476134 -0.0174259 -0.00157633 -0.00106146 -0.0137367 0.01462 -0.00150137 -0.00477409 0.0191905 0.00324518 0.00941334 0.0130086 -0.00154013 0.00871986 0.0064402 0.0025977 0.00737092 0.00341894 -0.000730969 -0.0251849 0.00809208 0.0190917 -0.00164155 0.0108205 0.00170578 -0.0201737
internal_weight=6015.64 173.747 132.383 41.3637 23.8719 17.4918 9.88149 21.7868 12.0482 9.73853 9.72525 5.79556 3.29627 130.787 57.1378 52.382 73.6494 37.304 47.0668 42.8364 39.3334 33.7831 29.3955 7.79389 21.6016 12.8208 28.8034 13.0116 10.8294 5.07378
internal_count=28000 1732 1337 395 264 131 98 250 143 107 125 89 62 1327 433 408 894 600 380 334 293 200 162 59 103 58 504 356 286 60
is_linear=0
shrinkage=0.05


Tree=214
num_leaves=31
num_cat=0
split_feature=38 1 38 1 38 11 11 38 1 6 11 38 40 38 11 11 40 1 41 38 11 41 38 41 38 41 38 38 38 41
split_gain=0.274373 1.77278 2.04473 3.39696 3.10393 2.80481 1.98387 2.86386 1.89242 1.82713 2.01416 1.79978 1.7986 1.93229 2.81081 1.75362 2.87821 1.6942 1.67252 3.02266 1.56855 1.43796 2.06387 1.65411 1.36566 2.01361 1.28057 1.22846 1.91062 1.31431
threshold=4.030877617342794 19.500000000000004 4.0730876424175824 23.500000000000004 4.2431552640469077 22.500000000000004 24.500000000000004 4.2962191586973182 28.500000000000004 1.5000000000000002 23.500000000000004 4.1039458654316352 0.14434523809523811 4.0561096504339895 16.500000000000004 22.500000000000004 0.097167584579071611 21.500000000000004 0.17108013937282232 4.2285685937444528 14.500000000000002 0.14670014347202298 4.122235376922017 0.15075757575757578 4.2165949164547696 0.20761494252873566 4.0906847176827297 3.9689600969190457 3.9666579022354393 0.17573529411764707
decision_type=2 2 2 2 2 2 2 2 2 2 2 2 2 2 2 2 2 2 2 2 2 2 2 2 2 2 2 2 2 2
left_child=27 12 5 4 15 -3 7 -6 11 10 -7 26 -2 20 24 16 -4 -9 19 21 -14 -13 -23 -24 25 -15 -5 28 29 -1
right_child=1 2 3 8 6 9 -8 17 -10 -11 -12 18 13 14 -16 -17 -18 -19 -20 -21 -22 22 23 -25 -26 -27 -28 -29 -30 -31
leaf_value=0.0030814243996151723 0.0053049215739365795 -0.037214020488225766 -0.065194546262732175 0.0050356281801188507 0.059104438570120647 0.039115367477833257 -0.032713107813142524 -0.034474455898218556 -0.0080799025293411663 -0.011200843107730734 0.0076157269173237584 0.033754217282375654 -0.061086644934653482 0.056958063377858151 -0.03982559885149068 -0.011201684251005078 -0.0092734200092421861 0.052319144791388661 0.025643330972297009 -0.025190348061341811 -0.0082375644052250941 -0.025348829771615528 0.048929061445433852 0.00093637285219444184 -0.02260859050930315 0.0054143263691138069 -0.028821652150970392 -0.0025824049624406024 0.01549225404670599 -0.00015379583822280115
leaf_weight=336.45607329136692 235.62265214696527 3.7612931448966256 4.1359271854162198 6.7411590944975597 3.7779418975114814 5.5701649449765673 1.5033045094460247 1.8769500008784237 25.791976907057688 11.581703364849089 57.070710506290197 6.6840464984998169 2.8441876592114594 2.556868121493606 3.5942749334499231 82.25397308007814 5.1863060533069074 0.80270479037426401 16.561116738244891 6.1688703823601818 2.7726625520735979 3.8316309265792352 2.9498885348439217 4.5873047115746886 2.4999625952914348 7.3176696882583201 4.768198249861598 457.13590057729743 20.144289155490696 4688.3358633320313
leaf_count=1512 1069 32 25 37 36 35 11 31 292 49 296 47 26 37 20 419 89 38 194 79 17 18 19 34 35 79 26 2100 97 21201
internal_value=2.64105e-06 0.00110878 -0.00184022 -0.0048034 -0.0109277 0.00490892 0.0190186 0.0310616 0.00300351 0.00704353 0.0104167 0.00847015 0.0040394 -0.00977466 -0.000902403 -0.013531 -0.0340835 -0.00847497 0.0133979 0.00502532 -0.0349986 0.0153504 0.00453023 0.0197196 0.0104032 0.0187608 -0.00899107 -0.000100455 0.000124441 6.28319e-05
internal_weight=6014.89 512.813 255.605 177.621 99.5371 77.9839 7.9609 6.4576 78.0842 74.2226 62.6409 52.2922 257.208 21.5856 15.9688 91.5762 9.32223 2.67965 40.7829 24.2217 5.61685 18.0529 11.3688 7.53719 12.3745 9.87454 11.5094 5502.07 5044.94 5024.79
internal_count=28000 3090 1807 1395 649 412 116 105 746 380 331 454 1283 214 171 533 114 69 391 197 43 118 71 53 151 116 63 24910 22810 22713
is_linear=0
shrinkage=0.05


Tree=215
num_leaves=31
num_cat=0
split_feature=10 40 38 39 39 0 39 41 38 39 38 39 38 39 38 38 39 38 38 39 40 41 39 38 38 40 40 39 38 40
split_gain=0.272143 0.936338 3.18535 4.19862 2.03529 4.43907 1.53012 1.45684 1.25007 1.17967 2.18487 3.96019 2.17404 0.872957 2.51072 2.70839 2.93243 2.18691 1.80188 3.17646 2.06906 1.79222 1.71255 1.57121 2.7015 1.95593 1.60544 1.58168 1.51472 1.28193
threshold=3.5000000000000004 0.11952380952380953 3.4508518008262095 2.7237043259426157 3.6396517497830132 21.500000000000004 3.3726053923572601 0.20761494252873566 3.8805927053651881 2.9124846630988999 3.6427819312973484 3.0780788756308879 3.6897977004747782 2.9852281360342525 3.7483615029509889 3.6892128038702086 3.1791996096509831 3.6427819312973484 3.5837837983419667 2.9321041277738069 0.26201372997711675 0.24621212121212124 3.1830947672697021 3.508985020136778 3.4842291702451242 0.26201372997711675 0.24357284113381678 2.6499918208507922 3.5558672161174503 0.31414473684210531
decision_type=2 2 2 2 2 2 2 2 2 2 2 2 2 2 2 2 2 2 2 2 2 2 2 2 2 2 2 2 2 2
left_child=1 -1 -3 -4 5 9 -7 -8 -9 -5 11 -11 -12 18 15 16 17 -15 19 23 -20 -22 -17 24 26 -25 -2 -27 -29 -23
right_child=13 2 3 4 -6 6 7 8 -10 10 12 -13 -14 14 -16 22 -18 -19 20 -21 21 29 -24 25 -26 27 -28 28 -30 -31
leaf_value=3.1617675773772125e-05 -0.029935314894763115 0.027388669938861018 -0.055362390376731678 0.020154558435493908 0.018490510862262919 -0.044207656509635644 -0.041384530913239084 -0.027242450043363026 0.0080936371040069184 -0.059774403037254842 0.019444042090744559 0.0047871278226223083 -0.0046016412390550527 0.012852854313065412 0.00090393967871879263 0.080961031560205565 0.039028579086638149 -0.033456966836570325 -0.03624154432611007 0.064685433126868572 -0.027404128459745825 0.04524985623689122 0.024449090456480145 0.041235503188210614 -0.06133174189341184 -0.03429312190710606 0.013134005977191715 0.063051744194763795 -0.0075895988009880696 -0.0026390772082573637
leaf_weight=5733.6265481116716 3.2691760659217888 7.2255895733833304 4.2929037511348715 6.2481791377067557 8.5312114134430868 7.7917963862419155 4.250108689069747 4.2831929102539998 6.0215296819806099 4.3528502732515317 12.628208026289938 5.2280758395791054 36.773260459303856 6.2204777896404284 110.42706915154122 2.4643202284350982 5.4570586811751118 4.3196283653378487 7.5808307826519039 2.0110559090971938 3.9778511598706228 2.2930083386600018 2.9399873067159206 3.9189299717545492 2.337208825396373 2.5177908239420503 6.3987077722558752 1.20232651301194 2.0573352612555027 3.5779978118371218
leaf_count=25774 15 36 25 26 39 41 19 26 31 19 52 23 157 36 1186 22 45 27 33 14 21 13 21 18 18 27 110 35 27 64
internal_value=2.76361e-06 -5.51143e-05 -0.0046756 -0.00698317 -0.0048222 -0.00709318 -0.0263259 -0.016753 -0.00659393 -0.00050446 -0.00269293 -0.0245448 0.00154502 0.00195731 0.00394166 0.0196157 0.0092773 -0.0061262 -0.00440099 0.00457009 -0.0166059 -0.00149194 0.0502181 -0.00100075 -0.0130918 0.0139692 -0.0014298 -0.00452595 0.0184665 0.0160647
internal_weight=6014.22 5841.25 107.627 100.401 96.1084 87.5772 22.3466 14.5548 10.3047 65.2306 58.9824 9.58093 49.4015 172.971 131.829 21.4015 15.9972 10.5401 41.1422 23.7125 17.4297 9.84886 5.40431 21.7015 12.0051 9.69638 9.66788 5.77745 3.25966 5.87101
internal_count=28000 26268 494 458 433 394 117 76 57 277 251 42 209 1732 1337 151 108 63 395 264 131 98 43 250 143 107 125 89 62 77
is_linear=0
shrinkage=0.05


Tree=216
num_leaves=31
num_cat=0
split_feature=40 38 11 38 39 39 41 40 38 39 38 38 38 40 40 38 38 39 39 38 10 41 39 39 39 38 11 38 41 11
split_gain=0.273465 0.979982 1.43656 0.923533 1.57805 0.990569 0.861647 1.6957 0.73239 3.51721 1.64254 1.27573 1.69006 0.721 1.77363 0.720547 0.466073 0.507153 0.381757 0.437393 3.96798 2.7552 1.01223 0.742003 2.19115 1.92278 1.76475 1.41266 1.51475 0.852557
threshold=0.30151515151515157 4.030877617342794 20.500000000000004 3.7193351740411753 2.9321041277738069 3.0270779758999535 0.22653958944281527 0.30901856763925734 3.5180930346395796 2.6499918208507922 3.5944132873659442 3.4301826802983593 3.4110097353675966 0.36515151515151517 0.39565217391304358 3.3470203280915363 3.8797789142116303 3.3215162127329263 2.131011422493156 3.214107439323338 1.0000000180025095e-35 0.31909090909090915 2.5610525396418251 2.5013680857970022 2.5145103693834776 3.2466689551453567 9.5000000000000018 3.2466689551453567 0.27681992337164757 12.500000000000002
decision_type=2 2 2 2 2 2 2 2 2 2 2 2 2 2 2 2 2 2 2 2 2 2 2 2 2 2 2 2 2 2
left_child=18 3 -3 4 8 -5 7 -7 11 -10 13 12 15 -11 -15 -2 -8 -18 -1 20 21 -20 -23 25 -25 -21 -27 28 -26 -28
right_child=1 2 -4 5 -6 6 16 -9 9 10 -12 -13 -14 14 -16 -17 17 -19 19 23 -22 22 -24 24 27 26 29 -29 -30 -31
leaf_value=0.010898305144929517 -0.013271259358276433 0.052204259270750619 -0.050284605372635321 -0.043025044414019498 0.04242138592125879 -0.05780441970789163 0.0016045319056911568 0.052831503252373437 -0.073227040050673264 0.061470541775982185 -0.0058164954567153145 0.044252062145098039 -0.069247914363728388 -0.084873232080076202 0.06407905429692938 0.060010205286997853 -0.034097502285828606 -0.0038070543940931464 -0.003328227750955945 -0.027994230633581571 0.043679439377588114 -0.048204171565113162 -0.0069909212686723905 -0.031742653645239503 0.031989936899677003 -0.021558660937053858 0.016627762701038478 -6.0709684801586521e-05 -0.0040263180701441163 0.0021936443406660503
leaf_weight=7.9901653826236716 0.64910198096186211 2.0293988543562587 0.41118547110818315 1.6739650429226447 3.0911881644278756 0.44603825733065505 6.6280402550473791 1.5493931572418658 1.5676206154748786 1.6590527147054657 6.0529095458332449 2.4519629334099591 0.74626220623031247 0.333276867866516 0.49920024897437543 0.69416669593192637 2.6063830703496933 2.9413185962475836 31.454995885491371 3.8823776543140402 3.8023627698421469 5.4818110540509215 2.0459043011069298 5.4503907710313788 7.0552622526884061 4.427577205002307 28.974901489913464 5856.0811441121623 4.9799504950642586 15.813414037227629
leaf_count=54 23 107 15 25 37 7 75 77 23 11 71 49 18 2 48 18 17 33 171 21 18 63 22 28 34 25 169 26630 25 84
internal_value=2.65314e-06 0.00434557 0.0349371 0.00212283 0.00995723 -0.00665079 -0.00235409 0.0281011 0.00310887 -0.0043823 0.00824842 0.0197886 -0.00891799 0.0424177 0.00444696 0.0245987 -0.00734526 -0.0180379 -2.35248e-05 -3.81438e-05 -0.00507544 -0.00983098 -0.0370031 -1.77911e-06 -5.49724e-05 0.0058823 0.00855464 -2.55404e-05 0.0170871 0.0115315
internal_weight=6013.47 36.0305 2.44058 33.5899 17.7447 15.8451 14.1712 1.99543 14.6536 10.1121 8.54444 4.54149 2.08953 2.49153 0.832477 1.34327 12.1757 5.5477 5977.44 5969.45 42.7851 38.9827 7.52772 5926.67 5873.57 53.0983 49.2159 5868.12 12.0352 44.7883
internal_count=28000 656 122 534 300 234 209 84 263 155 132 108 59 61 50 41 125 50 27344 27290 274 256 85 27016 26717 299 278 26689 59 253
is_linear=0
shrinkage=0.05


Tree=217
num_leaves=31
num_cat=0
split_feature=28 38 38 39 38 39 38 39 38 38 39 38 41 41 11 38 39 38 11 39 38 39 39 0 39 41 41 38 39 39
split_gain=0.267152 1.33891 1.73706 3.06922 0.264178 7.40118 5.18172 3.80252 2.86458 3.53807 3.111 2.38299 1.84122 2.14267 2.23733 1.97509 3.61551 1.74774 1.69532 3.41009 2.85999 4.31885 5.7746 8.37787 2.72575 2.59613 4.04539 3.45945 2.83303 2.82881
threshold=1.0000000180025095e-35 3.7877426501774445 3.879456487392646 3.6309005040087921 3.8426141429928031 3.6901884542810257 3.8334664053372731 3.250814583693912 3.8694540037139569 3.8731810575635239 3.3293288462733837 3.8331702983031941 0.26201372997711675 0.27888888888888896 13.500000000000002 3.8797789142116303 3.512177548847768 3.8870841666935103 21.500000000000004 3.2526449285380048 3.7720678163213806 3.512177548847768 3.5845731102501732 29.500000000000004 3.5219916518807821 0.17974358974358975 0.16336256195196344 3.8038690757349274 3.4200248278151633 3.3510810516731371
decision_type=2 2 2 2 2 2 2 2 2 2 2 2 2 2 2 2 2 2 2 2 2 2 2 2 2 2 2 2 2 2
left_child=4 -2 -3 -4 5 6 11 -6 10 -10 -9 18 15 17 -15 16 -11 -14 19 -1 24 25 -23 -24 -20 26 28 -27 -22 -28
right_child=1 2 3 -5 7 -7 -8 8 9 12 -12 -13 13 14 -16 -17 -18 -19 20 -21 21 22 23 -25 -26 27 29 -29 -30 -31
leaf_value=-0.00062331185324349071 -0.017681682603446543 0.070331379778618225 -0.041291667930784412 0.053893493892926428 0.011495740389913734 0.05267111705606381 0.021376149285909984 -0.018793149395069875 0.015772934153164837 -0.026306514137080895 -0.003334013836932782 -0.013355907400600825 0.0057595826032242987 0.033856909754336299 -0.0043136329046691308 0.00024168330302455515 0.0076359214943377473 -0.02211087769210476 -0.0011776843021349967 0.0028205630224817767 -0.043435252575990679 -0.032385037755314809 -0.035455933059122556 0.037843900963738047 0.019233763670480117 -0.02923123378529574 0.037381520052292651 -0.00037952315247091832 0.0027897228263029971 0.005738415880762582
leaf_weight=2267.7838528611464 2.8921916782855979 1.4860583916306493 1.722982704639435 1.6655682648997752 64.819962096400559 6.7204841300845137 28.541666809935123 36.311631517484784 34.871919710654765 18.924107798142359 313.63824096368626 33.148102688603103 6.9732632339000693 4.4834494441747692 26.706268656998873 1696.9700057449518 13.401608284562824 29.094952652230859 207.50902200490236 1052.3667453527451 6.1733265742659551 33.408687248826027 7.1745599657297126 8.536418676376341 17.75556655228138 16.75006303191185 9.2847682237625104 27.36143022030592 7.1580059491097927 29.51521560549736
leaf_count=10806 13 9 10 41 284 32 132 161 154 84 1345 141 30 29 125 8332 62 141 887 4484 28 139 31 40 81 70 39 114 35 121
internal_value=2.56009e-06 0.00926973 0.0252605 0.00549452 -9.42521e-06 0.00024692 0.000153031 -0.000438439 -0.000793065 -1.03145e-06 -0.00493809 -9.63194e-06 -0.000307211 -0.00842365 0.00117329 8.46335e-06 -0.0122346 -0.0167225 0.000110235 0.000468271 -0.00309712 -0.00856481 -0.0206286 0.00437087 0.000431165 -0.00240778 0.0051462 -0.0113351 -0.0186156 0.0133106
internal_weight=6013.15 7.7668 4.87461 3.38855 6005.38 3759.19 3752.47 2246.2 2181.38 1831.43 349.95 3723.93 1796.55 67.2579 31.1897 1729.3 32.3257 36.0682 3690.78 3320.15 370.627 145.362 49.1197 15.711 225.265 96.2428 52.1313 44.1115 13.3313 38.8
internal_count=28000 73 60 51 27927 17180 17148 10747 10463 8957 1506 17016 8803 325 154 8478 146 171 16875 15290 1585 617 210 71 968 407 223 184 63 160
is_linear=0
shrinkage=0.05


Tree=218
num_leaves=31
num_cat=0
split_feature=7 39 38 38 38 38 0 39 39 39 38 39 39 38 38 39 7 0 0 0 38 0 39 0 32 38 38 0 39 39
split_gain=0.257389 2.27405 3.5246 2.84708 3.34264 2.69136 1.99971 0.968425 2.67759 2.44289 2.2037 1.97547 1.85484 1.5987 1.50697 1.51277 1.353 1.60451 1.01009 0.869682 1.28927 0.84121 0.828029 0.652479 0.628986 0.581529 0.486706 1.36936 2.44353 1.08219
threshold=1.5000000000000002 3.3510810516731371 3.8151919711705227 3.9290085322349744 3.9138546650815367 3.9954766092749705 31.500000000000004 3.9107409774580582 3.8768917467430883 3.939700639726563 4.1039458654316352 3.8500864429761346 3.8075592492374004 4.1039458654316352 4.0539449931801803 3.6467030064723334 3.5000000000000004 30.500000000000004 30.500000000000004 36.500000000000007 4.1904138032371039 24.500000000000004 3.6901884542810257 41.500000000000007 1.0000000180025095e-35 3.9576176145808422 4.3256116827850262 28.500000000000004 4.021991651880783 4.2176182668337079
decision_type=2 2 2 2 2 2 2 2 2 2 2 2 2 2 2 2 2 2 2 2 2 2 2 2 2 2 2 2 2 2
left_child=24 21 -3 4 6 22 -4 8 11 -9 -10 12 13 14 15 -7 17 -11 -17 -19 -21 -2 25 -22 26 -5 -1 -28 -29 -30
right_child=1 2 3 5 -6 7 -8 9 10 16 -12 -13 -14 -15 -16 18 -18 19 -20 20 23 -23 -24 -25 -26 -27 27 28 29 -31
leaf_value=-6.9371405773570737e-06 -0.037598513708622439 0.040120141224309264 0.010565432812938213 0.0046067128133712226 -0.063727514548886921 -0.024223060459636792 -0.035695932538058833 0.050117429651039047 -0.070681897973633709 -0.037009187174273275 -0.0029881502578178905 0.044148932569864574 -0.032099917409172653 -0.021627625950838537 0.032907299782809755 0.035246211943185571 -0.026542051598804045 0.054275916093013035 -0.0046571836737096519 -0.024975958772521338 0.05827261418766834 -0.0067664414486791093 0.052408385769542536 0.012902111655795578 -0.018135568205864049 0.033682527394338586 0.029799342735683174 -0.088806725850206325 0.015492306545572571 -0.037146170036739951
leaf_weight=5915.1914157392457 4.1650626361370069 6.7087608538568011 7.0211888141930086 3.021656256169079 3.1237502247095099 3.7819724311120932 3.5006666630506516 3.3619290397036812 2.4306054655462495 1.3655993416905383 2.3789554964751005 2.666836353018879 4.0443396847695103 4.4137310516089192 5.7225326523184767 3.2418636232614517 3.105251457542181 1.6260858722962437 3.104786179959774 1.5916880872100589 1.2500680079683664 4.7185099832713604 3.0369402877986431 2.1645572750130668 4.7965458743274203 3.9910693252459168 1.4254582962021221 1.1787597779184578 2.2969782493310054 1.6983742848969994
leaf_count=27144 22 40 43 19 17 26 25 35 17 14 23 22 32 32 39 20 24 36 30 15 33 24 29 58 22 28 17 14 61 39
internal_value=2.56557e-06 0.00272572 0.00550104 0.00218061 -0.0183097 0.00714686 -0.00482592 0.00205102 -0.00282977 0.012776 -0.0371985 0.00329783 -0.00118373 0.00498633 0.012397 0.000808887 0.00146948 0.0123451 0.0157254 0.022507 0.0121882 -0.0212221 0.0305991 0.0295119 -3.67377e-05 0.0211543 -2.2078e-05 -0.0135928 -0.0255473 -0.00688365
internal_weight=6012.13 85.5384 76.6548 69.9461 13.6456 56.3005 10.5219 46.2508 31.7856 14.4652 4.80956 26.9761 24.3092 20.2649 15.8512 10.1286 11.1033 7.998 6.34665 6.6324 5.00631 8.88357 10.0497 3.41463 5926.59 7.01273 5921.79 6.59957 5.17411 3.99535
internal_count=28000 703 657 617 85 532 68 456 241 215 40 201 179 147 115 76 180 156 50 142 106 46 76 91 27297 47 27275 131 114 100
is_linear=0
shrinkage=0.05


Tree=219
num_leaves=31
num_cat=0
split_feature=40 38 11 38 40 38 38 38 38 38 38 40 38 40 40 40 38 38 38 38 41 10 41 41 41 38 41 11 11 38
split_gain=0.2596 0.947103 1.41968 0.838163 0.812457 2.4177 1.07316 0.714805 0.694961 0.66236 1.08333 0.882783 2.25723 1.42575 0.657467 0.607112 0.638413 0.450337 0.341127 0.619079 1.69319 0.691949 0.606165 0.954057 0.976753 0.463359 1.08907 0.425707 1.40289 2.69766
threshold=0.30151515151515157 4.030877617342794 21.500000000000004 3.7193351740411753 0.40824915824915831 3.7295856422037628 3.8797789142116303 3.6850506496423425 3.8490542645098729 3.6809850782491051 3.6422606651904035 0.36055555555555557 3.5754877035188977 0.40682870370370378 0.35504201680672276 0.31909090909090915 3.7838244546904183 3.5470132150399563 4.3693432919449284 4.3130497913330537 0.17445652173913045 3.5000000000000004 0.16100230414746547 0.21525096525096529 0.18301435406698566 4.2810611664964666 0.18469785575048733 36.500000000000007 42.500000000000007 4.0816300277380764
decision_type=2 2 2 2 2 2 2 2 2 2 2 2 2 2 2 2 2 2 2 2 2 2 2 2 2 2 2 2 2 2
left_child=18 3 -3 7 6 -6 15 9 -7 10 11 17 13 -13 -8 -5 -17 -2 19 25 -21 -22 -20 24 -24 27 -27 -1 29 -29
right_child=1 2 -4 4 5 8 14 -9 -10 -11 -12 12 -14 -15 -16 16 -18 -19 22 20 21 -23 23 -25 -26 26 -28 28 -30 -31
leaf_value=-7.0564172757057572e-07 0.0050056844893475562 0.052067179223225506 -0.052605166288467814 -0.0024325721996950912 -0.10731828624039695 -0.030123562940792166 -0.031686843254283871 0.047261069375285826 0.020823719010561771 -0.014098372720658857 0.043773212017491313 -0.014991481097824916 -0.081914847576034719 0.056779302020694616 0.0022779595261414594 0.056119203409509801 0.01164250238882102 0.030661254002892172 -0.035207926717867113 -0.0081429175761401559 0.060741781049385137 0.014099385306325762 -0.010816881708116288 -0.044693975828969855 0.053609698776088101 0.011854638555065957 -0.035417411862242176 0.0088476196324225008 0.021228647386539116 -0.059429006482245333
leaf_weight=5950.6194431765471 3.8716558506712371 1.9713899074122303 0.38763742800801981 3.2062228173017484 0.747349389828741 1.3919348495546731 3.1182447513565421 1.176337890792637 1.2894159348215906 3.0528785586357108 2.2009875564835957 2.2889912026003008 0.92004588665440667 0.99179760366678227 2.6235956808086485 1.262124211760238 2.2365412164945155 3.0642059296369553 1.9122123620472837 3.7343541909940532 1.8934990940615537 1.3708174563944338 1.3925183475948877 0.86940493527799834 1.0186351370066402 2.1233119310345492 2.8588616610504687 2.9482910670340043 2.3389265257865191 2.8405828019604087
leaf_count=26987 27 111 11 29 6 44 31 12 34 16 42 21 24 135 33 20 37 23 36 41 20 39 31 8 36 39 30 29 22 26
internal_value=2.66347e-06 0.00424764 0.0348673 0.00208772 -0.00623894 -0.0277901 -0.000302241 0.00961263 -0.00562388 0.00691063 0.0117194 0.00538449 -0.012704 0.00670516 -0.0161674 0.0132842 0.0276872 0.0163401 -2.27679e-05 -1.16272e-05 0.0148505 0.0411548 -0.0128325 0.000209981 0.0164013 -2.90685e-05 -0.0152709 -1.63246e-05 -0.0114515 -0.0246555
internal_weight=6011.72 35.8014 2.35903 33.4423 15.8754 3.4287 12.4467 17.5669 2.68135 16.3906 13.3377 11.1367 4.20083 3.28079 5.74184 6.70489 3.49867 6.93586 5975.92 5970.73 6.99867 3.26432 5.19277 3.28056 2.41115 5963.73 4.98217 5958.75 8.1278 5.78887
internal_count=28000 656 122 534 234 84 150 300 78 288 272 230 180 156 64 86 57 50 27344 27233 100 59 111 75 67 27133 69 27064 77 55
is_linear=0
shrinkage=0.05


Tree=220
num_leaves=31
num_cat=0
split_feature=41 0 38 38 11 11 11 38 39 41 38 39 41 6 11 11 38 38 39 10 40 0 39 38 38 38 38 39 39 11
split_gain=0.253064 0.969018 1.55762 1.14666 0.905579 0.85792 0.32858 1.33608 3.19995 1.64912 2.12855 2.40129 2.6394 1.62575 1.29422 1.13166 1.26585 0.787771 0.66731 1.57827 0.946948 0.551922 0.906871 2.17428 1.71369 0.764424 0.86778 3.18144 2.92559 6.98766
threshold=0.13100686498855837 45.500000000000007 4.0906847176827297 3.9525612543885855 36.500000000000007 43.500000000000007 30.500000000000004 3.8936612158712429 3.4534939707360945 0.15707236842105265 4.0627539937050932 3.7350938664410989 0.13680926916221037 1.5000000000000002 32.500000000000007 32.500000000000007 4.0816300277380764 4.1409618494916893 4.1513245817864322 4.5000000000000009 0.18301435406698566 36.500000000000007 3.6901884542810257 4.1505187135146189 4.1904138032371039 4.2543605575584804 4.2165949164547696 3.9699956519455788 3.9699956519455788 21.500000000000004
decision_type=2 2 2 2 2 2 2 2 2 2 2 2 2 2 2 2 2 2 2 2 2 2 2 2 2 2 2 2 2 2
left_child=1 2 3 -1 6 -3 18 8 -8 10 11 12 -9 15 17 16 -11 -12 21 -20 -21 25 -23 -24 -25 26 27 -2 29 -28
right_child=4 5 -4 -5 -6 -7 7 9 -10 13 14 -13 -14 -15 -16 -17 -18 -19 19 20 -22 22 23 24 -26 -27 28 -29 -30 -31
leaf_value=-0.0078338335450979218 -4.0641749552527853e-05 0.057896882444156965 -0.024405908396022649 0.029877747152563795 -0.022413569304457676 -0.0050885559985782234 -0.0060505293124900762 -0.020478014422861988 0.060648784129855228 0.041548336090826199 0.047103726645098314 -0.040011370744142655 0.026661478695859164 -0.0048317581930118949 -0.0080118746300961562 0.056689977022900663 -0.0052868706379025909 0.010434897068821404 -0.053970718034675007 -0.014298311159239539 0.051862343372547082 -0.047472922550940599 0.036913463669635597 -0.062842117831281338 0.0033820852233877778 0.011271328163862374 -0.042509395076572955 0.03281093803983607 -0.04053275384632464 0.054452738154405822
leaf_weight=3.5709733087569457 5893.4281413517892 1.5415360386250534 4.0631904322654 4.6281142495572567 4.5085302172228685 0.83266534842550743 4.0123336464166632 8.0233101323247009 3.2586271911859512 2.7208458315581066 2.7698722630739194 6.6985083576291791 4.7141732815653077 6.2255535740405312 4.457448847591877 2.5497448481619358 3.0711485557258129 3.10838623624295 1.8921890361234535 1.7194152856245639 0.78902222728356708 1.5602943096309889 2.0625212527811527 1.7768245786428454 2.1698062448995188 15.006308388663454 3.6018712951336038 7.3789568992797276 5.5197332729585469 3.8379914499819279
leaf_count=32 26854 43 37 33 35 14 23 39 25 23 17 37 26 29 29 30 26 30 17 27 66 11 18 12 48 194 31 99 64 31
internal_value=2.68223e-06 0.00656923 0.000908262 0.0134531 -1.33447e-05 0.035807 3.50881e-06 0.00397584 0.0238421 0.000718054 -0.00602709 -0.0157765 -0.00303157 0.0145033 0.0123063 0.0289334 0.0167144 0.0277135 -3.10006e-05 -0.0194943 0.00651234 -1.65725e-05 -0.0135093 -0.00469054 -0.0264329 6.54111e-07 -2.79455e-05 4.39138e-07 -0.0129521 0.00751032
internal_weight=6011.5 14.6365 12.2623 8.19909 5996.86 2.3742 5992.35 51.61 7.27096 44.339 29.7717 19.436 12.7375 14.5673 10.3357 8.34174 5.79199 5.87826 5940.74 4.40063 2.50844 5936.34 7.56945 6.00915 3.94663 5928.77 5913.77 5900.81 12.9596 7.43986
internal_count=28000 159 102 65 27841 57 27806 334 48 286 178 102 65 108 76 79 49 47 27472 110 93 27362 89 78 60 27273 27079 26953 126 62
is_linear=0
shrinkage=0.05


Tree=221
num_leaves=31
num_cat=0
split_feature=10 40 38 39 39 41 39 39 38 39 38 39 38 38 38 38 39 38 39 41 38 39 40 11 11 10 38 40 39 39
split_gain=0.251154 0.835902 2.84886 3.91938 1.84307 4.06541 1.39233 1.13619 1.92479 4.1251 2.27145 0.797851 2.36994 2.82689 2.59009 2.2121 2.3557 2.52754 1.66184 1.59159 1.26197 2.51147 1.22587 1.20374 1.16291 1.02704 0.946324 2.17208 1.31952 1.12538
threshold=3.5000000000000004 0.11952380952380953 3.4508518008262095 2.7237043259426157 3.6396517497830132 0.23606811145510839 3.3726053923572601 2.9124846630988999 3.6427819312973484 3.0780788756308879 3.6897977004747782 2.9852281360342525 3.5285632774845577 3.54641915521186 3.7483615029509889 3.6892128038702086 3.1791996096509831 3.6427819312973484 3.1830947672697021 0.23861283643892342 3.6809850782491051 2.9321041277738069 0.26201372997711675 9.5000000000000018 11.500000000000002 9.5000000000000018 3.5180930346395796 0.31414473684210531 2.8458951406467268 2.4305059097167985
decision_type=2 2 2 2 2 2 2 2 2 2 2 2 2 2 2 2 2 2 2 2 2 2 2 2 2 2 2 2 2 2
left_child=1 -1 -3 -4 5 6 -5 -7 9 -9 -10 19 -13 -14 15 16 17 -15 -17 23 21 26 -22 -2 -18 -16 27 -21 -28 -29
right_child=11 2 3 4 -6 7 -8 8 10 -11 -12 12 13 14 25 18 24 -19 -20 20 22 -23 -24 -25 -26 -27 28 29 -30 -31
leaf_value=2.9208775138846412e-05 -0.0049622254892882529 0.025829092893059798 -0.05409866899045547 -0.046855716217859611 0.017628686359699861 0.019144608883681302 -0.01776052916566187 -0.058649806328360955 0.018929481085702568 0.0061136523211838848 -0.0052625270049996521 0.065829272428148872 -0.065941379733178915 0.025121993746565457 0.00026644330943345965 0.079795659878501388 0.060633771968728635 -0.032726104979532745 0.023333711173474381 -0.025363933055895845 -0.032595035756453908 0.064241221016291108 0.0054650583839608302 -0.038474015154695555 0.012895003834586785 0.034066073559177047 0.0035397207074705419 -0.0037760039299778963 0.045820421094421526 0.058165369039940101
leaf_weight=5731.7830809073057 5.6962342131882888 7.2547752335667601 4.1656250059604636 6.2351335734128979 8.52882371842861 6.2605365216732016 12.07478781044483 4.5188829600810987 12.805512979626654 5.3932479918003082 40.046178035438061 1.5211911350488652 1.4677332937717427 3.3634049408137816 107.9173958459869 2.3639502015430471 2.5218827072530985 4.3052979307249188 2.9043759200721979 6.2714033871889203 4.4808643162250501 1.8257838003337372 4.0080528114922345 5.0599934812635183 2.5815619174391031 2.2953216235619029 8.042688893619923 1.4875158334616574 2.3947904044762245 1.4462467128178103
leaf_count=25774 39 36 25 31 39 26 54 20 54 25 184 10 8 19 976 22 26 27 21 30 19 13 24 25 18 210 123 33 32 57
internal_value=2.82558e-06 -5.26373e-05 -0.00442539 -0.00661965 -0.0045565 -0.00672304 -0.0276684 -0.00116692 -0.00319295 -0.0234116 0.00059899 0.00188617 0.00378312 0.00305552 0.00384513 0.0214076 0.0101628 -0.00735459 0.0486687 -0.00422874 0.00169498 0.0081481 -0.0146249 -0.020727 0.0364853 0.000970364 0.00293424 -0.00875192 0.0132407 0.026759
internal_weight=6011.02 5839.07 107.284 100.029 95.8631 87.3343 18.3099 69.0244 62.7638 9.91213 52.8517 171.956 131.242 129.721 128.253 18.0405 12.7721 7.6687 5.26833 40.7136 29.9573 21.4684 8.48892 10.7562 5.10344 110.213 19.6426 9.20517 10.4375 2.93376
internal_count=28000 26268 494 458 433 394 85 309 283 45 238 1732 1337 1327 1319 133 90 46 43 395 331 288 43 64 44 1186 275 120 155 90
is_linear=0
shrinkage=0.05


Tree=222
num_leaves=31
num_cat=0
split_feature=28 0 41 6 11 39 40 11 41 39 41 39 39 41 39 39 41 41 39 12 39 39 41 0 39 39 39 39 41 39
split_gain=0.247612 1.26702 0.617687 0.269996 2.04516 1.45277 1.29011 2.1883 2.68086 1.12098 1.22696 1.15664 0.948211 2.28332 0.89446 4.17645 1.08211 0.837138 1.47336 3.12176 1.40414 2.64462 3.93175 1.19651 0.902605 1.49464 4.35366 2.22753 3.67782 3.23332
threshold=1.0000000180025095e-35 27.500000000000004 0.19292803970223329 1.5000000000000002 11.500000000000002 2.4123453272002151 0.039230769230769243 16.500000000000004 0.28102564102564109 3.7745165547421649 0.17108013937282232 3.7478708499486073 3.885005894457811 0.21320346320346323 2.7263487792301757 2.807372686467164 0.31414473684210531 0.30217391304347835 3.250814583693912 6.5000000000000009 3.2030314438610916 3.1553932710946153 0.27097902097902099 22.500000000000004 3.2360563169422236 3.3276521565353132 3.3238656213382543 3.3791270321417142 0.23861283643892342 3.4057306562576288
decision_type=2 2 2 2 2 2 2 2 2 2 2 2 2 2 2 2 2 2 2 2 2 2 2 2 2 2 2 2 2 2
left_child=3 -2 -3 -1 5 -5 9 8 -8 10 -6 14 13 -11 16 -16 -12 20 19 -19 21 22 -17 -22 -25 26 -26 28 -27 -29
right_child=1 2 -4 4 6 -7 7 -9 -10 12 11 -13 -14 -15 15 17 -18 18 -20 -21 23 -23 -24 24 25 27 -28 29 -30 -31
leaf_value=8.2941894126722888e-05 -0.0055781586954822349 0.057171682153898486 0.0074616573085237205 0.13758099461311799 0.026649204854792021 0.026334434592017189 -0.024522291602330226 0.041274187448498915 0.022019990723644255 -0.007955983604592036 -0.038550633693690217 0.022277336901549011 0.0039134528235313 -0.048972024800785038 0.05301220658770716 -0.022387042314274859 -0.005910415734255315 -0.0083013384796721424 0.020503792084608671 -0.065844175351212661 -0.011985763670068643 0.020244864872229856 0.0053617678578857996 -0.017881500644756625 -1.8290011424024073e-05 -0.050933794364702724 0.055288627887774937 0.041065166206461251 -0.0068100572153321761 -0.0017075242183130857
leaf_weight=5585.1068495545769 5.0736349895596495 1.5647660265676679 1.040425914339721 0.3223622422665352 3.840636044740676 3.2744099865667522 5.6411032723262924 4.6216498664580277 6.852279394865036 13.138590857386594 3.5612413287162772 4.9382225126028052 6.3944423571228972 4.5745255015790454 3.4639234691858283 16.262401685118675 8.8483307249844056 14.896647669374948 2.9970568865537635 2.8000130094587794 36.218461439013481 19.037073567509651 59.365756392478943 8.6555386036634427 18.564480721950535 5.8260588645935085 4.4019605815410605 4.5745086818933478 24.935942530632019 129.38567358255386
leaf_count=25632 25 27 21 21 16 193 29 26 30 56 23 22 31 22 17 82 96 121 13 17 181 84 304 41 86 30 19 20 123 592
internal_value=2.74808e-06 0.0089756 0.0373192 -8.73064e-06 -0.00123539 0.036305 -0.0015617 0.011879 0.00100488 -0.0021416 -0.00146549 -0.00175833 -0.0125907 -0.0185486 -0.00208459 -0.00161868 -0.0152774 -0.00216259 -0.0119155 -0.0174059 -0.00154582 0.00358781 -0.000605088 -0.00363548 -0.00209515 -0.00136714 0.0105823 -0.0030332 -0.0151667 -0.000246911
internal_weight=6010.18 7.67883 2.60519 6002.5 417.393 3.59677 413.797 17.115 12.4934 396.681 372.574 368.733 24.1076 17.7131 363.795 351.385 12.4096 347.922 20.6937 17.6967 327.228 94.6652 75.6282 232.563 196.344 187.689 22.9664 164.722 30.762 133.96
internal_count=28000 73 48 27927 2295 214 2081 85 59 1996 1887 1871 109 78 1849 1730 119 1713 151 138 1562 470 386 1092 911 870 105 765 153 612
is_linear=0
shrinkage=0.05


Tree=223
num_leaves=31
num_cat=0
split_feature=36 39 38 41 39 39 38 38 38 38 38 38 38 39 39 1 38 39 11 38 41 38 39 41 38 38 1 39 41 41
split_gain=0.24612 1.0818 0.969275 0.287346 2.26563 2.10727 1.91851 1.69638 1.53359 4.20418 2.0392 4.73402 2.2689 1.7455 1.49817 1.40515 1.32837 1.44417 1.40178 1.27876 0.969402 1.52691 3.12951 2.74481 2.11064 1.89879 1.49782 1.23651 1.58479 1.3428
threshold=1.0000000180025095e-35 3.3920199341727337 3.8175083389536781 0.15954545454545457 3.4844403611550336 3.5226417724085595 3.8334664053372731 3.7720678163213806 3.8870841666935103 3.9024149211028321 3.9233088607576558 3.9365759126444071 3.9502039773024502 3.5944740717404371 3.622696642244505 23.500000000000004 3.7130633111196718 3.2030314438610916 28.500000000000004 3.8635368451664447 0.15707236842105265 4.0988672426813979 3.8563805301751679 0.13100686498855837 4.122235376922017 4.0730876424175824 28.500000000000004 3.9022431950643792 0.15450928381962867 0.14434523809523811
decision_type=2 2 2 2 2 2 2 2 2 2 2 2 2 2 2 2 2 2 2 2 2 2 2 2 2 2 2 2 2 2
left_child=3 -2 -3 4 6 -6 7 16 14 -10 -11 -12 -13 -14 15 -7 17 -1 -19 -8 21 23 24 -15 -23 26 -25 -24 29 -29
right_child=1 2 -4 -5 5 8 19 -9 9 10 11 12 13 20 -16 -17 -18 18 -20 -21 -22 22 27 25 -26 -27 -28 28 -30 -31
leaf_value=0.027973203776928187 -0.016284703519492395 0.00073614508862263994 0.056007044614401758 -7.4379684707650469e-05 -0.02175695220006911 0.008046811230736868 0.055466714383554473 -0.015531443714050859 -0.040640493005042855 0.02517260680835557 -0.05194174077884986 0.029589318304862684 -0.028582553254785394 0.028163509847311426 -0.0045857424280828047 0.039203212455000851 0.031364345293101344 0.012180740293474698 -0.029541436949162288 0.01748962942017341 0.023077975682502402 0.0060149692659999289 -0.021307184863557108 -0.0015949792904111023 0.046794679362841429 -0.030158220229162466 -0.028133919970246665 0.009866595468997227 0.031423455937624752 -0.017383535390425638
leaf_weight=4.1498136548325482 2.196172982454299 1.5320543907582762 1.6448302166536448 5785.1270308902021 10.909212619066237 7.7421921342611331 3.7660675719380361 6.5394445580895981 6.3768434822559348 8.1286771893501264 4.3477253690361968 6.6303661838173857 5.2717210445553055 5.9501010775566092 7.7713627964258185 6.7948716133832932 6.9749207347631446 4.0942774675786477 3.9607187695801258 5.3875736352056265 4.697567038005217 5.8434518761932832 6.2227177796885398 54.102844387292862 6.9429910965263844 7.9840182662010184 5.8959506414830676 9.9437847620574811 4.237312724813818 8.2894845502451044
leaf_count=35 11 11 35 26706 50 34 20 34 29 39 21 31 23 47 38 42 33 20 21 28 36 29 41 245 41 39 32 127 31 71
internal_value=2.4858e-06 0.0106989 0.0293526 -7.08644e-06 0.0017709 -0.000442822 0.0134565 0.00646002 0.000899876 -0.000909473 0.00084401 -0.000606263 0.00108443 -0.000422945 0.013136 0.0226098 0.0139581 0.00401068 -0.00833445 0.0331145 0.000813 -9.32374e-05 0.00758482 -0.00440098 0.0281582 -0.00725114 -0.0042029 -0.00158319 0.00387893 -0.00252227
internal_weight=6009.46 5.37306 3.17688 6004.08 218.956 184.083 34.8728 25.7192 173.174 150.866 144.489 136.36 132.012 125.382 22.3084 14.5371 19.1797 12.2048 8.055 9.15364 120.11 115.413 41.4797 73.9329 12.7864 67.9828 59.9988 28.6933 22.4706 18.2333
internal_count=28000 57 46 27943 1237 1046 191 143 996 882 853 814 793 762 114 76 109 76 41 48 739 703 340 363 70 316 277 270 229 198
is_linear=0
shrinkage=0.05


Tree=224
num_leaves=31
num_cat=0
split_feature=38 38 41 41 39 39 0 0 11 0 39 39 39 38 41 40 0 11 38 39 38 39 39 39 38 39 41 39 38 11
split_gain=0.241025 2.23856 2.3386 1.49636 2.5438 2.12581 1.63795 1.81743 1.97409 1.18317 1.17456 0.936057 1.40806 1.27291 1.35648 0.982983 2.68462 1.47341 2.41223 0.932009 0.580002 1.12929 0.541679 0.840917 0.53724 1.6716 0.786645 0.449308 0.418228 0.729619
threshold=3.214107439323338 3.1830947672697021 0.26201372997711675 0.27097902097902099 2.5610525396418251 2.131011422493156 17.500000000000004 15.500000000000002 11.500000000000002 14.500000000000002 2.7452077649408166 2.5013680857970022 2.5145103693834776 3.2466689551453567 0.27681992337164757 0.065591397849462371 17.500000000000004 12.500000000000002 3.3470203280915363 2.6730607426530448 3.3084829020490516 2.4886587483575435 2.5217843656153409 2.2663326399706238 3.2728549613273388 2.922579761842492 0.27681992337164757 2.4123453272002151 3.3670668758459548 7.5000000000000009
decision_type=2 2 2 2 2 2 2 2 2 2 2 2 2 2 2 2 2 2 2 2 2 2 2 2 2 2 2 2 2 2
left_child=1 2 -1 -4 5 -5 7 9 -9 -7 -6 15 -13 14 -14 17 -17 20 27 22 -2 -22 23 -3 25 26 -15 -19 -18 -30
right_child=11 19 3 4 10 6 -8 8 -10 -11 -12 12 13 24 -16 16 28 18 -20 -21 21 -23 -24 -25 -26 -27 -28 -29 29 -31
leaf_value=0.03897941868823436 0.026650836145316797 -0.04473184157826568 -0.032761523101563966 0.021491780423764723 0.0467853583428543 -0.0075349494047806491 -0.049629633098898292 0.02429129895002952 -0.022505588498734554 -0.055818884041432364 0.0063041836289937639 -0.024795508007516519 0.030278876224606611 -0.031616745903721308 -0.0037955523067233995 -0.034543032019790448 0.0016683962959600255 -0.0047822928623611777 0.018050224562620672 -0.0044871897951909131 0.02159859718596209 -0.0013388087985361026 -0.051952848960503707 -0.0029946973359970264 -1.5124044390585825e-05 0.016915352275543093 -0.0042547674958238911 -0.026492552836111367 0.0057516166721748412 0.06594460478104712
leaf_weight=3.9406910249963394 8.7714056372642535 2.3686406346969289 3.4840626418590537 5.2350623123347821 3.8116196393966666 2.4924311339855221 2.8348240926861754 5.4877381920814496 3.8238878697156906 2.5843154042959213 3.3816244155168533 5.7338892504340029 7.0821322798728925 6.189004108309744 4.9707554057240486 4.6075932160019866 1.2222564925905319 3.8054428845644015 8.2075601518154127 4.5239562690258026 12.091092072427273 9.6477751061320305 2.5500664841383696 2.4604435414075851 5870.4365798895014 4.2889375835657111 4.5637639611959457 6.3763956055045128 0.92020651674829457 1.1115595549345014
leaf_count=24 51 28 16 36 26 15 16 33 25 34 19 34 34 28 25 26 18 21 40 21 70 58 18 15 27146 19 24 37 37 6
internal_value=2.59573e-06 -0.00349055 0.00256606 -0.00176444 0.00187773 -0.00641051 -0.0148915 -0.00804737 0.00507381 -0.0321139 0.0277547 3.13023e-05 -3.01413e-05 -6.06314e-06 0.0162262 0.00642154 -0.00998866 0.00905981 -0.00211956 -0.0223559 0.0157979 0.0114189 -0.0333108 -0.0234665 -3.93052e-05 -0.00947665 -0.0200036 -0.0183784 0.0247796 0.0386826
internal_weight=6009.01 48.9794 37.0763 33.1356 29.6515 22.4583 17.2232 14.3884 9.31163 5.07675 7.19324 5960.03 5903.27 5897.53 12.0529 56.7613 7.86162 48.8997 18.3894 11.9031 30.5103 21.7389 7.37915 4.82908 5885.48 15.0417 10.7528 10.1818 3.25402 2.03177
internal_count=28000 326 244 220 204 159 123 107 58 49 45 27674 27310 27276 59 364 87 277 98 82 179 128 61 43 27217 71 52 58 61 43
is_linear=0
shrinkage=0.05


Tree=225
num_leaves=31
num_cat=0
split_feature=38 39 38 39 39 11 39 10 38 41 38 0 41 38 38 38 39 39 38 11 39 41 39 39 38 39 0 11 38 41
split_gain=0.235752 2.3778 1.9121 3.79791 3.28271 4.56138 2.4362 2.8029 2.64818 2.95041 2.84576 2.1534 2.71872 3.48893 2.21734 2.13622 1.99064 6.53872 3.54224 2.88306 2.53993 2.09942 2.9032 1.91151 1.72937 4.25334 6.04819 3.26051 2.19279 1.69648
threshold=3.6819433087818085 3.5071353490160777 3.5944740717404371 3.2778374513259747 3.2526449285380048 19.500000000000004 3.4105065644434074 1.5000000000000002 3.6297475207030376 0.23861283643892342 3.675453323258838 26.500000000000004 0.26006441223832533 3.6540102171420124 3.6057019109141346 3.6239224456263801 3.23966092346532 3.1830947672697021 3.6282182104214895 19.500000000000004 3.1700299469352529 0.22653958944281527 3.1294016334093855 3.3816002981289501 3.7037659297835499 3.4105065644434074 21.500000000000004 19.500000000000004 3.6962861127732456 0.19538706256627789
decision_type=2 2 2 2 2 2 2 2 2 2 2 2 2 2 2 2 2 2 2 2 2 2 2 2 2 2 2 2 2 2
left_child=1 2 23 4 11 -6 7 8 9 15 -10 12 13 16 -13 29 17 18 20 -19 -4 22 -20 -1 25 -2 -27 -28 -29 -5
right_child=24 -3 3 6 5 -7 -8 -9 10 -11 -12 14 -14 -15 -16 -17 -18 19 21 -21 -22 -23 -24 -25 -26 26 27 28 -30 -31
leaf_value=0.00035927073024820031 0.0017034239599663188 0.023243636718882736 -0.015067133745277529 -0.02297286035269561 -0.010080934208866306 -0.051772855431138326 -0.0063742045764224519 -0.025254230399417217 0.014471774525834076 0.032619427754602158 -0.013923285839465879 -0.0197884750016942 0.00034760481215412938 -0.018085425318766165 0.01775810854414437 -0.027533092838828294 -0.015950516669254674 0.021539429535451529 0.027475183693850932 -0.019277411060727268 -0.052592862144345637 -0.00618540024254939 -0.0089508912087124439 0.01776142930212141 -8.5074723171575526e-05 0.042913809108965167 -0.026162629409737639 0.0010956195311036879 0.043739951227370621 0.0080122784125459898
leaf_weight=1308.8733030423755 289.39375643339008 10.549645617604254 36.333957225084305 6.017573386430743 32.006114423274994 8.2518412321805936 50.042500548064709 6.7017472274601451 96.539291583001614 4.9224989414215079 9.7113690972328168 4.8777814731001881 173.47685087029822 61.99160760268569 20.283127287402749 10.478153541684149 32.723717629909515 32.352565370500088 12.267844071611764 4.9941175132989875 5.1481596976518622 79.11119182407856 9.8717338442802411 15.972678288817404 3633.3166098435177 15.943433821201323 6.9063138812780407 8.475417494773863 4.6785351634025565 16.614253476262093
leaf_count=6469 1279 50 159 25 140 34 213 35 398 23 40 21 830 270 91 43 148 139 52 20 22 362 42 70 16804 67 29 37 20 68
internal_value=2.29207e-06 -0.00043291 -0.000555377 -0.00263973 -0.00491982 -0.0186267 0.00318664 0.00635549 0.00782372 -0.00349832 0.0118765 -0.00375427 -0.00455318 -0.00764702 0.0104792 -0.00886799 -0.00460621 -0.00254475 -0.00741833 0.0160813 -0.0197243 -0.00237661 0.0112333 0.000569076 0.000227672 0.00371973 0.0199266 0.00165688 0.0162632 -0.000226356
internal_weight=6008.83 2050.11 2039.56 714.718 513.691 40.258 201.027 150.985 144.283 38.0325 106.251 473.433 448.272 274.795 25.1609 33.11 212.803 180.08 142.733 37.3467 41.4821 101.251 22.1396 1324.85 3958.71 325.397 36.0037 20.0603 13.154 22.6318
internal_count=28000 9764 9714 3175 2330 174 845 632 597 159 438 2156 2044 1214 112 136 944 796 637 159 181 456 94 6539 18236 1432 153 86 57 93
is_linear=0
shrinkage=0.05


Tree=226
num_leaves=31
num_cat=0
split_feature=41 11 38 39 38 11 39 38 38 38 39 39 39 39 0 38 38 39 39 39 38 38 38 39 38 38 39 38 38 39
split_gain=0.24159 1.48998 3.90745 5.60604 2.9639 1.67312 2.33003 2.28263 4.18759 1.45083 1.61024 1.39444 2.22518 1.42035 3.55878 2.14642 3.09723 1.26604 1.24747 5.11105 1.47233 1.84687 1.89182 1.16734 3.61633 3.69052 4.00765 2.46741 2.56912 1.90921
threshold=0.22967032967032971 13.500000000000002 3.9702989661229862 3.2360563169422236 3.6742902792137371 15.500000000000002 3.7201521494487664 4.1066632247880905 4.137189849698534 3.8443087154995541 3.3929372919485519 2.7237043259426157 2.6499918208507922 2.9691539917456269 26.500000000000004 3.4209799704839883 3.4110097353675966 3.1791996096509831 3.1810996580484505 3.3238656213382543 4.0535592632620263 3.9702989661229862 3.8805927053651881 2.922579761842492 3.6131080016936696 3.3470203280915363 2.8493281730667497 3.6057019109141346 3.5725465613326501 2.9489574220674188
decision_type=2 2 2 2 2 2 2 2 2 2 2 2 2 2 2 2 2 2 2 2 2 2 2 2 2 2 2 2 2 2
left_child=1 2 3 4 -1 6 18 -8 -9 -5 -11 12 -7 14 23 16 -15 -6 -3 -20 21 22 -21 24 25 -13 -27 28 29 -25
right_child=-2 5 -4 9 17 11 7 8 -10 10 -12 13 -14 15 -16 -17 -18 -19 19 20 -22 -23 -24 27 -26 26 -28 -29 -30 -31
leaf_value=0.020356928282286094 -0.00035770099007050401 -0.041308319773912555 -0.021840121244274018 0.059626376116043295 -0.010413883061207265 -0.0054408015562158844 0.045443780053369159 -0.07872231183330812 0.040717922263979814 -0.0010355343235330849 0.046109682069487595 0.029595668339005832 0.045077919901293173 0.0059446206632791125 -0.048030340012870695 0.00030850567386049203 0.0521567872760096 -0.060754444132843602 0.038171403031641446 -0.028764342982972105 0.0085265559781341187 -0.051344504541387719 0.0020136761234335466 0.0046088723823286088 0.03847824387024279 -0.034332818095678876 0.0051731623364107329 -0.036137564062259687 0.026684244678914421 -0.032155257430875293
leaf_weight=4.7495715888217145 2625.7281548394822 3.7948253974318495 6.8701894280966362 6.1794889078009856 2.5787094007246196 4.2815553396940214 3.5307890260592094 1.3566700424999001 1.5984854212729258 3.055523926159367 4.4472397156059742 6.3461320400238028 4.4401969164609909 15.840191870927812 4.8675499074161044 3208.2211641420145 4.7020698785781851 2.4220599113032222 4.5665713399648658 12.808221356011936 4.2853179126977912 4.7324051950126877 8.1822484470903856 7.1229774951934868 5.7497526556253424 11.8643174469471 13.988358080387114 7.4491954743862143 5.4914586544036856 7.0035890936851501
leaf_count=42 12659 20 75 67 30 20 33 9 36 39 35 28 21 75 23 14329 24 13 20 61 24 25 42 30 25 52 58 32 23 30
internal_value=2.15697e-06 0.000281501 0.0113189 0.0210407 -0.00792983 0.000181728 -0.00941007 0.0183072 -0.0141154 0.0416859 0.0269096 0.000311815 0.020278 0.000259023 -0.00679328 0.000411663 0.0165225 -0.0347957 -0.0140954 -0.0111085 -0.0186078 -0.0231283 -0.0167668 -0.00370597 0.0019523 -0.00457015 -0.0129569 -0.0116389 -0.00233652 -0.0136178
internal_weight=6008.25 3382.53 30.3028 23.4326 9.75034 3352.22 44.8555 6.48594 2.95516 13.6823 7.50276 3307.37 8.72175 3298.65 69.8833 3228.76 20.5423 5.00077 38.3696 34.5748 30.0082 25.7229 20.9905 65.0158 37.9486 32.1988 25.8527 27.0672 19.618 14.1266
internal_count=28000 15341 301 226 85 15040 270 78 45 141 74 14770 41 14729 301 14428 99 43 192 172 152 128 103 278 163 138 110 115 83 60
is_linear=0
shrinkage=0.05


Tree=227
num_leaves=31
num_cat=0
split_feature=40 39 40 40 41 39 39 39 39 39 41 11 39 39 41 12 39 39 0 39 39 39 39 39 39 0 41 39 40 40
split_gain=0.251333 2.0077 1.44825 1.3248 4.19885 2.45057 1.70382 1.61031 2.90726 1.21573 2.92672 2.48502 2.38071 3.96111 1.32024 1.13431 1.05471 0.972239 0.964091 2.33108 2.08552 3.98088 1.61729 3.5778 3.52433 2.75984 2.21746 4.94567 3.3126 3.21623
threshold=0.049390243902439034 2.2663326399706238 0.051956815114709856 0.032795698924731186 0.28102564102564109 3.5006989127170525 3.8210925925175254 3.6819433087818081 3.6407368646986655 3.385224931152861 0.22967032967032971 18.500000000000004 3.2778374513259747 3.3726053923572601 0.22653958944281527 5.5000000000000009 3.2731275256415033 3.5711025431757997 27.500000000000004 3.6836992761039777 3.5587990918365402 3.385224931152861 3.7014556151804201 3.6819433087818081 3.7721310638768926 25.500000000000004 0.21913109756097562 3.3372426412558736 0.086335403726708088 0.21525096525096529
decision_type=2 2 2 2 2 2 2 2 2 2 2 2 2 2 2 2 2 2 2 2 2 2 2 2 2 2 2 2 2 2
left_child=3 -2 16 -1 5 9 7 8 15 11 -11 12 14 -14 -5 17 -3 -7 22 20 21 -20 23 26 -24 -26 27 28 -4 -29
right_child=1 2 18 4 -6 6 -8 -9 -10 10 -12 -13 13 -15 -16 -17 -18 -19 19 -21 -22 -23 24 -25 25 -27 -28 29 -30 -31
leaf_value=4.6594465815719223e-07 -0.035396626125032853 0.0014285288175435854 -0.059720932412701377 -0.032797318650258089 0.03635123639645798 -0.040243772517027328 0.0077334464603452087 -0.0414953079573675 0.019152035423763494 0.028544103471718658 -0.012304955569500987 -0.039897498303570408 0.049486388078349604 -0.01280597037766963 -0.0035118661437175246 -0.0012023385727836626 0.020782227157225712 -0.017487826323506438 0.05060514577548765 -7.5228068651948918e-05 0.038757323679793225 -0.026285202364209049 0.030362793793193524 -0.032503292579144326 0.020427590529734304 -0.015737548587608782 0.0013529564334183019 -0.004599145502029822 -0.015270596176446317 0.034011027989166623
leaf_weight=5290.169750436442 3.7744567554909727 12.665706470608713 6.3034096062183407 5.2428707182407441 5.5761407092213622 9.2031450271606534 5.8553881105035535 7.778484731912612 4.9147978723049155 9.4605648964643496 8.1729699932038766 4.8024092167615882 5.1217360347509366 5.0865362882614136 14.470273181796072 4.712739184498786 15.847523864358662 9.5795383751392347 2.700946151395331 34.957272526924498 9.0825612728949618 4.4680389072746038 13.56951914494857 8.7013883390463871 8.5295907724648714 13.826399320736527 407.01398559694644 57.163705296814442 12.509420943446456 5.9555924120359114
leaf_count=23704 31 56 27 22 27 39 32 35 22 39 36 20 21 21 62 22 74 39 38 597 84 49 84 49 49 94 2213 246 91 77
internal_value=2.13194e-06 0.000957986 0.00118173 -0.000107295 -0.00580932 -0.00829967 -0.0172895 -0.0213382 -0.0158194 -0.00108066 0.00961097 -0.0065101 -0.0011514 0.0184476 -0.0113006 -0.0231348 0.0121852 -0.0286378 0.000645209 0.00719846 0.0228442 0.00268357 1.62716e-05 -0.000723347 0.0102616 -0.00193929 -0.000157784 -0.00766269 -0.0301641 -0.0009561
internal_weight=6007.22 617.07 613.295 5390.15 99.9776 94.4015 42.0441 36.1887 28.4102 52.3574 17.6335 34.7238 29.9214 10.2083 19.7131 23.4954 28.5132 18.7827 584.782 51.2088 16.2515 7.16899 533.573 497.648 35.9255 22.356 488.946 81.9321 18.8128 63.1193
internal_count=28000 3859 3828 24141 437 410 189 157 122 221 75 146 126 42 84 100 130 78 3698 768 171 87 2930 2703 227 143 2654 441 118 323
is_linear=0
shrinkage=0.05


Tree=228
num_leaves=31
num_cat=0
split_feature=24 12 40 39 38 41 38 38 7 10 38 38 0 39 39 38 41 38 41 39 41 38 38 40 10 39 40 39 38 40
split_gain=0.418215 0.406135 0.254352 1.83802 2.05465 1.35269 1.6648 1.89582 1.39739 4.02269 2.01875 2.15485 2.11616 2.43719 3.02514 2.37125 4.54224 2.06295 2.05571 1.50415 3.18596 5.08353 5.17354 4.15419 3.70156 3.91223 3.1742 2.92205 2.80731 2.50266
threshold=1.0000000180025095e-35 5.5000000000000009 0.049390243902439034 2.2663326399706238 3.2827785645955903 0.17108013937282232 3.9133352175882434 4.2962191586973182 1.5000000000000002 2.5000000000000004 4.235498516310356 4.2962191586973182 27.500000000000004 3.385224931152861 3.512177548847768 4.0439025292556732 0.17445652173913045 3.9213754263914278 0.17573529411764707 3.7014556151804201 0.21913109756097562 3.6850506496423425 4.0486562361027003 0.086335403726708088 4.5000000000000009 3.3739877880912341 0.12310606060606062 3.7721310638768926 3.8616009670728046 0.11952380952380953
decision_type=2 2 2 2 2 2 2 2 2 2 2 2 2 2 2 2 2 2 2 2 2 2 2 2 2 2 2 2 2 2
left_child=2 -2 -1 -4 -5 6 -6 -8 10 -10 12 -12 19 -14 -15 17 -17 -16 -13 20 21 23 24 -7 28 -26 -24 -21 -23 -30
right_child=1 -3 3 4 5 8 7 -9 9 -11 11 18 13 14 15 16 -18 -19 -20 27 -22 22 26 -25 25 -27 -28 -29 29 -31
leaf_value=-0.00011900446470767813 0.0019016096308170829 0.033262733672890489 -0.034039400911543276 0.026168060740702537 -0.025099495897220183 -0.07319672240376536 0.036225314075926697 -0.0054314637356544047 -0.061457095569559556 0.0021979521075053228 -0.051636726398542498 -0.060327118569428101 0.070969726838286465 -0.039352538444505328 0.0024219791059857808 -0.047710909158077769 0.024262009619802894 0.054189912475721413 0.033767071483142168 0.029397433034305434 0.0015735846847795333 -0.016108393316513127 -0.075060769923352935 -0.0089948088332661522 -0.018501595689071067 0.059265802254824078 -0.016789496769918078 -0.00097149856153462555 0.018140157022790045 -0.010349988416358062
leaf_weight=5386.1987672820687 2.3284048885107032 1.8546485647093502 3.7298623442184171 8.1088667949661595 2.1218225441407403 5.2432743757963163 8.4746787566691619 4.0301402563927686 3.5094302650541058 8.4771470902487618 3.7416935656219712 0.81965089682489667 1.8475755179533759 2.6080973502248552 2.8637822512537259 3.1931463978253287 6.9929690037388355 5.8671980402432382 1.9891454724129287 12.921012504026292 429.81354965502396 25.083022400736809 3.642709553241728 4.8503802921622992 2.3938798988237968 4.9847313680220395 6.520127275492996 20.468109015375376 18.51036195456982 13.208594828844069
leaf_count=24099 17 30 31 39 21 23 109 107 29 123 46 12 22 24 19 23 126 72 77 81 2316 107 15 30 38 66 42 122 76 58
internal_value=2.08419e-06 0.0158063 -8.93002e-06 0.000953519 0.00116669 0.000831133 0.0158513 0.0227999 0.000458484 -0.016439 0.000809169 -0.0267901 0.00112578 0.0158595 0.0111293 0.0180892 0.00169992 0.0372099 0.00630891 0.000496957 -0.000170747 -0.00904999 -0.00452946 -0.0423453 0.000719195 0.0340353 -0.0376759 0.0107808 -0.00360859 0.00627612
internal_weight=6006.4 4.18305 6002.21 616.015 612.285 604.176 14.6266 12.5048 589.55 11.9866 577.563 6.55049 571.013 23.3728 21.5252 18.9171 10.1861 8.73098 2.8088 547.64 514.251 84.4371 74.3434 10.0937 64.1806 7.37861 10.1628 33.3891 56.802 31.719
internal_count=28000 47 27953 3854 3823 3784 237 216 3547 152 3395 135 3260 286 264 240 149 91 89 2974 2771 455 402 53 345 104 57 203 241 134
is_linear=0
shrinkage=0.05


Tree=229
num_leaves=31
num_cat=0
split_feature=41 39 38 39 41 38 11 38 40 39 39 38 38 38 39 0 38 0 11 39 38 39 39 38 39 40 38 39 39 38
split_gain=0.247761 1.34017 5.19259 1.76625 2.86397 2.69015 2.33357 5.572 3.47856 2.44455 2.40145 2.06821 2.0133 2.07024 2.09579 2.00195 1.75713 1.44758 1.36706 2.05063 2.53805 3.68102 1.73457 1.78189 2.50129 1.48552 1.3437 3.03675 1.27316 1.96436
threshold=0.22967032967032971 2.7237043259426157 3.3235831625408392 3.038855503989351 0.19139194139194141 3.5558672161174503 13.500000000000002 3.9362119235564088 0.21525096525096529 3.2360563169422236 3.6980458290502227 3.2827785645955903 3.7295856422037628 3.6540102171420124 3.0026574284471397 27.500000000000004 3.6297475207030376 25.500000000000004 15.500000000000002 3.6836992761039777 4.1066632247880905 3.8035561360194543 3.3238656213382543 3.8805927053651881 3.6396517497830132 0.13574938574938578 3.8443087154995541 3.3929372919485519 2.8493281730667497 3.6185302986066428
decision_type=2 2 2 2 2 2 2 2 2 2 2 2 2 2 2 2 2 2 2 2 2 2 2 2 2 2 2 2 2 2
left_child=1 2 -1 4 -3 15 7 8 -7 -10 -9 -6 13 16 -15 -5 17 28 19 22 -21 -22 -8 -24 25 -25 -11 -28 -13 -30
right_child=-2 3 -4 5 11 6 18 10 9 26 -12 12 -14 14 -16 -17 -18 -19 -20 20 21 -23 23 24 -26 -27 27 -29 29 -31
leaf_value=-0.015300008486680186 -0.00036227619352744534 -0.032055664633153527 0.060178681387917668 0.0061984631861876647 0.029480018479571997 0.068593777813484358 0.0096003655712718315 7.2834584725910975e-05 -0.014401508770816085 0.056794082774391401 -0.058300371911112439 -0.018936834072401251 0.017869945359485016 -0.0088697599220097633 -0.044710662836533722 0.034727585022129463 0.025220502861735002 0.021155072284837088 0.00019076745198534964 0.036304092804794262 -0.077715051550373351 0.026874986104917949 -0.034454174511402529 -0.014202547994433837 -0.040450699357783032 0.022021094124963933 -0.024394000666519654 0.060737106605193915 -0.0010031439796898834 -0.026048548391347938
leaf_weight=4.9609747966751438 2625.0648660152219 9.2385499388910812 4.2143347226083279 118.03662487119436 4.6488506644964209 4.7207384258508744 6.1665491908788672 5.6786657259799522 3.9276937535032612 3.5277744424529374 2.5545077484566718 16.531574442982674 9.4061738997697812 11.098857372999193 6.4486200362443915 6.4871284589171401 5.0674155820161095 5.0531749976798883 3031.2657942535589 4.9199164044111949 1.5207079481333496 1.882836007280275 11.776095906272532 5.7131258696317655 4.4641568884253493 5.6090571135282516 2.2655782920774072 1.9484680860769001 72.357117399573326 8.7788175344467145
leaf_count=32 12659 44 20 509 21 26 28 68 39 52 23 73 42 49 29 33 22 23 13586 40 11 37 57 26 23 35 29 21 305 38
internal_value=2.16138e-06 0.000285178 0.0193683 0.000233238 -0.00509584 0.00047903 0.000189394 0.0155205 0.032378 0.0177274 -0.0180386 -0.003309 -0.00444028 -0.00611462 -0.0220411 0.0076847 -0.00352184 -0.00493976 6.6561e-05 -0.00888661 0.0133397 -0.019856 -0.0143715 -0.0197347 -0.00875451 0.0037428 0.0340275 0.0149685 -0.00628987 -0.00371303
internal_weight=6005.33 3380.27 9.17531 3371.09 148.629 3222.47 3097.94 24.6234 16.3903 11.6695 8.23317 139.391 134.742 125.336 17.5475 124.524 107.788 102.721 3073.32 42.0524 8.32346 3.40354 33.729 27.5624 15.7863 11.3222 7.74182 4.21405 97.6675 81.1359
internal_count=28000 15341 52 15289 646 14643 14101 258 167 141 91 602 581 539 78 542 461 439 13843 257 88 48 169 141 84 61 102 50 416 343
is_linear=0
shrinkage=0.05


Tree=230
num_leaves=31
num_cat=0
split_feature=7 41 41 0 38 38 11 41 38 38 38 11 41 0 38 38 40 38 41 38 41 41 0 11 32 38 41 41 0 38
split_gain=0.245514 2.031 1.99732 1.78343 1.30186 3.10238 1.98825 1.96908 1.92842 1.70818 1.63308 0.863512 2.53739 1.19531 1.34667 1.98117 1.77739 1.32132 1.18647 0.881624 1.49762 3.6782 1.49626 0.840847 0.569245 0.453263 2.72529 2.00749 0.613572 0.59065
threshold=1.5000000000000002 0.30602006688963218 0.29520697167755999 24.500000000000004 3.8563805301751684 3.9290085322349744 24.500000000000004 0.267948717948718 3.9954766092749705 3.7672796328537523 3.9502039773024502 38.500000000000007 0.17902930402930406 39.500000000000007 4.2165949164547696 4.1505187135146189 0.032795698924731186 4.2810611664964666 0.22361111111111112 4.0906847176827297 0.20550527903469082 0.21913109756097562 33.500000000000007 22.500000000000004 1.0000000180025095e-35 4.3256116827850262 0.17573529411764707 0.15590277777777781 35.500000000000007 4.3491958551321925
decision_type=2 2 2 2 2 2 2 2 2 2 2 2 2 2 2 2 2 2 2 2 2 2 2 2 2 2 2 2 2 2
left_child=24 2 3 -2 7 6 -6 9 10 -5 -7 12 -10 14 15 16 19 -16 -17 20 -14 -22 -21 -23 25 -1 27 28 -27 -28
right_child=1 -3 -4 4 5 8 -8 -9 11 -11 -12 -13 13 -15 17 18 -18 -19 -20 22 21 23 -24 -25 -26 26 29 -29 -30 -31
leaf_value=-7.5820496631177849e-06 -0.039424459022822975 -0.044505344026514848 0.046569530499365325 -0.02530696725414688 -0.0051408048151935243 -0.0010271184951577902 -0.046883481868737142 0.053882417698924101 0.054545090890190176 0.02377746029831887 0.043435886281842244 -0.025579363736102697 -0.023527767683915915 -0.024502618347851314 0.052984362660933586 -0.043975636976051453 -0.026180717154270818 -0.0012952116864272478 0.0017193412622154181 0.0070825232700797644 0.058643409209494901 0.011796931095877199 0.055172305035445894 -0.018884311959806582 -0.017227910335978154 -0.029780563832667303 0.00089287423537985026 -0.068616082019316876 0.021929676663800968 0.056720409038176295
leaf_weight=5908.0289417410968 2.4559099972248069 2.2214284148067227 2.6594848781824103 2.7306839376687986 7.0861256495118123 3.2234267462044937 4.7749034930020571 3.0624973550438881 2.3312237063655621 5.0513224378228188 5.747150270268321 2.6530668968334785 3.5803807973861757 4.1554766334593287 2.5621811589226118 3.58833766542375 3.6663543735630801 1.9935125928604973 2.351467820815742 3.9982962121721348 3.2674800418317309 4.5224761962890607 2.7163914078846574 4.4113626331090927 4.8110943343490353 1.0684042125940316 0.7677577720023695 2.2203220769297332 1.2388110933825371 1.2373077659867702
leaf_count=27144 12 16 13 17 40 25 28 14 72 37 46 18 30 36 41 38 36 33 19 27 28 26 23 28 22 8 15 33 32 43
internal_value=2.14977e-06 0.00267327 0.00394224 0.00252392 0.00385367 0.00123883 -0.0219452 0.0199195 0.0062597 0.00655387 0.0274588 0.00210737 0.00380988 0.000911958 0.00379288 0.000182756 0.00610117 0.0292323 -0.0258858 0.0113623 0.00490591 0.0132495 0.026537 -0.00335289 -3.61212e-05 -2.21368e-05 -0.0131853 -0.0346769 -0.00201583 0.0353435
internal_weight=6004.18 84.8109 82.5895 79.93 77.4741 66.6296 11.861 10.8445 54.7686 7.78201 8.97058 45.798 43.1449 40.8137 36.6582 32.1025 26.1627 4.55569 5.93981 22.4964 15.7817 12.2013 6.71469 8.93384 5919.37 5914.56 6.5326 4.52754 2.30722 2.00507
internal_count=28000 703 687 674 662 594 68 68 526 54 71 455 437 365 329 255 198 74 57 162 112 82 50 54 27297 27275 131 73 40 58
is_linear=0
shrinkage=0.05


Tree=231
num_leaves=31
num_cat=0
split_feature=38 0 39 39 39 41 41 39 41 38 39 38 38 11 39 40 38 38 11 39 38 41 38 38 6 41 38 39 39 38
split_gain=0.239054 1.63943 2.9719 8.82057 2.61917 3.54871 2.1626 3.53529 1.74935 4.16574 3.05001 1.83774 4.49796 2.93626 2.74917 1.63887 1.7948 4.2063 3.48113 1.80904 1.63329 3.92415 2.08074 1.56818 2.18062 1.5598 3.78922 3.25235 2.59001 2.39106
threshold=4.030877617342794 28.500000000000004 3.642260665190403 3.591483651618089 3.7407774116777821 0.16100230414746547 0.23205128205128209 3.8210925925175254 0.19478319783197837 4.0627539937050932 3.916876695230822 4.1505187135146189 4.0906847176827297 23.500000000000004 3.8273923320043042 0.14434523809523811 4.0816300277380764 4.1066632247880905 16.500000000000004 3.7903397265970051 4.122235376922017 0.18677325581395351 4.1066632247880905 4.0781190257781939 1.5000000000000002 0.18677325581395351 4.0839003475882114 3.885005894457811 3.939700639726563 4.1505187135146189
decision_type=2 2 2 2 2 2 2 2 2 2 2 2 2 2 2 2 2 2 2 2 2 2 2 2 2 2 2 2 2 2
left_child=-1 15 3 -3 5 -4 8 -8 25 -10 11 12 -11 -13 -14 -2 -17 -18 19 -19 22 -22 23 24 -7 -6 -27 29 -29 -28
right_child=1 2 4 -5 6 20 7 -9 9 10 -12 13 14 -15 -16 16 17 18 -20 -21 21 -23 -24 -25 -26 26 27 28 -30 -31
leaf_value=-9.3945270390203008e-05 0.0050599259127992076 -0.019642518750925462 0.018701780036548411 0.046934967957799049 0.00020784295624373585 -0.0049729189276500668 -0.067535081243417852 -2.8077498208618672e-06 0.053491655478872996 -0.030649664444623883 0.032394618360140716 0.013498006423428261 -0.0001798901976199859 -0.051353936176747543 0.065289971665758159 -0.028640084435706904 0.061742666460803168 -0.019651469462343474 -0.06204228729016157 0.02665016177970457 -0.075261764804772091 -0.003640854775280469 0.01808922139031385 -0.039971275795030833 -0.042438511420934834 0.024894948044136632 -0.069482805137247028 0.063064171537979816 -0.017712798989777477 -0.017500982159240095
leaf_weight=5493.2088107870659 235.07547584641725 9.1230888795107621 7.2464541643857947 10.941118605551308 128.08021105953958 18.299857044126846 3.1305946484208089 5.0869528884068131 4.9331399612128761 4.8649854864925199 6.6299506921786806 2.8312583370134226 3.154328990727663 4.550746850669384 3.2613034835085273 7.7408923164475736 2.3891053260304025 4.1049540084786695 2.5978604992851606 4.3398988759145141 3.8927877945825449 3.7596028335392475 4.2794736549258223 6.9662888646125785 4.9300833791494361 4.4418915696442154 4.9434555955231172 1.3558756131678809 3.701328327995725 4.0040520038455725
leaf_count=24910 1069 46 38 52 940 96 16 42 37 33 106 32 19 31 25 69 31 37 13 64 19 21 21 40 21 28 29 11 76 28
internal_value=2.25018e-06 0.00103704 -0.00180622 0.0166625 -0.00338748 -0.0136186 -0.000656456 -0.0257302 0.000509268 0.0114613 0.00326361 -0.00708526 0.00560721 -0.0264809 0.0331009 0.00385988 -0.00946391 0.00158751 -0.0114271 0.00414343 -0.019178 -0.0400746 -0.0145398 -0.019164 -0.0129242 -0.00174994 -0.0153434 -0.0281058 0.00394413 -0.0462207
internal_weight=6003.87 510.657 254.409 20.0642 234.345 49.3745 184.97 8.21755 176.753 30.2257 25.2926 18.6626 11.2806 7.38201 6.41563 256.248 21.1727 13.4318 11.0427 8.44485 42.1281 7.65239 34.4757 30.1962 23.2299 146.527 18.4466 14.0047 5.0572 8.94751
internal_count=28000 3090 1807 98 1709 256 1453 58 1395 283 246 140 77 63 44 1283 214 145 114 101 218 40 178 157 117 1112 172 144 87 57
is_linear=0
shrinkage=0.05


Tree=232
num_leaves=31
num_cat=0
split_feature=7 39 39 39 12 39 39 39 39 0 11 39 39 41 39 39 0 39 11 39 0 41 39 32 11 12 39 39 39 11
split_gain=0.234197 2.1096 4.60492 2.68735 1.64743 2.79468 1.1331 1.25894 1.0983 2.61093 2.01495 1.80586 1.67382 1.70046 1.91038 1.66194 1.191 1.05106 0.994918 0.982187 0.698018 0.614948 0.614872 0.511712 0.485934 0.401634 2.20431 4.40044 4.23757 1.59584
threshold=1.5000000000000002 3.3510810516731371 3.3929372919485519 3.4534939707360945 7.5000000000000009 3.6467030064723334 4.0017259965050282 4.1247476260021463 3.7556188283926306 26.500000000000004 21.500000000000004 3.8210925925175254 3.833320691584952 0.17902930402930406 3.9107409774580582 3.8768917467430883 30.500000000000004 3.5944740717404371 29.500000000000004 3.6836992761039777 24.500000000000004 0.21807065217391305 3.5480585119463863 1.0000000180025095e-35 26.500000000000004 6.5000000000000009 3.0232263396109507 3.250814583693912 3.3754072918469564 22.500000000000004
decision_type=2 2 2 2 2 2 2 2 2 2 2 2 2 2 2 2 2 2 2 2 2 2 2 2 2 2 2 2 2 2
left_child=23 20 -3 -4 8 -6 24 -8 9 -5 -11 21 -13 -14 15 -15 -16 22 -18 -19 -2 -10 -12 25 -7 -1 -27 -28 -29 -30
right_child=1 2 3 4 5 6 7 -9 11 10 17 12 13 14 16 -17 18 19 -20 -21 -22 -23 -24 -25 -26 26 27 28 29 -31
leaf_value=1.0519048061255503e-05 -0.035871043291254234 0.072298171253415672 -0.053445151651227887 -0.010870384948133112 -0.048172227081202224 -0.0018122615882054213 -0.041268397082056082 0.0075507607985884229 -0.0058905987737033517 0.051750828817124429 0.013356721164327732 0.058990718206921533 0.054317654999755528 0.0044969713459563892 -0.0095228342382926573 -0.052286908966377589 0.054077320629654396 0.04662751443489118 0.00085468745374574933 0.014680298300595643 -0.007527555690416356 -0.035169743237468819 -0.014819065094066384 -0.01630851467650701 0.020724801113140498 0.053886142220619465 -0.047707603388048567 0.042318509696964809 -0.00063667352770844501 -0.029784032803324964
leaf_weight=5878.3057362909894 4.0443142428994161 2.480683133006095 2.0474869976751497 7.2855126019567278 3.5299806967377689 4.1163998525589687 2.704194367863237 2.5810007192194462 3.742103690281513 4.9447549302130964 4.968593258410694 1.5973347458057094 1.5287744372617442 2.5293800514191371 2.601652480661869 2.6267140610143542 2.3812836172292013 3.7964197713881713 1.3910038042813537 6.5682453997433186 4.6925966776907444 3.443639725446701 3.1727389618754387 4.8266190569847813 5.7088500503450632 1.5065200758399431 5.7744695122819385 4.9290921092033413 17.044043864589188 6.4819767922163001
leaf_count=26911 22 13 13 37 22 29 24 37 30 39 32 16 50 19 29 25 56 35 13 53 24 21 20 22 44 188 46 22 79 29
internal_value=2.4211e-06 0.00261637 0.00529973 0.00303126 0.00465492 -0.00811685 0.00124057 -0.0174278 0.00918287 0.0152747 0.0233973 0.000610351 0.0106772 0.00476754 -0.00180234 -0.0244309 0.0165027 0.0158213 0.0344519 0.0263821 -0.0206478 -0.0199221 0.0023764 -3.48893e-05 0.0112826 -2.1608e-05 -0.00530625 -0.00791144 0.000164502 -0.00866746
internal_weight=6003.35 84.4837 75.7467 73.2661 71.2186 18.6404 15.1104 5.2852 52.5782 30.7363 23.4508 21.8419 14.6561 13.0588 11.53 5.15609 6.37394 18.506 3.77229 10.3647 8.73691 7.18574 8.14133 5918.87 9.82525 5914.04 35.7361 34.2296 28.4551 23.526
internal_count=28000 703 657 644 631 156 134 61 475 216 179 259 208 192 142 44 98 140 69 88 46 51 52 27297 73 27275 364 176 130 108
is_linear=0
shrinkage=0.05


Tree=233
num_leaves=31
num_cat=0
split_feature=38 39 39 38 38 39 38 38 38 0 0 39 41 0 7 39 41 41 11 38 39 40 39 11 39 11 38 40 38 39
split_gain=0.228497 5.3925 3.02698 2.4641 3.23316 2.18921 1.88542 3.02847 2.27628 1.98084 1.86818 1.72913 1.90123 1.67733 1.66774 2.3347 1.61594 1.87409 1.99118 1.85021 2.30993 2.22303 1.82889 3.00624 2.16171 2.97575 1.8068 1.73036 3.47534 3.1588
threshold=3.8441697217888655 3.6467030064723334 3.250814583693912 3.8694540037139569 3.8731810575635239 3.3293288462733837 3.8334664053372731 3.8403748315611295 3.8240938637835225 28.500000000000004 30.500000000000004 3.7216160642697509 0.19139194139194141 25.500000000000004 1.0000000180025095e-35 3.2778374513259747 0.26201372997711675 0.28102564102564109 13.500000000000002 3.8805927053651881 3.4105065644434074 0.091966173361522213 3.6836992761039777 13.500000000000002 3.6901884542810257 20.500000000000004 4.0988672426813979 0.1526806526806527 4.1066632247880905 3.8500864429761346
decision_type=2 2 2 2 2 2 2 2 2 2 2 2 2 2 2 2 2 2 2 2 2 2 2 2 2 2 2 2 2 2
left_child=1 6 -2 5 -5 -4 8 -8 -1 -9 14 12 -3 -14 15 -10 19 -18 -19 20 -6 -22 -21 26 25 -25 -24 -26 -29 -30
right_child=2 11 3 4 16 -7 7 9 10 -11 -12 -13 13 -15 -16 -17 17 18 -20 22 21 -23 23 24 27 -27 -28 28 29 -31
leaf_value=0.0001508233398817186 0.010389413555720027 0.039536567155769128 -0.016798790613374665 0.015086149396649595 -0.016698443685454915 -0.0033466779992811719 0.030704386982167594 -0.0018082780896311647 0.027101408020003926 0.026628642819177546 -0.034401971439452263 0.054601674800168025 0.021483511813882656 -0.01845911316642003 0.01123391620324015 -0.011210205084328226 -0.014729470956127408 0.032997360956127368 -0.0037124742155890756 0.0015969329352391972 -0.0050500387467336243 0.024135205697527945 -0.082624892581116549 -0.047653649503241996 -0.0011813756991369008 -0.0074182209100713582 -0.012459087445335134 0.048836917731622798 -0.035789923935558549 0.018734454636401967
leaf_weight=3623.1665993756615 63.136194885941222 6.6087433993816438 33.832187096588314 34.787105907918885 36.544361568056047 285.21087919408455 12.654574800282715 36.620562729658559 4.2308926405385128 7.353541193297132 6.2114648744463912 4.0468045994639388 6.6048280894756299 4.3656554669141769 12.034823372960089 66.158640678040683 40.326909629628062 4.4159610867500332 22.591114960610867 1057.2595002546441 34.906134113669395 8.0246383249759656 1.8061376842670136 5.1198004782199851 520.97104490664788 44.862015664577484 1.864743255311623 5.2526907548308399 4.0564287984743697 7.695949554501567
leaf_count=16605 276 31 151 154 165 1225 61 157 20 35 27 19 30 24 57 274 193 29 105 4687 151 39 17 27 2829 195 26 69 36 286
internal_value=2.46577e-06 0.000238172 -0.000401273 -0.000718219 -1.14628e-05 -0.00477318 9.52987e-05 0.00914988 -4.28415e-05 0.00294707 -0.00795928 0.0251344 0.018351 0.00558852 -0.00596657 -0.00890741 -0.000303941 -0.00790311 0.00229 -7.89076e-06 -0.00745938 0.00040528 0.000351265 -0.00187478 -0.00159316 -0.0115397 -0.0469819 -0.000669058 0.0150264 -8.50773e-05
internal_weight=6002.72 3790.06 2212.66 2149.53 1830.48 319.043 3768.43 56.6287 3711.8 43.9741 88.6358 21.626 17.5792 10.9705 82.4244 70.3895 1795.7 67.334 27.0071 1728.36 79.4751 42.9308 1648.89 591.629 587.958 49.9818 3.67088 537.976 17.0051 11.7524
internal_count=28000 17340 10660 10384 9008 1376 17236 253 16983 192 378 104 85 54 351 294 8854 327 134 8527 355 190 8172 3485 3442 222 43 3220 391 322
is_linear=0
shrinkage=0.05


Tree=234
num_leaves=31
num_cat=0
split_feature=41 41 38 10 10 39 38 41 7 39 38 38 38 0 39 38 41 40 38 39 0 39 38 38 38 39 40 41 38 38
split_gain=0.23246 1.71786 2.166 3.03034 2.75205 2.36536 1.33388 4.65218 1.57221 2.33329 1.80942 2.69676 2.16421 1.79915 1.07216 1.56123 2.33186 1.33735 1.04137 1.77686 3.39459 2.71558 2.44411 2.02236 1.63625 1.73409 1.47268 1.67626 1.05074 1.01893
threshold=0.20761494252873566 0.21525096525096529 3.8964897487335972 1.5000000000000002 2.5000000000000004 3.4549046278596376 4.1505187135146189 0.21132376395534294 1.0000000180025095e-35 3.5587990918365402 3.9666579022354393 4.0125016497205097 4.0816300277380764 27.500000000000004 3.939700639726563 4.1806421890487728 0.22967032967032971 0.091966173361522213 3.3670668758459548 3.0026574284471397 26.500000000000004 3.1294016334093855 3.5020405073447978 3.572926437052693 3.5226417724085599 3.107674594476435 0.2022727272727273 0.14760348583878 3.508985020136778 3.657326753133785
decision_type=2 2 2 2 2 2 2 2 2 2 2 2 2 2 2 2 2 2 2 2 2 2 2 2 2 2 2 2 2 2
left_child=18 2 3 -2 -5 -4 8 -8 13 -10 -11 -12 -13 -7 15 -3 -17 -16 -1 20 23 22 -21 -20 -24 -26 28 -28 -23 -30
right_child=1 14 5 4 -6 6 7 -9 9 10 11 12 -14 -15 17 16 -18 -19 19 21 -22 26 24 -25 25 -27 27 -29 29 -31
leaf_value=0.022365014568136877 0.0016393326339594076 -0.00018547897574467927 0.026536378503046545 -0.044590245461431609 0.0082469372368252046 0.0063300227706088678 -0.082971921100635337 0.012038930569428096 -0.020983650733567352 0.055663978252600291 -0.0095351076182783098 0.065152543945387539 0.01558186864372247 -0.017787368895905011 -0.032316783527130792 0.063989979939885366 0.0043515615183830026 0.0068210923170270417 -0.019820865948354558 -0.017669989706025242 -0.048870722813594475 0.017566222763965859 0.046543577933055899 0.021839957248791161 0.0059337233018755984 0.031968342261519858 -0.042740862557075508 0.027902182045016884 -0.0055763329476934825 -0.00053553996404675792
leaf_weight=4.985901520587503 373.54081223905087 3558.9207025116775 15.439892984926699 6.7861347496509534 3.8697747238911688 95.264222916215658 1.8569321259856213 4.208129046484828 3.1271038651466396 3.9668838474899557 5.6669991379603735 3.5183934301603568 5.884409736841917 8.4161496609449369 5.6574176214635354 2.3378544538281849 5.4833946321159601 3.5537607832811773 6.5647343099117297 5.862902592867612 5.5085479188710442 7.7941774278879157 4.1832005381584159 5.2367613241076469 22.704745147377256 8.9044075077399594 0.94434123777318557 7.5808888939209282 106.50203100591898 1707.8051834958605
leaf_count=34 1558 16681 66 30 32 416 13 52 16 23 39 29 43 41 35 19 40 40 27 26 27 36 18 22 98 41 42 285 447 7724
internal_value=2.46298e-06 0.000213793 0.00286596 0.000889326 -0.025402 0.00801981 0.00585246 -0.0170504 0.00695626 0.0190437 0.0256189 0.01771 0.0341305 0.00437232 -0.000180437 -0.000136439 0.0221781 -0.017217 -0.000455707 -0.000515922 -0.0164618 -0.000368495 0.012255 -0.00133441 0.0171568 0.0132678 -0.000655739 0.020077 -0.000752743 -0.000831441
internal_weight=6002.08 4107.5 531.546 384.197 10.6559 147.349 131.909 6.06506 125.844 22.1638 19.0367 15.0698 9.4028 103.68 3575.95 3566.74 7.82125 9.21118 1894.58 1889.59 17.31 1872.28 41.6553 11.8015 35.7924 31.6092 1830.63 8.52523 1822.1 1814.31
internal_count=28000 19173 2358 1620 62 738 672 65 607 150 134 111 72 457 16815 16740 59 75 8827 8793 76 8717 183 49 157 139 8534 327 8207 8171
is_linear=0
shrinkage=0.05


Tree=235
num_leaves=31
num_cat=0
split_feature=39 39 38 38 39 39 38 39 1 11 39 38 39 11 1 11 40 38 39 40 38 38 39 38 38 38 11 41 38 1
split_gain=0.223776 0.552478 3.23539 0.657458 2.11581 0.717213 0.567748 0.634824 0.945459 0.519579 0.857814 0.893023 0.817203 0.963984 2.49578 0.685412 0.600243 5.24654 2.29043 2.12472 9.67409 1.98459 4.28307 3.94722 1.5359 2.93492 2.17553 2.54153 2.03273 0.968826
threshold=2.2426799698513049 2.2663326399706238 3.3084829020490516 3.15380640324469 2.4886587483575435 2.6435987411598707 3.214107439323338 2.7263487792301757 9.5000000000000018 10.500000000000002 3.2526449285380048 3.8443087154995541 2.4886587483575435 8.5000000000000018 9.5000000000000018 11.500000000000002 0.18898809523809526 3.6282182104214895 4.0548094206516554 0.17902930402930406 3.9362119235564088 3.9691044588670015 3.4200248278151633 3.7948710299710378 4.0816300277380764 4.122235376922017 16.500000000000004 0.17192118226600989 4.0234683908255011 16.500000000000004
decision_type=2 2 2 2 2 2 2 2 2 2 2 2 2 2 2 2 2 2 2 2 2 2 2 2 2 2 2 2 2 2
left_child=-1 2 -2 4 -3 -6 7 8 -5 10 12 -12 13 14 -8 -11 19 -18 21 -17 -21 22 23 -19 28 -26 29 -28 -23 -27
right_child=1 3 -4 6 5 -7 9 -9 -10 15 11 -13 -14 -15 -16 16 17 18 -20 20 -22 24 -24 -25 25 26 27 -29 -30 -31
leaf_value=0.0057820383137794302 -0.044369463533618723 -0.018432679673358637 0.012333273476479559 -0.0055769538191296035 0.01280228371517895 0.041077838405463321 -0.056518677974517775 0.0042996026507047787 -0.033957468569262204 -0.0037947887778821913 0.055194479583521222 0.011373700061582281 0.0010909595943160355 0.037355649984159849 0.058089907888371775 2.3037472010200361e-05 -0.093597805519979066 0.015028832581080646 0.052458018859866562 0.068568096769086359 -0.035957134618957207 -0.0088788725684088958 0.047171155813409998 -0.043842179516608924 0.054572955181125288 -0.027713145825971636 -0.010351320757981624 -0.11247644880173896 -0.058911357592006303 0.016301980576903543
leaf_weight=16.70155643299222 4.3496754318475706 4.1943515138700596 5.9665450379252434 9.2251224368810671 5.4873127117753011 3.7927957475185394 1.0979266017675389 6.6108171045780173 4.3035247419029465 120.24682144878898 1.3546899722423393 8.2007285995641706 111.37346428656019 3.3651484251022339 0.83726466959342349 5647.0982086341828 1.6444998555816699 7.008129611611368 1.8148718583397556 5.2209868654608709 3.8430620431900024 4.2539320425130445 4.7895323913544408 4.7956470465287566 1.7870765044353891 1.9080724194645862 1.3845377065008508 1.0879041594453154 3.8833220954984426 3.6261012178147212
leaf_count=115 58 26 37 59 35 17 7 33 22 674 30 133 781 17 42 25336 11 39 138 29 33 36 51 26 35 12 32 23 34 79
internal_value=2.49528e-06 -1.36341e-05 -0.0115746 6.32909e-06 0.0110384 0.0243585 -1.86093e-05 -0.00839948 -0.0146049 9.80295e-06 0.0031834 0.0175863 0.00200383 0.0211855 -0.00693303 -5.90952e-05 1.97937e-05 -0.00624464 -0.00229154 6.18622e-05 0.0242505 -0.00516962 0.00729211 -0.00888933 -0.0167017 -0.00336292 -0.0162942 -0.0552876 -0.0327558 0.00112645
internal_weight=6001.25 5984.55 10.3162 5974.24 13.4745 9.28011 5960.76 20.1395 13.5286 5940.62 126.229 9.55542 116.674 5.30034 1.93519 5814.39 5694.15 37.9836 36.3391 5656.16 9.06405 34.5243 16.5933 11.8038 17.9309 9.79369 8.00662 2.47244 8.13725 5.53417
internal_count=28000 27885 95 27790 78 52 27712 114 81 27598 1010 163 847 66 49 26588 25914 516 505 25398 62 367 116 65 251 181 146 55 70 91
is_linear=0
shrinkage=0.05


Tree=236
num_leaves=31
num_cat=0
split_feature=38 39 0 39 39 39 41 39 12 41 39 12 12 41 38 39 39 40 38 38 41 38 38 38 39 41 39 39 38 41
split_gain=0.227399 1.58446 1.41875 2.67013 8.04279 2.3541 3.18986 1.91596 2.99199 1.78022 3.67095 1.55119 1.53791 2.63119 2.32387 1.87812 2.51567 2.01817 2.7386 1.9783 2.18614 1.99932 1.78395 2.15336 2.06313 2.57588 1.69265 4.11593 3.5344 1.96106
threshold=4.030877617342794 3.8801830805460158 28.500000000000004 3.642260665190403 3.591483651618089 3.7407774116777821 0.16100230414746547 3.7556188283926306 5.5000000000000009 0.23205128205128209 3.8210925925175254 5.5000000000000009 6.5000000000000009 0.23861283643892342 4.1066632247880905 3.9316734943348486 3.8680144982828488 0.1731634182908546 4.0575256179842079 4.1806421890487728 0.21320346320346323 4.1505187135146189 4.1275228043742151 4.133302367334573 3.7491349371179044 0.20761494252873566 3.7903397265970051 3.7339845216307208 4.0561096504339895 0.19139194139194141
decision_type=2 2 2 2 2 2 2 2 2 2 2 2 2 2 2 2 2 2 2 2 2 2 2 2 2 2 2 2 2 2
left_child=1 -1 12 4 -4 6 -5 8 -7 -9 -11 -6 13 15 -15 16 17 19 -19 21 -21 22 26 -24 25 -25 27 -2 -29 -28
right_child=2 -3 3 5 11 7 -8 9 -10 10 -12 -13 -14 14 -16 -17 -18 18 -20 20 -22 -23 23 24 -26 -27 29 28 -30 -31
leaf_value=-0.00011742386911513822 0.0074866606521128256 0.027469808599244163 -0.018555815161302929 0.017931745880399683 0.027661134028146822 -0.0049300769342572543 -0.018081104914976897 -0.00076740005525537081 0.044837513758208873 -0.069712612432695442 0.00068887078082123445 0.065678896065540587 0.025904612074704798 -0.021310487779471369 0.011816699115862667 -0.011230915462536066 0.031403270223222111 -0.054589938937660468 0.00088916351842180212 -0.02594813175222075 0.017313904151411427 0.038665397487563695 -0.026822552784431398 -0.032081881301829838 0.029780486013072618 0.014185442440571678 -0.017544025949022431 0.0098075837853058342 0.057747228915014381 0.013987716505890924
leaf_weight=5485.7074807095341 105.20332088321447 5.2097546029835931 9.1550459128338861 7.1986391544342032 5.8344277143478376 6.3642808571457845 42.166161919478327 164.59754280070774 5.7471539042890072 2.9101977199316007 5.0905033003073186 4.9674397552153096 7.5295215398073188 18.859731090720746 7.3599573262035838 17.002480282448232 9.3472173772752267 3.2596232776995731 7.0038239192217588 9.2886376082897169 4.2591134645044795 4.9958926141262046 8.1324503123760241 5.5990343093872088 5.4694774001836768 6.5013269037008286 11.977314059622588 7.2757299467921248 8.1530835032463056 8.3816763982176763
leaf_count=24875 455 35 46 38 26 28 218 1333 36 14 42 26 43 93 43 126 52 26 85 40 25 23 35 23 25 28 51 32 36 42
internal_value=2.52303e-06 -9.12492e-05 0.00101285 -0.0016334 0.0159225 -0.00313019 -0.0128295 -0.000537986 0.0186858 -0.00188694 -0.0249192 0.0451443 0.00364287 0.00296717 -0.0120116 0.00473746 0.00606284 0.00485127 -0.0167307 0.00604707 -0.0123475 0.00749856 0.00656447 -0.0055502 0.00429602 -0.0072232 0.00877294 0.0110236 0.0351404 -0.00456259
internal_weight=6000.55 5490.92 509.631 254.031 19.9569 234.074 49.3648 184.71 12.1114 172.598 8.0007 10.8019 255.599 248.07 26.2197 221.85 204.848 195.501 10.2634 185.237 13.5478 171.689 166.693 25.7023 17.5698 12.1004 140.991 120.632 15.4288 20.359
internal_count=28000 24910 3090 1807 98 1709 256 1453 64 1389 56 52 1283 1240 136 1104 978 926 111 815 65 750 727 111 76 51 616 523 68 93
is_linear=0
shrinkage=0.05


Tree=237
num_leaves=31
num_cat=0
split_feature=7 39 39 39 38 38 38 39 38 39 39 41 11 41 0 39 39 0 11 39 39 38 41 0 38 0 39 32 38 41
split_gain=0.233265 1.93939 4.28656 2.24782 3.45512 2.93864 2.90678 1.40417 2.13165 1.08584 2.26974 0.988062 0.816633 2.24038 1.13781 1.22241 3.20772 1.1154 2.45916 1.00607 2.24853 2.78747 1.673 1.78595 0.966662 0.648943 0.572704 0.460149 0.436326 2.50189
threshold=1.5000000000000002 3.3510810516731371 3.3929372919485519 3.4572159468017696 3.8563805301751684 3.9290085322349744 3.9390964347710775 3.5375986596785869 3.9954766092749705 3.5480585119463863 3.642260665190403 0.23205128205128209 38.500000000000007 0.17902930402930406 39.500000000000007 3.9022431950643792 3.8768917467430883 30.500000000000004 29.500000000000004 3.7556188283926306 3.8210925925175254 4.0781190257781939 0.267948717948718 30.500000000000004 4.0561096504339895 24.500000000000004 3.5310618515627232 1.0000000180025095e-35 4.3256116827850262 0.17573529411764707
decision_type=2 2 2 2 2 2 2 2 2 2 2 2 2 2 2 2 2 2 2 2 2 2 2 2 2 2 2 2 2 2
left_child=27 25 -3 -4 26 9 -7 -8 11 -6 -11 -9 13 -10 15 16 19 -17 -19 22 21 -21 23 -15 -25 -2 -5 28 -1 -30
right_child=1 2 3 4 5 6 7 8 12 10 -12 -13 -14 14 -16 17 -18 18 -20 20 -22 -23 -24 24 -26 -27 -28 -29 29 -31
leaf_value=-7.7248638443877209e-06 -0.034590180213914822 0.070900269406229163 -0.039852380352140365 0.026647967207116388 0.0024660494012338219 0.079850963785692994 -0.030816884705987636 0.057816468258672253 0.054203050982791282 -0.062236675349669195 -0.0056333163392342078 0.015094326957002472 -0.0240891529088854 0.051694832481333608 -0.023124026869493532 -0.0039232751228933478 -0.044973045634225897 0.059634649556748222 -0.011976510126310336 0.0089500818029666605 0.022543932284958233 -0.052581000125984746 -0.01742118596954495 -0.016407822827497223 0.026257983035041621 -0.0071641498335182283 0.059010771181261634 -0.015444372280291855 -0.033320222164976369 0.034750154839373618
leaf_weight=5905.0066325108055 3.985452074557541 2.4036720842123023 2.9320358452387145 2.7069252952933303 2.8921837285161001 1.3064143061637867 2.6934994310140601 2.6341096414253107 2.1407620075042351 3.5365349277853966 3.5477114636451006 2.7835115455091 2.6816242742352179 3.9923512563109451 4.1379283200949422 2.7973783749621344 3.5274236276745787 3.4957715392229147 1.8245821446180341 3.7205044459551555 4.7816641479730606 3.6427399031817913 2.8456638660281888 2.3612891566008329 3.0324762533418834 4.7008857317268848 2.7617412898689508 4.8404649831354609 4.5262786870589471 1.9235253097722305
leaf_count=27144 22 13 17 17 17 9 17 28 72 19 23 21 18 26 36 30 30 70 17 26 39 24 19 20 25 24 24 22 73 58
internal_value=2.57817e-06 0.00262102 0.0052055 0.00303573 0.00483614 0.00159489 0.00616967 0.00435667 0.00623644 -0.0233506 -0.0338903 0.0358663 0.00266783 0.00436408 0.00170736 0.00455981 -0.000408161 0.0216368 0.035076 0.00604059 -0.00415339 -0.0214905 0.0161622 0.0263439 0.00757969 -0.0197477 0.0429916 -3.45397e-05 -2.19217e-05 -0.0130196
internal_weight=6000.16 83.8668 75.1805 72.7768 69.8448 64.3761 54.3997 53.0933 50.3998 9.97643 7.08425 5.41762 44.9822 42.3005 40.1598 36.0218 27.9041 8.11773 5.32035 24.3767 12.1449 7.36324 12.2318 9.38612 5.39377 8.68634 5.46867 5916.3 5911.46 6.4498
internal_count=28000 703 657 644 627 586 527 518 501 59 42 49 452 434 362 326 209 117 87 179 89 50 90 71 45 46 41 27297 27275 131
is_linear=0
shrinkage=0.05


Tree=238
num_leaves=31
num_cat=0
split_feature=38 39 39 38 38 11 39 41 39 41 38 38 0 38 7 11 39 38 39 39 0 41 41 38 39 39 38 39 39 38
split_gain=0.228747 4.89843 2.76239 2.20287 2.95835 2.01504 2.08658 1.99789 2.42557 2.02804 1.99686 2.94532 2.40843 2.03198 1.656 1.62583 2.94305 2.56805 3.92492 5.00591 7.54734 2.53099 3.51673 3.46826 2.56587 2.51733 2.68141 2.46849 2.41512 2.31526
threshold=3.8441697217888655 3.6901884542810257 3.250814583693912 3.8694540037139569 3.8731810575635239 23.500000000000004 3.3293288462733837 0.20761494252873566 3.3754072918469564 0.23205128205128209 3.8334664053372731 3.8403748315611295 28.500000000000004 3.8331702983031941 1.0000000180025095e-35 21.500000000000004 3.2526449285380048 3.7720678163213806 3.512177548847768 3.5845731102501732 29.500000000000004 0.17974358974358975 0.16336256195196344 3.8038690757349274 3.4324466276812697 3.3510810516731371 3.8140163164339067 3.4200248278151633 3.5219916518807821 3.7720678163213806
decision_type=2 2 2 2 2 2 2 2 2 2 2 2 2 2 2 2 2 2 2 2 2 2 2 2 2 2 2 2 2 2
left_child=1 10 -2 5 -5 6 -4 8 -8 -9 13 -12 -13 15 -11 16 -1 28 21 -20 -21 22 27 24 -23 -24 -27 -19 -17 -18
right_child=2 -3 3 4 -6 -7 7 9 -10 14 11 12 -14 -15 -16 17 29 18 19 20 -22 23 25 -25 -26 26 -28 -29 -30 -31
leaf_value=-0.00054390003309299649 0.0099034436380053426 0.038853997421516469 -0.017866319282854565 0.014419744837918949 -0.00031559200758429475 0.0064469991280686331 0.014969439700353011 0.0019002939374037583 -0.016053669929296362 -0.016168614062662824 0.029721468244996049 -0.0019642862696804381 0.028591532806630224 -0.012320396017265827 -0.00030062788297475866 -0.0011808577727126016 0.0012283924315590914 -0.039804282608959088 -0.030603848123141986 -0.033866258473499528 0.036006514612447207 -0.045215995681123833 0.035594905919567536 -6.7135319161589044e-05 -0.005964180385032331 0.01787583893147026 -0.012933830487706688 0.0031559793667047019 0.018113986707726498 0.0065084528445820897
leaf_weight=2264.7796651263488 63.17508885031566 8.1947316750884038 32.631216540466994 34.721151913749054 1793.9316935110255 36.909684997051954 7.1514754742383948 123.00016756751575 52.956846023444086 36.1335170827806 13.557096879929302 38.166594926966354 7.7601109039969733 33.117249753791839 30.171117153018713 207.67128620296717 767.81122072832659 6.2764341831207258 33.479329243302345 7.1829885616898528 8.3658883273601514 9.938459016382696 9.2098557054996473 27.348467089235783 7.1651248261332503 17.798628583550457 11.7071062810719 7.156293448060751 17.591741308569908 284.56289781164378
leaf_count=10811 276 40 146 154 8854 170 29 518 217 164 66 165 37 141 132 889 3268 28 139 31 40 42 39 114 30 73 48 35 81 1223
internal_value=2.7147e-06 0.000238548 -0.000401457 -0.000704591 -3.5808e-05 -0.00453891 -0.00597658 -0.00442102 -0.0123627 -0.00189938 0.000154847 0.00924353 0.00319865 9.56212e-06 -0.00894808 0.00012028 0.000471315 -0.00301928 -0.00819379 -0.0197158 0.00372796 -0.00234595 0.0051263 -0.0111119 -0.0287724 0.0127745 0.00565137 -0.0169172 0.000325958 0.00265613
internal_weight=5999.62 3788.84 2210.78 2147.61 1828.65 318.954 282.044 249.413 60.1083 189.305 3780.65 59.4838 45.9267 3721.16 66.3046 3688.05 3317.15 370.892 145.629 49.0282 15.5489 96.6004 52.1483 44.4521 17.1036 38.7156 29.5057 13.4327 225.263 1052.37
internal_count=28000 17340 10660 10384 9008 1376 1206 1060 246 814 17300 268 202 17032 296 16891 15302 1589 619 210 71 409 223 186 72 160 121 63 970 4491
is_linear=0
shrinkage=0.05


Tree=239
num_leaves=31
num_cat=0
split_feature=28 38 38 39 39 38 39 38 38 11 38 38 39 38 39 39 11 7 38 38 38 38 41 41 38 39 41 0 39 39
split_gain=0.230601 1.1935 1.67262 2.85706 0.25541 5.70571 3.37049 3.15073 2.58373 1.78771 1.58824 5.02309 1.42435 1.33492 1.20947 1.55937 3.23421 2.3379 1.57276 1.51844 1.23261 1.17333 2.13674 4.60595 5.21406 2.72358 2.31165 2.44054 3.6659 2.78578
threshold=1.0000000180025095e-35 3.7877426501774445 3.879456487392646 3.6309005040087921 3.6843722670327397 3.8426141429928031 3.7014556151804201 3.9390964347710775 3.7981269578727654 19.500000000000004 4.0561096504339895 4.0906847176827297 3.6897977004747777 3.8694540037139569 3.7085490736766134 3.7222170025823202 22.500000000000004 1.0000000180025095e-35 3.882046967961911 3.9502039773024502 4.0439025292556732 3.999117158513001 0.20761494252873566 0.19538706256627789 4.0906847176827297 3.6819433087818081 0.18677325581395351 32.500000000000007 3.6467030064723334 3.6171835169033275
decision_type=2 2 2 2 2 2 2 2 2 2 2 2 2 2 2 2 2 2 2 2 2 2 2 2 2 2 2 2 2 2
left_child=4 -2 -3 -4 21 8 7 13 -6 -9 12 -12 -11 -7 19 16 17 -16 -17 -8 -18 -1 23 26 -25 -24 27 29 -29 -23
right_child=1 2 3 -5 5 6 14 9 -10 10 11 -13 -14 -15 15 18 20 -19 -20 -21 -22 22 25 24 -26 -27 -28 28 -30 -31
leaf_value=-6.916216055959581e-05 -0.01659348164170606 0.069263073714793399 -0.039692094290589196 0.053705974838978043 0.012493881642410554 -0.017232430354677291 -0.0094011604306031542 -0.044084016672343074 0.064800191527485382 -0.039449577437349274 0.041296419130152945 -0.033002654061715229 -0.01278541935358104 0.012149188270065735 -0.0073298503706314515 0.020429546353288988 -0.024819803947235243 0.053199806801913989 -0.00040909184032276769 0.028167252226839953 -0.0021723007903979934 -0.012379963693740581 0.00679185570577017 -0.008815794903284116 -0.064753440815691662 0.046148763086890754 0.017439560296054257 0.045155461275045161 -0.0088798428635908071 0.0065160486259383289
leaf_weight=5118.2656641829526 2.891430363059043 1.4336491525173185 1.7291857451200487 1.5552648142911492 4.9309719651937467 5.4878017026931074 4.0849909037351591 7.2285786569118491 4.5296919345855713 8.6939518973231369 4.1886787973344308 4.9786013662815094 11.814597904682158 13.079957533627747 3.3822283148765555 9.2284427508711797 20.185989670455459 3.0193564889486879 480.38634061993798 7.8739767391234636 8.5538029223680478 38.846601211000234 115.30470695672557 30.382767309434712 4.8278531953692427 4.5700358250178388 25.552964823553339 6.9532663977006433 5.7216513007879257 39.174997183959931
leaf_count=23148 13 9 10 41 25 25 21 37 22 38 24 22 53 59 18 41 91 25 2940 39 37 168 562 139 22 25 114 38 26 168
internal_value=2.67218e-06 0.0087012 0.0242027 0.00453409 -8.37589e-06 -0.000985472 -0.00160091 -0.0133342 0.0375377 -0.0217866 -0.0163553 0.000945796 -0.0240888 0.00346529 -0.000388214 -0.000746528 -0.0109203 0.0212194 -1.63174e-05 0.0153345 -0.0180792 0.000100699 0.00330483 -0.000642536 -0.0164856 0.00829228 0.00415615 0.000413657 0.0207631 -0.00289219
internal_weight=5998.86 7.60953 4.7181 3.28445 5991.25 601.648 592.187 55.4722 9.46066 36.9044 29.6758 9.16728 20.5085 18.5678 536.715 524.756 35.1414 6.40158 489.615 11.959 28.7398 5389.6 271.335 151.46 35.2106 119.875 116.249 90.6965 12.6749 78.0216
internal_count=28000 73 60 51 27927 3517 3470 258 47 174 137 46 91 84 3212 3152 171 43 2981 60 128 24410 1262 675 161 587 514 400 64 336
is_linear=0
shrinkage=0.05


Tree=240
num_leaves=31
num_cat=0
split_feature=38 38 39 11 39 40 39 41 0 38 39 39 39 38 41 0 11 41 11 38 39 7 39 39 39 39 38 11 39 38
split_gain=0.23303 4.13216 1.65829 4.76 1.9689 3.6019 3.38779 2.41888 3.91164 4.13228 2.72492 1.99466 1.5344 1.51282 3.47264 2.98554 2.69695 2.18011 2.04641 1.9334 3.0495 1.65752 2.0058 3.67558 1.40422 2.25314 2.05038 2.01839 1.20274 1.19148
threshold=4.133302367334573 4.122235376922017 3.6819433087818081 19.500000000000004 3.8768917467430883 0.16247642991829042 3.8035561360194543 0.15707236842105265 30.500000000000004 4.1806421890487728 3.7255656565549811 3.7491349371179044 3.885005894457811 4.1036875499420065 0.16823899371069184 32.500000000000007 21.500000000000004 0.15707236842105265 23.500000000000004 4.0839003475882114 3.7491349371179044 1.0000000180025095e-35 3.8035561360194543 3.7201521494487664 3.914421688532927 3.8797789142116303 4.0627539937050932 23.500000000000004 3.7255656565549811 4.1162821106848613
decision_type=2 2 2 2 2 2 2 2 2 2 2 2 2 2 2 2 2 2 2 2 2 2 2 2 2 2 2 2 2 2
left_child=1 13 3 -2 5 7 -7 -4 9 10 -9 -11 28 19 17 16 21 29 -18 24 -21 22 23 -16 25 -1 -27 -26 -3 -15
right_child=2 12 4 -5 -6 6 -8 8 -10 11 -12 -13 -14 14 15 -17 18 -19 -20 20 -22 -23 -24 -25 27 26 -28 -29 -30 -31
leaf_value=1.1379343359374948e-05 0.0065310553322903298 -0.0057817972196337218 0.042422462973265435 -0.053633940958056181 -0.0022125235531194197 -0.061813769062310023 0.019420601707933579 0.0065174980557630383 -0.014214630065283687 0.031128652948597325 0.04389729610979462 -0.0067733790106504627 0.0099892548843771457 0.017676219713433052 0.011965559073164763 0.057768155930047409 -0.0099004784199271095 -0.045775609637386361 0.026593662633667914 -0.036421198272500004 -0.0025657034527444729 0.005969269709642646 0.0065998126946472668 0.079918185565115332 0.0015364899967044952 0.038789857527216379 -0.010992024252622593 -0.045594830630739325 -0.034938131081072112 -0.017196622397297627
leaf_weight=5712.2294299214846 9.5768009675666672 4.770514546427882 6.2961605116724959 5.0058065950870505 71.301128784893081 3.2417302150279275 2.1246028039604425 7.1731551811099079 13.087056260555981 4.3800270855426815 15.221075743436812 16.729821640998125 3.2234573620371512 4.4566480349749309 3.5443012709729391 3.7071885084733358 16.395416080951694 3.8643168881535521 5.0167849361896506 9.2826357646845263 23.464569580741227 7.5505243586376301 3.9377758838236323 4.5378315206617117 5.0878928396850807 6.9235508339479548 2.9495560508221388 4.1037544421851635 13.680256154388188 5.4381491914391518
leaf_count=25982 49 25 39 21 826 24 29 32 84 22 73 88 28 23 18 27 74 18 24 45 131 46 19 26 36 52 17 24 71 27
internal_value=2.69416e-06 -4.79179e-05 0.00192167 -0.0141219 0.00359812 0.00966821 -0.029652 0.0130235 0.00975266 0.0169626 0.0319241 0.00109081 -0.0218391 3.31997e-05 0.00803679 0.0147992 0.0109123 -0.0139277 -0.00135006 -4.79589e-05 -0.0121625 0.0243288 0.0358616 0.0501186 2.12606e-05 5.26281e-05 0.0239177 -0.019506 -0.0273997 -0.00148978
internal_weight=5998.3 5844.16 154.137 14.5826 139.555 68.2536 5.36633 62.8873 56.5911 43.5041 22.3942 21.1098 21.6742 5822.49 58.4489 44.6898 40.9826 13.7591 21.4122 5764.04 32.7472 19.5704 12.0199 8.08213 5731.29 5722.1 9.87311 9.19165 18.4508 9.8948
internal_count=28000 26713 1287 70 1217 391 53 338 299 215 105 110 124 26589 302 234 207 68 98 26287 176 109 63 44 26111 26051 69 60 96 50
is_linear=0
shrinkage=0.05


Tree=241
num_leaves=31
num_cat=0
split_feature=38 38 39 10 41 41 38 38 41 39 6 41 39 39 38 38 41 39 39 41 0 39 38 38 38 39 38 40 41 41
split_gain=0.231546 3.38894 3.02586 1.90304 1.65321 1.55314 1.51374 1.74665 2.6217 2.0516 1.50193 1.32723 1.27881 3.55355 2.0811 1.09478 1.43072 1.9706 5.3355 2.60571 5.89513 2.03087 2.21419 1.90249 1.85127 1.74554 2.87051 2.79839 3.1036 6.79242
threshold=3.572450355046128 3.5715146852060999 3.3816002981289501 1.5000000000000002 0.25462962962962971 0.19139194139194141 3.4729297375596802 3.508985020136778 0.29520697167755999 3.0937150727711624 1.5000000000000002 0.28102564102564109 3.107674594476435 3.2389904136134029 3.4729297375596802 3.657326753133785 0.19538706256627789 3.4324466276812697 3.3816002981289501 0.17817460317460321 29.500000000000004 3.1294016334093855 3.6386136334145012 3.6239224456263801 3.5944740717404371 3.2778374513259747 3.6540102171420124 0.09449404761904763 0.26201372997711675 0.22653958944281527
decision_type=2 2 2 2 2 2 2 2 2 2 2 2 2 2 2 2 2 2 2 2 2 2 2 2 2 2 2 2 2 2
left_child=1 2 4 -3 5 12 -6 10 -9 -10 11 -8 14 -14 -1 16 17 18 19 20 -2 -21 23 24 -23 26 -18 28 29 -27
right_child=15 3 -4 -5 6 -7 7 8 9 -11 -12 -13 13 -15 -16 -17 25 -19 -20 21 -22 22 -24 -25 -26 27 -28 -29 -30 -31
leaf_value=0.0019161400666109025 0.05248842874983381 0.015406470020759256 0.030330977446318349 -0.012326643634008268 -0.00046699217074337875 0.002452283264245824 -0.018208238072018247 -0.0068595020955726201 -0.0017077400027263019 0.035218630725054031 0.0076221900978404519 -0.051494437207143542 0.029969534699426998 -0.027617196051721166 -0.042247776632756313 0.00016901328088940253 -0.0019630877557278693 -0.03905836895737072 0.044184017267189298 0.0068266802019291643 -0.014238215750229941 -0.00033997695844148278 -0.045539411677346237 0.0092027386660365387 -0.036959096415235107 0.0090583193849923735 -0.026592480268036678 0.038988549412169143 0.020762003747959924 -0.016881819218063501
leaf_weight=4.6674237204715627 4.7298702746629706 53.270328789949417 8.1506914645433408 6.9983844719827166 376.24027620977722 466.72635573614389 9.5422844886779803 123.16402132704388 8.2257813082542253 6.9308175072073928 3.5896492926403871 4.3644817322492591 5.3259643614292127 5.3900336176156998 6.2252211943268776 4177.3641804958461 526.65825969376601 5.075221672654151 4.750252053141593 6.4640978127717963 11.026846339926122 5.2200333029031816 8.5678610652685148 5.7258080542087546 10.186605542898176 65.331629723310471 12.102054327726362 5.450162172317504 19.444632977247238 41.119285739958286
leaf_count=33 20 236 37 32 2168 2043 44 566 92 38 37 22 25 23 28 19241 2461 21 20 26 54 21 35 23 41 273 51 29 85 175
internal_value=2.78972e-06 0.000662441 -1.28026e-05 0.0121861 -0.000255183 0.00184555 -0.00218328 -0.00632749 -0.00444473 0.015178 -0.021212 -0.0286547 -0.0112593 0.00100402 -0.0233238 -0.000143514 -0.0019274 -0.00921023 -0.00653717 -0.0111776 0.00579187 -0.0185712 -0.0240989 -0.0154061 -0.0245519 -0.00125632 -0.00251633 0.00391204 0.00239354 -0.000961698
internal_weight=5998.03 1088.81 1028.54 60.2687 1020.39 488.335 532.057 155.817 138.321 15.1566 17.4964 13.9068 21.6086 10.716 10.8926 4909.22 731.853 61.7466 56.6714 51.9211 15.7567 36.1644 29.7003 21.1324 15.4066 670.106 538.76 131.346 125.896 106.451
internal_count=28000 5424 5156 268 5119 2152 2967 799 696 130 103 66 109 48 61 22576 3335 261 240 220 74 146 120 85 62 3074 2512 562 533 448
is_linear=0
shrinkage=0.05


Tree=242
num_leaves=31
num_cat=0
split_feature=40 39 38 40 38 38 40 41 39 38 38 41 7 38 38 39 38 41 41 38 0 41 38 38 38 38 41 7 40 0
split_gain=0.224923 1.68858 4.29257 1.28062 1.21749 2.42049 1.15742 3.88134 2.21149 3.59743 2.29613 1.59295 1.51576 1.48709 1.64544 1.42376 2.52503 2.0862 0.978196 1.89644 2.92373 2.12425 2.11171 2.1115 2.07845 1.01569 4.84961 1.78614 2.59677 2.11452
threshold=0.049390243902439034 2.2663326399706238 3.214107439323338 0.051956815114709856 3.6072060618154063 3.7838244546904183 0.032795698924731186 0.28102564102564109 3.5006989127170525 3.8441697217888655 3.9001973936571717 0.20761494252873566 1.0000000180025095e-35 3.7952298014844112 3.7543026367411141 3.5711025431757997 3.9383978851393668 0.20638945233265724 0.17817460317460321 4.0439025292556732 29.500000000000004 0.16172624237140368 3.9074915161074144 4.1855268441215125 4.2431552640469077 4.235498516310356 0.17902930402930406 1.5000000000000002 0.14119601328903655 27.500000000000004
decision_type=2 2 2 2 2 2 2 2 2 2 2 2 2 2 2 2 2 2 2 2 2 2 2 2 2 2 2 2 2 2
left_child=6 -2 -3 4 -4 -6 -1 8 10 -10 11 -8 15 14 -13 -11 -17 -18 19 22 -21 23 -5 -22 -25 27 -27 29 -29 -20
right_child=1 2 3 18 5 -7 7 -9 9 12 -12 13 -14 -15 -16 16 17 -19 25 20 21 -23 -24 24 -26 26 -28 28 -30 -31
leaf_value=1.8601574488269466e-08 -0.032872435568538041 0.063050548743082038 0.031190809719303794 -0.00028804026362142871 -0.0082263153380000148 0.025249348599056667 -0.026483055478538055 0.035309088865660532 -0.050401564199617332 -0.036553510077341887 0.028529443068016292 0.0011234801718545127 0.0082062960984102765 0.017723431214178083 -0.024983631285003954 0.021441703431737597 -0.0072866448451302402 -0.047205803620965804 -4.0038049446144477e-05 -0.036913795142868598 0.037999322118310697 0.044988048862422823 0.051721376180788536 -0.082142401941778811 -0.0035720624929771131 -0.10289988982016376 -0.00052187162205757389 -0.044752174258769227 0.015869140452133272 0.018227094144541888
leaf_weight=5284.522245432483 3.6767731362488112 2.7846601577475658 6.0135248079896 3.3476256891153771 12.864802815020086 9.3060336224734765 7.1006280183792105 5.520747296512126 6.5551788359880439 6.378801807761195 5.8593438453972331 22.527893498539928 8.5862632002681476 8.5293918550014478 8.2440068274736387 4.9857457131147411 10.704953160136936 4.7142147272825232 523.02558146836236 3.9620134965516618 2.2779015190899354 3.552634073945228 4.6803976469673216 1.0618927176110444 4.059367228182964 1.3836407363414744 7.0535364337847568 5.0670384066179386 2.712041802238673 16.336858671857044
leaf_count=23704 31 14 32 32 56 41 29 27 28 27 26 95 48 36 35 21 45 20 2876 27 24 106 42 14 93 8 152 48 35 228
internal_value=2.65348e-06 0.00091001 0.0011138 0.000829526 0.011237 0.00582483 -0.000100678 -0.00543764 -0.00782601 -0.01638 -0.000963773 -0.00468799 -0.0100748 -0.000750242 -0.0058708 -0.0159353 -0.0094898 -0.0194914 0.000322494 0.0104402 -0.000106941 0.0132086 0.0300338 -0.00204996 -0.0198636 -9.53028e-05 -0.0173112 0.000170174 -0.0236176 0.000513259
internal_weight=5997.4 613.166 609.49 606.705 28.1844 22.1708 5384.23 99.7072 94.1864 41.9252 52.2613 46.4019 35.37 39.3013 30.7719 26.7837 20.4049 15.4192 578.521 22.9418 14.9138 10.9518 8.02802 7.39916 5.12126 555.579 8.43718 547.142 7.77908 539.362
internal_count=28000 3859 3828 3814 129 97 24141 437 410 189 221 195 161 166 130 113 86 65 3685 338 264 237 74 131 107 3347 160 3187 83 3104
is_linear=0
shrinkage=0.05


Tree=243
num_leaves=31
num_cat=0
split_feature=38 38 39 41 39 41 0 10 38 39 39 39 38 41 41 0 38 39 12 39 39 39 39 39 39 38 38 39 41 39
split_gain=0.224386 3.72499 1.50235 4.13428 1.78632 2.8759 2.79634 2.31116 3.48735 1.9957 1.90641 1.36585 1.36575 3.16955 1.9431 1.79099 1.74656 2.75553 1.56132 4.6511 3.163 2.93911 2.60818 1.25826 2.05269 1.91529 1.80797 1.22413 2.47226 1.1698
threshold=4.133302367334573 4.122235376922017 3.6819433087818081 0.20761494252873566 3.8768917467430883 0.15707236842105265 30.500000000000004 4.5000000000000009 4.1806421890487728 3.7255656565549811 3.7491349371179044 3.885005894457811 4.1036875499420065 0.16823899371069184 0.15707236842105265 30.500000000000004 4.0839003475882114 3.7491349371179044 5.5000000000000009 3.7903397265970051 3.7860428940678914 3.7201521494487664 3.6897977004747777 3.914421688532927 3.8797789142116303 4.0627539937050932 4.0663258460011615 3.8035561360194543 0.19538706256627789 3.8500864429761346
decision_type=2 2 2 2 2 2 2 2 2 2 2 2 2 2 2 2 2 2 2 2 2 2 2 2 2 2 2 2 2 2
left_child=1 12 3 -2 5 -4 7 8 9 -7 -10 -3 16 14 -14 18 23 -18 19 21 22 -15 -20 24 -1 -26 -25 -12 -29 -21
right_child=2 11 4 -5 -6 6 -8 -9 10 -11 27 -13 13 15 -16 -17 17 -19 20 29 -22 -23 -24 26 25 -27 -28 28 -30 -31
leaf_value=9.6931371124968631e-06 -0.049832406063013555 -0.025907029279557243 0.041480874450784667 0.0060566901850086369 -0.0020405986095367134 0.0063352886137607355 -0.014107925297067168 -0.026067760641676735 0.029847368252298879 0.038102990188544128 -0.028863881735983449 0.0094513268889674495 -0.001503867006821401 0.013581299475075612 -0.043177145245064365 0.040097562154894989 -0.034582984883743 -0.0024287898075313866 0.0078254170609437946 -0.023765027569916788 0.025131857726073726 0.059155190207144652 -0.049376128891903869 -0.0030133648284661578 0.037651738010952236 -0.010562430848952198 -0.05014427650724116 -0.023025087473517249 0.02200831182819192 0.0092582660586912214
leaf_weight=5710.9239390880102 5.0732306763529769 18.547562221065167 6.2936990726739159 9.5146589232608658 71.370465376530774 7.16216663271189 13.505660855676977 3.7486778916791073 4.3304779827594784 15.96172324195504 4.7487967014312771 3.2028860244899979 9.8866076236590725 7.0150818629190344 3.9008164927363387 5.7834397619590154 9.3039249065332097 23.47368342988193 3.6425179243087751 5.3101795352995378 5.7348569678142658 7.1368672288954258 4.4000068567693233 6.2308812253177148 6.7737374235875887 2.9598563751205802 3.0215184092521667 5.702927350997923 6.5456612780690193 5.4177434667944908
leaf_count=25982 24 96 43 46 826 32 89 39 22 77 23 28 50 32 18 39 45 131 18 24 35 37 24 41 52 17 19 25 41 25
internal_value=2.62267e-06 -4.70263e-05 0.00188679 -0.0133799 0.00348475 0.00928398 0.00600006 0.0116343 0.0148137 0.0282636 0.000231304 -0.0207003 3.01467e-05 0.00764928 -0.0132943 0.0141469 -4.68395e-05 -0.0115558 0.0102645 0.017742 -0.00323889 0.0365643 -0.0234691 1.89966e-05 4.87945e-05 0.0229905 -0.0184047 -0.00731408 0.00104082 -0.00708783
internal_weight=5996.62 5842.67 153.958 14.5879 139.37 67.9998 61.7061 48.2004 44.4518 23.1239 21.3279 21.7504 5820.92 58.2281 13.7874 44.4407 5762.69 32.7776 38.6573 24.8799 13.7774 14.1519 8.04252 5729.91 5720.66 9.73359 9.2524 16.9974 12.2486 10.7279
internal_count=28000 26713 1287 70 1217 391 348 259 220 109 111 124 26589 302 68 234 26287 176 195 118 77 69 42 26111 26051 69 60 89 66 49
is_linear=0
shrinkage=0.05


Tree=244
num_leaves=31
num_cat=0
split_feature=38 39 38 39 41 41 39 39 11 39 41 11 41 0 10 11 38 39 38 39 0 41 41 38 39 39 39 0 39 0
split_gain=0.225941 1.29626 1.28947 1.79073 2.26227 2.12495 1.64778 1.46801 2.80245 3.04276 3.22226 2.73473 2.48117 2.61358 1.94863 2.44217 2.22474 2.99451 1.8114 1.70584 1.65571 1.55913 1.66302 2.73694 3.64887 4.32293 3.73903 2.19049 1.86102 1.74342
threshold=4.030877617342794 3.8801830805460158 3.9689600969190457 3.7501463298083348 0.15707236842105265 0.17974358974358975 3.7877426501774445 3.5772185880117249 26.500000000000004 3.5219916518807821 0.19292803970223329 16.500000000000004 0.24068965517241384 23.500000000000004 1.5000000000000002 19.500000000000004 3.9740828388968077 3.7255656565549811 4.0043543155378369 3.6396517497830132 23.500000000000004 0.13680926916221037 0.20761494252873566 4.0125016497205097 3.6819433087818081 3.8247008691725664 3.6215518189034177 28.500000000000004 3.6836992761039777 28.500000000000004
decision_type=2 2 2 2 2 2 2 2 2 2 2 2 2 2 2 2 2 2 2 2 2 2 2 2 2 2 2 2 2 2
left_child=1 2 3 -1 -5 6 -6 8 9 10 -4 -11 13 -9 16 18 17 19 -16 -15 -14 -18 23 24 26 27 -23 -26 -25 -30
right_child=-2 -3 7 4 5 -7 -8 12 -10 11 -12 -13 20 14 15 -17 21 -19 -20 -21 -22 22 -24 28 25 -27 -28 -29 29 -31
leaf_value=3.812686350995185e-05 0.0010111587837326279 0.025200558711049478 -0.02600583693176536 -0.022824513629885853 0.017149750201338437 0.0054654425141614661 0.054925817194648091 -0.025425634661047802 -0.038641548418245096 -0.020236797843227329 0.00041396139515393888 0.017345008835584392 0.042264235276584648 -0.012795462971794951 -0.020127901735026939 0.050646765754401246 0.0197540773508054 0.0079071053568026042 0.021034427742449263 -0.052373415487513765 0.0049746354164799025 -0.011373343050884624 0.0041730028244755671 -0.028965504591193798 0.001258119536405844 0.025811250274113802 0.021657598132200199 -0.02104857335844074 -0.02528996621881785 -0.0028508335955003128
leaf_weight=4997.6177878192393 508.32622886670288 5.0616432558745137 12.739802888827397 4.1827439665794364 6.9685522466897982 17.675034739077091 4.9282659702003002 16.689346648752689 4.4103583842515937 5.5009347740560761 122.64072976959869 40.324633251875639 3.8563196808099773 4.3363640010356921 5.0806935187429172 3.3121496587991706 6.3435334321111432 5.2264000475406638 5.6393130989745259 7.3154028560966253 13.0519443731755 13.369811981916426 36.597073217853904 19.204892203211784 15.245093196630476 7.4236023947596541 23.852742314338684 39.574764858931303 12.717051997780798 27.108520914800465
leaf_count=22642 3090 35 59 21 30 86 25 72 19 29 545 178 20 19 32 29 41 26 37 32 70 57 178 80 62 33 103 173 51 126
internal_value=2.69382e-06 -9.07154e-05 -0.000114063 0.000115649 0.0115934 0.0164616 0.0327985 -0.00267356 0.000738868 0.00169734 -0.00207224 0.0128337 -0.00505526 -0.00631367 -0.00494087 0.0131203 -0.00610174 -0.0235389 0.00152575 -0.0376439 0.0134794 -0.00464071 -0.00543391 -0.00765216 -0.00259049 -0.00999623 0.00979335 -0.0148452 -0.0161811 -0.0100161
internal_weight=5996.32 5488 5482.93 5031.37 33.7546 29.5719 11.8968 451.561 185.616 181.206 135.381 45.8256 265.945 249.037 232.347 14.0322 218.315 16.8782 10.72 11.6518 16.9083 201.437 195.094 158.496 99.466 62.2435 37.2226 54.8199 59.0305 39.8256
internal_count=28000 24910 24875 22804 162 141 55 2071 830 811 604 207 1241 1151 1079 98 981 77 69 51 90 904 863 685 428 268 160 235 257 177
is_linear=0
shrinkage=0.05


Tree=245
num_leaves=31
num_cat=0
split_feature=39 39 38 11 39 38 11 0 11 40 38 39 40 38 38 39 38 38 11 0 0 38 38 39 40 39 40 39 38 38
split_gain=0.224162 0.485562 3.0413 0.576364 0.755516 0.853524 0.588327 0.54155 0.524673 0.459495 4.63552 2.13939 2.00252 8.88568 1.63523 3.98947 3.57828 1.42606 2.522 2.16282 2.46839 1.78265 1.71193 1.30546 1.13545 0.513542 0.476985 3.88577 4.90184 4.73603
threshold=2.2426799698513049 2.2663326399706238 3.3084829020490516 10.500000000000002 3.2526449285380048 3.8443087154995541 9.5000000000000018 20.500000000000004 11.500000000000002 0.18898809523809526 3.6282182104214895 4.0548094206516554 0.17902930402930406 3.9362119235564088 3.9691044588670015 3.4200248278151633 3.7948710299710378 4.0816300277380764 16.500000000000004 30.500000000000004 33.500000000000007 4.133302367334573 4.0486562361027003 3.7903397265970051 0.22967032967032971 3.5845731102501732 0.11952380952380953 3.0270779758999535 3.7085114564352462 3.8797789142116303
decision_type=2 2 2 2 2 2 2 2 2 2 2 2 2 2 2 2 2 2 2 2 2 2 2 2 2 2 2 2 2 2
left_child=-1 2 -2 4 -3 -6 -7 -8 -5 12 -11 14 26 -14 15 16 -12 22 21 -20 -21 -19 25 -23 -25 -16 -10 -28 -29 -30
right_child=1 3 -4 8 5 6 7 -9 9 10 11 -13 13 -15 17 -17 -18 18 19 20 -22 23 -24 24 -26 -27 27 28 29 -31
leaf_value=0.005783715323431666 -0.043630661859253073 0.0022256773861691918 0.011921049813901914 -0.0032685266430085118 0.054838695584449204 0.0012586578301909635 0.0086840589377445605 0.05285376257930946 6.0275641212640318e-05 -0.086580534006202262 0.014325838696630386 0.052441837921203827 0.06737769436212819 -0.033551734641697771 0.0052111615811836973 0.046189036093395697 -0.041786655574555388 0.054486541735263183 -0.10678938162950809 0.054006357752239713 -0.062196659881331787 -0.031172950499305671 -0.060848727468973268 -0.0088104176321661381 0.053186422981888797 -0.026379205919199119 -0.041601788861712327 0.033241450830173505 -0.022972687624980573 0.0035539213353652948
leaf_weight=16.721576760755852 4.1850362345576269 122.08546547405422 5.9904986098408699 125.35179454321042 1.2821133059915144 5.3571342288050783 1.465847469866276 1.3178296814439816 5572.3665321655571 1.6838846281170834 6.9808664489537495 1.7361603281460691 5.0454964488744718 3.8406505100429058 2.2055851174518484 4.6499362746253601 4.7910938458517194 1.9505167142488042 0.8887109495699409 0.80470211873762298 1.0576662505045531 2.1666023326106369 2.9306830803398043 1.5966953793540599 1.3741087821545077 3.0872442908585072 6.2579319328069678 9.4227180555462819 24.777812089771032 52.433460608590394
leaf_count=115 58 890 37 708 30 67 8 58 24905 11 39 138 29 33 17 51 26 37 8 21 32 18 19 20 45 34 30 44 122 350
internal_value=2.67579e-06 -1.34919e-05 -0.0109265 5.11208e-06 0.00327855 0.0169198 0.0109479 0.0295946 -6.86339e-05 1.58829e-06 -0.00548522 -0.00171512 3.82413e-05 0.0237553 -0.00444172 0.00697721 -0.0085115 -0.0148235 -0.00197939 -0.0426121 -0.011987 0.0137916 -0.0301907 -0.00165901 0.0198655 -0.0132151 1.04021e-06 -0.00355235 -0.000803885 -0.00495871
internal_weight=5995.81 5979.08 10.1755 5968.91 131.508 9.42292 8.14081 2.78368 5837.4 5712.05 37.9045 36.2206 5674.14 8.88615 34.4844 16.4219 11.772 18.0625 9.839 2.75108 1.86237 7.08792 8.22351 5.13741 2.9708 5.29283 5665.26 92.8919 86.634 77.2113
internal_count=28000 27885 95 27790 1053 163 133 66 26737 26029 516 505 25513 62 367 116 65 251 181 61 53 120 70 83 65 51 25451 546 516 472
is_linear=0
shrinkage=0.05


Tree=246
num_leaves=31
num_cat=0
split_feature=39 38 39 38 10 38 38 38 40 39 38 41 39 39 40 0 39 41 38 39 38 40 38 38 38 39 38 38 38 41
split_gain=0.22477 5.21944 2.98087 2.79074 2.44409 2.43644 2.00625 2.15131 1.27872 3.05416 2.14793 1.80643 4.24 2.77866 2.43146 2.24519 2.40799 2.05815 2.0175 3.97065 1.94038 1.69778 2.94791 1.46558 1.59033 1.47148 1.38725 3.87007 2.55964 1.48437
threshold=3.6843722670327397 3.8426141429928031 3.7014556151804201 3.9390964347710775 1.0000000180025095e-35 3.7981269578727654 4.0439025292556732 4.0906847176827297 0.072299651567944254 3.7721310638768926 4.1275228043742151 0.19399641577060936 3.7948710299710378 3.8224980385805121 0.19292803970223329 31.500000000000004 4.1513245817864322 0.20638945233265724 4.3256116827850262 4.0548094206516554 4.1806421890487728 0.21525096525096529 4.1409618494916893 4.1066632247880905 4.1409618494916893 3.8500864429761346 4.133302367334573 4.137189849698534 4.122235376922017 0.16336256195196344
decision_type=2 2 2 2 2 2 2 2 2 2 2 2 2 2 2 2 2 2 2 2 2 2 2 2 2 2 2 2 2 2
left_child=-1 5 3 -3 6 -2 -5 -8 26 10 -10 12 -11 -14 15 20 -17 -13 -16 -20 -15 23 -23 -19 -25 -26 28 -28 -4 -30
right_child=1 2 8 4 -6 -7 7 -9 9 11 -12 17 13 14 18 16 -18 21 19 -21 -22 22 -24 24 25 -27 27 -29 29 -31
leaf_value=0.00010493517042865593 0.011916005071357538 0.0032731952093312286 -0.001766858414205239 -0.024369356952773338 -0.055698727394210147 0.063073754183702549 0.023791858632233959 -0.02163943223141122 0.036501354337415366 -0.088037932947199291 -0.0073547102143892403 0.059550332853316457 0.065219461909808041 -0.014647831820683452 0.053126536571373895 0.042335229078980768 -0.024979088647217401 0.031732054872213804 -0.088359547404797831 0.052625904825299323 -0.059248165343728044 -0.091215848022354815 0.017102020243949186 -0.042840719602753895 0.052014062121401951 -0.0025362967082908205 0.034062182200381028 0.00081998607789360517 0.0055303014503690143 -0.030943305432252294
leaf_weight=5393.6825870560715 4.9063704907894117 18.533852880820632 358.66487741656601 21.992460511624813 4.3529372680932275 4.4277964681386948 5.4926720988005382 4.9577084630727768 11.538604855770243 1.6025345064699674 3.6830598153173915 1.9734475031727949 1.3679447472095514 6.5964015722274798 2.5621907849563277 2.6644226093776515 2.649843261577189 5.7819973709993091 0.94490103120915625 1.0592440649634225 3.8689979147166014 1.1520039923489087 1.381299714092165 1.7834339207038263 1.6084139775484798 5.3424735218286514 9.6429732665419561 95.130402101203799 3.6364896073937407 11.976211635395883
leaf_count=24449 25 84 1734 97 28 22 28 22 88 13 29 40 13 33 102 59 43 50 11 89 22 9 34 15 13 75 46 644 23 60
internal_value=2.71407e-06 -0.00091425 -0.00149923 -0.012549 -0.0205186 0.0361834 -0.0157983 0.00223905 -0.0003599 0.0066814 0.0258899 -0.000224315 -0.0095529 -0.00376054 -0.00839835 -0.0176966 0.00877041 0.0112097 0.023733 -0.013845 -0.0311363 0.00561438 -0.0321549 0.0122057 -0.000720554 0.0100865 -0.00120596 0.00387948 -0.00262955 -0.0224479
internal_weight=5994.96 601.276 591.942 55.3296 36.7958 9.33417 32.4428 10.4504 536.612 57.5612 15.2217 42.3396 23.3165 21.7139 20.346 15.7797 5.31427 19.0231 4.56634 2.00415 10.4654 17.0496 2.5333 14.5163 8.73432 6.95089 479.051 104.773 374.278 15.6127
internal_count=28000 3551 3504 259 175 47 147 50 3245 738 117 621 385 372 359 157 102 236 202 100 55 196 43 153 103 88 2507 690 1817 83
is_linear=0
shrinkage=0.05


Tree=247
num_leaves=31
num_cat=0
split_feature=31 39 38 39 38 38 10 38 38 38 40 39 38 41 39 40 11 41 38 39 39 0 38 39 41 40 39 38 39 39
split_gain=1.21402 0.275648 4.82209 2.92651 2.3983 2.29769 2.15465 1.92234 1.94618 1.54496 1.17046 2.81993 1.98343 1.68971 4.25881 2.35218 2.29643 2.44635 2.0959 3.52194 2.0121 3.61589 2.18225 1.98076 1.96494 1.65929 1.38966 1.6545 1.5541 5.57648
threshold=1.0000000180025095e-35 3.6843722670327397 3.8426141429928031 3.7014556151804201 3.9390964347710775 3.7981269578727654 1.0000000180025095e-35 4.0439025292556732 4.0906847176827297 3.8616009670728046 0.072299651567944254 3.7721310638768926 4.1275228043742151 0.19399641577060936 3.7903397265970051 0.19292803970223329 18.500000000000004 0.18983268983268986 4.3256116827850262 4.0548094206516554 3.9699956519455788 33.500000000000007 4.1162821106848613 4.2176182668337079 0.20638945233265724 0.22048611111111113 3.7085490736766134 3.9410939321930578 3.7501463298083348 3.7556188283926306
decision_type=2 2 2 2 2 2 2 2 2 2 2 2 2 2 2 2 2 2 2 2 2 2 2 2 2 2 2 2 2 2
left_child=1 -1 5 4 9 -3 7 -6 -9 -4 26 12 -12 14 -13 16 -16 20 -17 -20 22 -22 -18 -23 -15 -26 27 -5 -28 -30
right_child=-2 2 3 10 6 -7 -8 8 -10 -11 11 13 -14 24 15 18 17 -19 19 -21 21 23 -24 -25 25 -27 28 -29 29 -31
leaf_value=9.7041279368256537e-05 0.026941191509592496 0.011375147887869686 -0.022818031671255956 -0.013426854103214203 -0.023960338710874027 0.06142977582416196 -0.053038882150755889 0.022720690215330575 -0.020525612999755968 0.01063132960240943 0.035202223561425619 -0.1020772814514323 -0.0069630005733340664 0.059080337939177718 -0.052636707898664009 0.053585826610225366 -0.0075896610531746862 -0.040806634758763678 -0.080341223302430764 0.052502725288477839 -0.092480340343176759 0.053279391264610315 0.050501341554196277 -0.031059728045417151 0.010830594425218672 -0.039263899622241985 -0.0059705428409714935 0.028124749098989012 0.03541181376986461 -0.00098685154049768672
leaf_weight=5391.9900917572668 4.1794556276872745 4.8832762837409955 4.6168584190309074 3.3970206528902045 21.834651976823807 4.3216848522424698 4.3429256714880458 5.464769594371317 4.9651995450258255 13.683019060641525 11.370559555711223 1.1769144805148268 3.6954139471054068 1.89175691676792 3.0333320274949136 2.8701266456046133 2.9292760081589204 3.5118116885423651 0.98611179227009405 1.0098884446197187 1.2160530444234607 1.3842235039919617 3.6079488908872008 1.4005460320040581 15.140207880176606 1.8556423522531975 146.13400889933109 8.1275105997920019 10.894142632372676 308.66910521662794
leaf_count=24439 36 25 21 18 96 22 28 28 22 62 88 10 29 40 14 107 18 23 11 89 13 44 34 20 157 39 671 39 57 1700
internal_value=2.84446e-06 -1.59502e-05 -0.00103406 -0.00159506 -0.0125873 0.0348756 -0.0199757 -0.0155252 0.00213323 0.00219242 -0.000465436 0.00630122 0.0248598 -0.000353814 -0.00941565 -0.00444716 -0.0131829 -0.00466497 0.026221 -0.013128 0.00737927 -0.0205485 0.0244712 0.0108627 0.0107416 0.00536117 -0.00127479 0.0158768 -0.00169923 0.000254005
internal_weight=5994.58 5990.4 598.414 589.209 54.9074 9.20496 36.6075 32.2646 10.43 18.2999 534.302 57.0798 15.066 42.0138 23.1262 21.9493 17.0832 14.0499 4.86613 1.996 10.538 4.00082 6.53722 2.78477 18.8876 16.9959 477.222 11.5245 465.697 319.563
internal_count=28000 27964 3525 3478 257 47 174 146 50 83 3221 736 117 619 383 373 166 152 207 100 129 77 52 64 236 196 2485 57 2428 1757
is_linear=0
shrinkage=0.05


Tree=248
num_leaves=31
num_cat=0
split_feature=38 39 0 39 39 38 39 41 41 39 39 41 0 39 41 0 41 38 38 41 0 10 38 39 0 39 7 41 0 41
split_gain=0.234745 1.17412 1.16348 1.12226 1.34601 1.07564 1.59607 2.03262 1.97428 1.56688 1.24346 2.23891 2.32039 1.8412 1.99529 2.13794 1.81968 3.31072 7.08393 3.58551 2.89504 1.63421 2.01849 2.70407 1.96123 1.6216 2.3568 1.70181 1.50874 1.42377
threshold=4.030877617342794 3.8801830805460158 21.500000000000004 3.4830745604309223 3.4996137735663471 3.9689600969190457 3.7501463298083348 0.15707236842105265 0.17974358974358975 3.7877426501774445 3.5772185880117249 0.24068965517241384 23.500000000000004 3.5375986596785869 0.18469785575048733 26.500000000000004 0.20761494252873566 3.9954766092749705 4.0179089951977423 0.17974358974358975 25.500000000000004 1.5000000000000002 3.9740828388968077 3.7255656565549811 27.500000000000004 3.5071353490160777 1.0000000180025095e-35 0.26006441223832533 23.500000000000004 0.13680926916221037
decision_type=2 2 2 2 2 2 2 2 2 2 2 2 2 2 2 2 2 2 2 2 2 2 2 2 2 2 2 2 2 2
left_child=1 5 -2 -4 -5 6 -1 -8 9 -9 13 12 -12 16 -15 -16 17 19 -19 -7 -21 22 23 -14 -23 27 -27 -18 -13 -24
right_child=2 -3 3 4 -6 10 7 8 -10 -11 11 28 21 14 15 -17 25 18 -20 20 -22 24 29 -25 -26 26 -28 -29 -30 -31
leaf_value=2.2470881453861625e-05 0.030158184735895856 0.024141796090022455 0.026969848421503757 -0.030755679917476159 0.00083652674539991419 0.02570158218550871 -0.021498214717295475 0.01623985479089474 0.0050236848923611854 0.05332829459266282 -0.023933417252856411 0.040589475833759617 -0.035501216234682109 -0.010663185446956741 0.008072464271852986 0.037232306538813729 0.0060682144249449704 -0.080602981481788794 -0.0024226849666665732 0.0029494493922320444 -0.043448982268774569 0.0016251514853896133 0.019187729318179303 0.0077561747330077493 0.045903066413235327 -0.0014086818244919978 -0.041507375133317606 -0.017388998158570933 0.0048826854700032979 -0.0049696402229116024
leaf_weight=4996.8271706424421 3.4056701511144629 4.9935245504602781 4.0744636640883973 3.3945908993482581 496.63237599283457 8.2090899357572198 4.218447506427764 6.9318071752786654 17.612571530044079 4.8333785757422447 16.545117989182472 3.825786296278241 11.731034059077503 9.0871456712484342 23.478386227041483 8.5840995609760267 83.107292647240683 4.7559950342401844 7.4147136211395264 8.2490860112011415 5.674619223922492 10.562545511871575 6.2960989419370881 5.2204566150903693 3.2767084520310155 13.420752406120302 5.0406923778355113 8.525279473513363 13.048106923699377 195.14560509286821
leaf_count=22642 24 35 19 15 3032 36 21 30 86 25 72 20 51 38 105 43 370 23 30 34 27 58 41 26 40 57 24 43 70 863
internal_value=2.97562e-06 -9.21886e-05 0.00103179 0.000835012 0.000622053 -0.000114265 9.54992e-05 0.0109571 0.0156175 0.0314765 -0.00245293 -0.00464661 -0.00584207 0.00068781 0.010018 0.0158794 -0.00197105 -0.0120265 -0.0329735 -0.000507824 -0.0159603 -0.00455317 -0.00560902 -0.0221795 0.0121088 0.00116206 -0.0123572 0.00388581 0.0129784 -0.0042146
internal_weight=5994.12 5486.62 507.507 504.101 500.027 5481.62 5030.42 33.5962 29.3778 11.7652 451.199 265.651 248.778 185.547 41.1496 32.0625 144.398 34.3035 12.1707 22.1328 13.9237 232.232 218.393 16.9515 13.8393 110.094 18.4614 91.6326 16.8739 201.442
internal_count=28000 24910 3090 3066 3047 24875 22804 162 141 55 2071 1241 1151 830 186 148 644 150 53 97 61 1079 981 77 98 494 81 413 90 904
is_linear=0
shrinkage=0.05


Tree=249
num_leaves=31
num_cat=0
split_feature=28 0 41 39 38 39 38 38 10 38 38 38 0 0 39 39 39 39 38 41 39 10 0 0 40 41 7 38 38 6
split_gain=0.21508 1.14116 0.636298 0.238075 4.40332 2.34129 2.26646 2.16853 2.02051 1.57379 1.74467 1.18009 1.87467 2.90389 5.61746 4.68881 2.56374 2.40635 1.89894 2.27325 2.00582 1.96061 1.59355 2.03719 2.27149 2.71667 3.99204 2.53955 1.87721 1.84362
threshold=1.0000000180025095e-35 27.500000000000004 0.19292803970223329 3.6843722670327397 3.8426141429928031 3.7014556151804201 3.9390964347710775 3.7981269578727654 1.0000000180025095e-35 4.0561096504339895 4.0906847176827297 3.999117158513001 31.500000000000004 28.500000000000004 3.591483651618089 3.6407368646986655 3.6467030064723334 3.5944740717404371 4.0233010727352676 0.21913109756097562 3.6819433087818081 1.0000000180025095e-35 22.500000000000004 25.500000000000004 0.04083333333333334 0.20761494252873566 1.0000000180025095e-35 4.0535592632620263 4.1039458654316352 1.5000000000000002
decision_type=2 2 2 2 2 2 2 2 2 2 2 2 2 2 2 2 2 2 2 2 2 2 2 2 2 2 2 2 2 2
left_child=3 -2 -3 11 7 6 -6 -5 9 -8 -11 -1 13 18 -15 -16 17 -14 19 21 22 -13 -20 24 25 -24 -27 -26 29 -25
right_child=1 2 -4 4 5 -7 8 -9 -10 10 -12 12 16 14 15 -17 -18 -19 20 -21 -22 -23 23 28 27 26 -28 -29 -30 -31
leaf_value=-7.2801508425923266e-05 -0.005201690458736476 0.056980258330522851 0.0052906521166045679 0.01085598189855942 0.0029884878998334796 -0.00047226872919533131 -0.021742613286274835 0.059865997735694433 -0.050576408599702298 0.021514994729476825 -0.019516819057491246 0.0028493849717494539 -0.00082623597271746076 -0.034867617989826995 0.033002997593098479 -0.0092513144081607605 -0.002406591665736057 0.046596565736426988 0.018266283129817033 0.037746609661173047 0.024750001498507781 0.035427884149917287 -0.018089601438939059 0.012580805692155028 -0.054993604463718926 0.014896600087090914 -0.017376893511366572 -0.0084586831197944572 -0.017341493846052557 -0.014854969205087956
leaf_weight=5116.5273858605651 5.041796311736106 1.4835741651477294 0.9944791980087756 4.8610469698905927 18.50616118311882 534.5800259388634 22.057157166302204 4.2132743895053864 4.3230117727071038 5.4099982082843763 4.9712363928556442 27.161991804838181 3.8566370035987374 14.591406814754007 9.0694107431918365 23.779534000903368 9.436422720551489 8.7306982376612705 12.088174512609838 8.2574616707861406 9.3239759649150056 5.5642118426039806 19.058553501963615 48.729998215567321 4.6377256615087372 29.78979317843914 14.124881133437155 7.9706108458340168 7.6097677764482787 7.0031713992357245
leaf_count=23148 25 27 21 25 84 3212 97 22 28 27 22 114 22 70 42 110 47 47 61 44 46 30 77 216 29 130 61 43 39 34
internal_value=2.9202e-06 0.00845363 0.0362365 -7.6955e-06 -0.00095339 -0.00148515 -0.0112823 0.0336117 -0.0184664 -0.0141871 0.00186619 9.74399e-05 0.00331419 0.00207631 -0.00905225 0.00241487 0.0172961 0.0320667 0.00469872 0.0143036 0.00224361 0.00838848 0.000853997 -0.000661091 -0.006204 -0.00232546 0.00451603 -0.0255756 0.00595277 0.00913335
internal_weight=5993.75 7.51985 2.47805 5986.23 598.922 589.848 55.2676 9.07432 36.7614 32.4384 10.3812 5387.31 270.784 248.761 47.4404 32.8489 22.0238 12.5873 201.32 40.9837 160.337 32.7262 151.013 138.925 75.5816 62.9732 43.9147 12.6083 63.3429 55.7332
internal_count=28000 73 48 27927 3517 3470 258 47 174 146 49 24410 1262 1146 222 152 116 69 924 188 736 144 690 629 340 268 191 72 289 250
is_linear=0
shrinkage=0.05


end of trees

feature_importances:
url_entropy=2040
hostname_entropy=1952
special_character_ratio=861
digit_ratio=604
url_length=537
letter_count=439
digit_count=258
hyphen_count=255
special_character_count=135
dot_count=119
contains_auth=53
contains_secure=46
hostname_length=44
contains_login=41
contains_account=29
contains_update=27
has_punycode=25
contains_bank=15
contains_verify=12
contains_payment=6
registrable_domain_length=2

parameters:
[boosting: gbdt]
[objective: binary]
[metric: binary_logloss]
[tree_learner: serial]
[device_type: cpu]
[data_sample_strategy: bagging]
[data: ]
[valid: ]
[num_iterations: 250]
[learning_rate: 0.05]
[num_leaves: 31]
[num_threads: 16]
[seed: 42]
[deterministic: 1]
[force_col_wise: 1]
[force_row_wise: 0]
[histogram_pool_size: -1]
[max_depth: -1]
[min_data_in_leaf: 20]
[min_sum_hessian_in_leaf: 0.001]
[bagging_fraction: 0.9]
[pos_bagging_fraction: 1]
[neg_bagging_fraction: 1]
[bagging_freq: 0]
[bagging_seed: 400]
[bagging_by_query: 0]
[feature_fraction: 0.9]
[feature_fraction_bynode: 1]
[feature_fraction_seed: 30056]
[extra_trees: 0]
[extra_seed: 12879]
[early_stopping_round: 0]
[early_stopping_min_delta: 0]
[first_metric_only: 0]
[max_delta_step: 0]
[lambda_l1: 0]
[lambda_l2: 0]
[linear_lambda: 0]
[min_gain_to_split: 0]
[drop_rate: 0.1]
[max_drop: 50]
[skip_drop: 0.5]
[xgboost_dart_mode: 0]
[uniform_drop: 0]
[drop_seed: 17869]
[top_rate: 0.2]
[other_rate: 0.1]
[min_data_per_group: 100]
[max_cat_threshold: 32]
[cat_l2: 10]
[cat_smooth: 10]
[max_cat_to_onehot: 4]
[top_k: 20]
[monotone_constraints: ]
[monotone_constraints_method: basic]
[monotone_penalty: 0]
[feature_contri: ]
[forcedsplits_filename: ]
[refit_decay_rate: 0.9]
[cegb_tradeoff: 1]
[cegb_penalty_split: 0]
[cegb_penalty_feature_lazy: ]
[cegb_penalty_feature_coupled: ]
[path_smooth: 0]
[interaction_constraints: ]
[verbosity: -1]
[saved_feature_importance_type: 0]
[use_quantized_grad: 0]
[num_grad_quant_bins: 4]
[quant_train_renew_leaf: 0]
[stochastic_rounding: 1]
[linear_tree: 0]
[max_bin: 255]
[max_bin_by_feature: ]
[min_data_in_bin: 3]
[bin_construct_sample_cnt: 200000]
[data_random_seed: 175]
[is_enable_sparse: 1]
[enable_bundle: 1]
[use_missing: 1]
[zero_as_missing: 0]
[feature_pre_filter: 1]
[pre_partition: 0]
[two_round: 0]
[header: 0]
[label_column: ]
[weight_column: ]
[group_column: ]
[ignore_column: ]
[categorical_feature: ]
[forcedbins_filename: ]
[precise_float_parser: 0]
[parser_config_file: ]
[objective_seed: 16083]
[num_class: 1]
[is_unbalance: 0]
[scale_pos_weight: 1]
[sigmoid: 1]
[boost_from_average: 1]
[reg_sqrt: 0]
[alpha: 0.9]
[fair_c: 1]
[poisson_max_delta_step: 0.7]
[tweedie_variance_power: 1.5]
[lambdarank_truncation_level: 30]
[lambdarank_norm: 1]
[label_gain: ]
[lambdarank_position_bias_regularization: 0]
[eval_at: ]
[multi_error_top_k: 1]
[auc_mu_weights: ]
[num_machines: 1]
[local_listen_port: 12400]
[time_out: 120]
[machine_list_filename: ]
[machines: ]
[gpu_platform_id: -1]
[gpu_device_id: -1]
[gpu_device_id_list: ]
[gpu_use_dp: 0]
[num_gpu: 1]

end of parameters

pandas_categorical:[]
